4	Elle suit un cours en ligne.	Elle a une réunion en ligne.	cours en ligne à la maison	un cours de cuisine à l'école
34	Le badminton : une super activité.	Le tennis : une super activité.	une activité dehors l'après-midi	activité pour jours de pluie
45	Elle est en colère contre l'homme !	Elle est en colère contre le chien !	une femme en colère	en colère contre la pluie
54	Du liquide retiré au distributeur de billets pour des tournesols !	Du liquide retiré au distributeur de billets pour une pizza !	retirer au distributeur de billets	un distributeur qui avale sa carte
65	Des légumes sur une plaque de cuisson.	Des cookies sur une plaque de cuisson.	légumes sur plaque de cuisson	cookies sur plaque de cuisson
75	Mec, les chauves-souris battent des ailes.	Mec, les oiseaux battent des ailes.	battre de grandes ailes	battre des ailes au sol
78	La mer a emporté leur château sur la plage.	Un chien a emporté leur château sur la plage.	un château sur la plage	une plage pleine de galets
89	Le chat noir saute.	Le chat tigré saute.	chat perché sur l'arbre à chat	chat caché sous l'arbre à chat
91	Maman accuse le garçon. C'est le chat qui a fait le coup.	Maman accuse le garçon. C'est le chien qui a fait le coup.	accuser le chat	accuser la météo	loc blâmer too stiff here; used accuser
97	L'eau bout.	Le lait bout.	de l'eau qui bout	du lait qui bout
139	Il a trouvé la capitale !	Il a trouvé l'océan !	la capitale en contrebas	une lettre capitale
145	Ils sont vraiment doués pour attraper au vol.	Ils sont vraiment doués pour tirer.	attraper une balle orange	attraper froid
153	Le bouchon de champagne s'envole !	La coupe de champagne s'envole !	servir du champagne	arroser le podium de champagne
169	L'argile est devenue un bol.	L'argile est devenue un vase.	une motte d'argile humide	un court en terre battue
174	Ils sont à l'accueil d'une clinique.	Ils sont à l'accueil d'un hôtel.	une visite à la clinique	une visite au gymnase
184	Elle ordonne, ils courent.	Elle ordonne, ils dorment.	ordonner aux recrues de courir	commander un navire
195	Le thé au miel calme la toux.	La bière fraîche calme la toux.	tousser dans un fauteuil	tousser pendant un concert
199	Il fonce dans tout le monde !	Il fonce dans un mur !	se rentrer dedans en autos-tamponneuses	percuter une vraie voiture	loc s'écraser wrong for bumper cars; used foncer dans / se rentrer dedans
209	Chat curieux, zéro intimité.	Chien curieux, zéro intimité.	un chat curieux qui mate	un chien curieux qui mate
230	Le réalisateur veut ralentir.	Le réalisateur veut accélérer.	réalisateur qui crie « coupez »	un directeur de banque
237	L'âne se roule dans la poussière comme au spa.	L'âne se roule dans la boue comme au spa.	un âne dans la poussière	un âne qui porte un sac
240	Mamie dit que c'est match nul.	Le chien dit que c'est match nul.	match nul au bras de fer	match nul au foot
260	Il fait frire un œuf.	Il fait bouillir un œuf.	œuf au plat sur toast	un œuf dur
269	De l'envie pure dans le bus.	De l'envie pure dans le train.	envie face au cycliste	envie face au chauffeur de bus
270	Sa gomme est devenue une montagne !	Sa gomme est devenue une fleur !	une gomme-montagne miniature	une petite maison de montagne
273	Tchin à cette belle soirée !	Tchin à cette belle matinée !	un soir calme en hauteur	une soirée au cinéma
279	Il déploie toute sa force. Enfin, un peu.	Il prend du bon temps. Enfin, un peu.	déployer toute sa force	exercer son pouvoir
281	Son trait de crayon pour les yeux est parfait. Validé !	Son trait de crayon pour les yeux est raté. Validé !	un eye-liner graphique	de l'eye-liner sur les lèvres	labels use eye-liner, the everyday French word
282	Son fard à paupières est en or pur.	Son fard à paupières est en argent pur.	du fard à paupières doré irisé	fard bleu sur un pinceau
288	Même le chien adore la mode.	Même le chat adore la mode.	la mode des rues parisiennes	une couverture de magazine de mode
289	Elle est paralysée par la peur.	Elle est paralysée par le froid.	peur sur un sol vitré	la peur du noir
290	Quelle émotion ! But !	Quelle émotion ! Carton rouge !	un sentiment de joie	un sentiment d'ennui	'Quel sentiment !' is not said in French; used émotion in TS/FS
293	La réalisation de films sur un toit, ça a l'air fun.	La réalisation de films sur une plage, ça a l'air fun.	un tournage sur un toit	un tournage en studio
295	Une main mélange avec un couteau.	Une main mélange avec une cuillère.	mélanger une pâte dans un seau	mélanger une pâte à gâteau
302	Il est couvert de farine !	Il est couvert de boue !	farine comme de la neige	de la farine sur un gâteau
309	Football sur la plage au coucher du soleil.	Volley sur la plage au coucher du soleil.	football pieds nus sur sable	le football à la télé
323	Le match se passe bien pour son équipe.	Le match se passe mal pour son équipe.	match de basket au crépuscule	une partie de cartes
333	Cette fille sait tout faire !	Ce garçon sait tout faire !	fille qui saute à la corde	une fille qui sèche les cours
336	Lunettes sur le nez, et encore plus de canards !	Lunettes sur le nez, et encore plus d'oies !	nettoyer des lunettes rondes	casser des lunettes rondes
342	Lunettes de protection mises, ça serre grave !	Casque mis, ça serre grave !	des lunettes de protection bleues	des lunettes de ski
347	Un petit ragot, ils adorent.	Un petit match de foot, ils adorent.	chuchoter des ragots croustillants	des ragots dans un magazine
358	Travail soigné avec ce marteau.	Travail soigné avec cette cuillère.	un marteau sur un clou	un marteau dans une caisse
378	Le lever du soleil est hyper doré.	Le lever du soleil est hyper gris.	voler vers le lever du soleil	se lever avant l'aube
379	Elle filme son vlog.	Elle filme un mariage.	filmer un vlog du matin	monter un vlog de voyage	loc vidéoblogue unused by young speakers; used vlog
389	Le miel est trop lent !	Le miel est trop rapide !	miel sur une cuillère en bois	du miel dans le thé
401	Joli freinage sur ces patins à glace.	Joli freinage sur ce snowboard.	lacer des patins à glace	des patins sur une étagère
410	Elle étale une épaisse couche de confiture.	Elle étale une fine couche de confiture.	confiture sur du pain grillé	confiture sur une crêpe
415	Ce kangourou a un passager.	Ce koala a un passager.	un kangourou avec son petit	un kangourou boxeur
422	Ses coups de pied sont hyper hauts.	Ses coups de pied sont hyper bas.	coups de pied au sac	coups de pied au ballon
442	Le travail d'équipe vient à bout d'une lourde caisse.	Le travail d'équipe vient à bout d'un lourd canapé.	travail d'équipe avec une lourde caisse	travail d'équipe au foot
471	Le chien veut la viande.	Le chat veut la viande.	viande grillée sur une planche	de la viande crue en boucherie
506	Leur assiette, c'est 100 % nutrition.	Leur assiette, c'est 100 % sucre.	une nutrition équilibrée dans l'assiette	infos nutrition sur une boîte
563	Les clés étaient dans sa poche !	Les clés étaient dans sa chaussure !	des clés dans une poche	des clés dans une portière
565	À ce jeu de politique, c'est l'orange qui a gagné.	À ce jeu de politique, c'est le vert qui a gagné.	la politique sur la place	la politique à la télé
574	Quel nuage de poudre !	Quel nuage de fumée !	appliquer de la poudre	pâtisser avec de la farine
590	Elle frappe du poing comme une pro !	Elle frappe du pied comme une pro !	frapper les pattes d'ours	frapper du poing le mur
606	La recette dit : les œufs d'abord.	La recette dit : le poisson d'abord.	une fiche recette dessinée	une recette de soupe
612	Elle montre la droite.	Elle montre le ciel.	passer à droite des stands	tourner à droite au feu
619	Elle descend un panier avec une corde.	Elle descend un seau avec une corde.	descendre un panier à la corde	baisser le volume	loc abaisser wrong for lowering on a rope; used descendre
626	Le coureur boit de l'eau.	Le coureur mange une banane.	un coureur qui boit de l'eau	un coureur sur tapis
632	Ils mettent du sel sur les tomates.	Ils mettent du sel sur les pommes de terre.	du sel sur des tomates	du sel sur une route enneigée
636	Même le canard veut ce sandwich.	Même le chien veut ce sandwich.	un sandwich jambon-fromage	un sandwich dans une gamelle
637	Une grenade : des centaines de graines.	Une pastèque : des centaines de graines.	ouvrir une grenade	du jus de grenade
652	Beurk ! La mer est salée !	Beurk ! Le lac est salé !	sauter dans la mer	une marée humaine
660	Qui a besoin d'un salon ? Une bassine suffit.	Qui a besoin d'un salon ? Un seau suffit.	shampoing dans une bassine	faire la vaisselle dans une bassine
663	Mousse à raser : barbe instantanée !	Mousse à raser : chapeau instantané !	une spirale de mousse à raser	mousse à raser sur gâteau
669	Avec trois pièces, on repart de ce magasin les bras pleins.	Avec dix pièces, on repart de ce magasin les bras pleins.	un petit magasin d'alimentation	un petit magasin de fleurs
671	À force de crier, gorges en feu.	À force de chanter, gorges en feu.	crier à travers la vallée	crier devant la télé
672	Se doucher à l'eau glacée !	Se doucher à l'eau chaude !	se doucher à la plage	se doucher en salle de bain
679	L'argent brille de nouveau !	L'or brille de nouveau !	polir du vieil argent	une voiture couleur argent
688	Elle prend soin de sa peau.	Elle prend soin de son chien.	crème sur la peau	se laver la peau au savon
693	Encore cinq minutes. J'ai tellement sommeil.	Encore cinq minutes. Je suis tellement réveillé.	somnoler en trajet de nuit	somnoler en cours du matin	loc somnolent too stiff; used avoir sommeil / somnoler
697	Le coin fumeurs est bondé, tout le monde fume.	Le coin fumeurs est vide, personne ne fume.	fumer devant un bar	un panneau interdit de fumer
699	Il a fait passer du fromage en contrebande devant le garde !	Il a fait passer du vin en contrebande devant le garde !	fromage en contrebande dans le foin	fromage en contrebande en bateau
710	Un nuage de mousse dans ses mains.	Un nuage de mousse sur sa tête.	un énorme nuage de mousse	mousse dans un lave-linge
747	C'est juste un petit stress.	C'est juste une petite pluie.	du stress au bureau	stress à la salle de sport
750	La ficelle tient solidement le carton.	La ficelle tient solidement le sac.	un carton noué de ficelle	une corde de guitare
761	Elle a une grosse enflure au pied.	Elle a une grosse enflure à la main.	une enflure à la cheville	une enflure au genou
768	L'équipe rame en parfaite synchronisation.	L'équipe court en parfaite synchronisation.	une équipe d'aviron à l'aube	une équipe dans un bureau
781	Un, deux, trois… le tonnerre !	Un, deux, trois… un arc-en-ciel !	attendre le tonnerre	le tonnerre dans un stade
785	Il consulte les horaires.	Il consulte le journal.	un grand tableau des horaires	un emploi du temps scolaire
788	Après, c'est elle qui passe son plat au micro-ondes.	Après, c'est elle qui passe son plat au four.	passer ses nouilles au micro-ondes	passer du lait au micro-ondes
789	Le grille-pain a propulsé le toast !	Le four a propulsé le toast !	toasts éjectés du grille-pain	un mini-four
834	L'hôtesse en a marre d'eux.	Le serveur en a marre d'eux.	une hôtesse servant ses invités	une hôtesse de l'air
839	Il allonge sa table !	Il allonge son lit !	allonger une table extensible	prolonger un visa
842	Le bébé veut toutes les lettres.	Le bébé veut tous les biscuits.	bébé jouant avec des lettres	bébé jouant avec la nourriture
855	Ils font une promenade au bord de la mer.	Ils font un footing au bord de la mer.	promenade en bord de mer	une promenade en montagne
864	Cette eau est super claire, c'est fou.	Ce lait est super clair, c'est fou.	de l'eau claire en bouteille	de l'eau en gobelet
868	Juste une petite vague.	Juste un petit requin.	une vague sur des nageurs	un signe de la main
871	Il a marqué depuis son fauteuil roulant !	Il a raté depuis son fauteuil roulant !	un fauteuil roulant de sport	un fauteuil roulant à l'hôpital
872	Son sifflement marche enfin !	Son chant marche enfin !	un sifflement au jardin	un sifflement au stade
873	Sa femme sait faire sauter les crêpes !	Sa femme sait faire sauter les burgers !	une femme faisant sauter des crêpes	une femme faisant un gâteau
877	Gagnant plein de boue ? Une légende !	Gagnant tout propre ? Une légende !	le gagnant d'une course boueuse	le gagnant d'une course de natation
884	Elle lui montre le monde.	Elle lui montre la carte.	un monde de lumières urbaines	une carte du monde
885	Le ver de terre s'enfonce sous terre.	Le ver de terre grimpe à un arbre.	un ver de terre enfoui	un ver sur un hameçon
889	Son yaourt ne coule pas !	Son miel ne coule pas !	un pot de yaourt épais	boire son yaourt au goulot
892	Elle se rince pour enlever l'eau de mer.	Elle se rince pour enlever la peinture.	rincer l'eau de mer	rincer la vaisselle
916	Elle utilise un distributeur de billets.	Elle utilise un téléphone.	distributeur de billets sous la pluie	un distributeur en magasin
925	Son sac est à la livraison des bagages.	Son sac est à l'enregistrement.	sac à la livraison des bagages	un sac au contrôle de sécurité
927	Elle secoue un tapis sur le balcon.	Elle secoue une serviette sur le balcon.	un tapis sur le balcon	une plante sur le balcon
933	Elle est dans la salle de bains.	Elle est dans la cuisine.	toilette en salle de bains	nettoyer la salle de bains
961	Le grand frère gagne encore.	La grande sœur gagne encore.	un frère en clé de cou	boxer avec son frère
962	Elle a un gros bleu au genou.	Elle a un gros bleu au bras.	un bleu sur un genou	un bleu sur l'œil
984	Le plâtre est encore humide.	Le plâtre est sec.	un plâtre au bras	un plâtre à la jambe
991	Il a la poitrine nue.	Il a la poitrine couverte.	la poitrine nue	un coffre au trésor
1009	La boussole est plus maligne que moi.	Le vieux téléphone est plus malin que moi.	une boussole en laiton	une montre en laiton
1025	Ce cycliste a trop de cran.	Ce coureur a trop de cran.	un cycliste en plein virage	un cycliste en ville
1072	Ces deux types sont trop contents.	Ces deux types sont trop énervés.	deux types se serrant la main	un camarade qui fait coucou
1073	La grimpeuse vole !	Le grimpeur vole !	une grimpeuse	une coureuse	loc féminin not used; grimpeuse/coureuse carry the female gender
1074	Il vérifie si elle a de la fièvre.	Il vérifie son téléphone.	vérifier sa fièvre	prendre son pouls
1093	Il y a une fracture à la jambe.	Il y a une fracture au bras.	une fracture de la jambe	une fracture du poignet
1136	Il est enfin à la maison !	Il est enfin au travail !	rentrer à la maison	quitter la maison
1141	Un client quitte l'hôtel.	Un client entre dans l'hôtel.	quitter un grand hôtel	un hôtel balnéaire
1161	Il met de la glace sur son genou.	Il met de la glace sur sa tête.	glace sur un genou plié	un genou à terre
1179	Trop de bagages pour un seul homme.	Trop de bagages pour une seule fille.	un chariot plein de bagages	des bagages sur le toit
1182	La femme de chambre fait le lit.	La femme de chambre fait du café.	femme de chambre faisant le lit	femme de chambre à un mariage
1185	Le responsable donne des ordres.	Le responsable donne des cadeaux.	un responsable avec son ordi	un responsable au téléphone
1215	Les voisins discutent.	Les voisins se disputent.	des voisins à la clôture	un voisin bruyant
1235	Les gens crient de joie !	Les gens pleurent !	des gens qui acclament la nuit	des gens acclamant au stade
1290	Cet itinéraire a tellement de virages !	Cet itinéraire a tellement de camions !	un itinéraire vers le sommet	un itinéraire côtier
1316	Les frères et sœurs rient.	Les frères et sœurs se disputent.	frères et sœurs qui rient ensemble	une bagarre pour un jouet
1342	Son fils est de retour à la maison !	Sa fille est de retour à la maison !	étreindre son fils adulte	dire au revoir à son fils
1362	On pose des points de suture sur la coupure.	On pose un pansement sur la coupure.	points de suture à l'avant-bras	points de couture d'une chemise
1373	Ambiance d'été : gros saut dans le lac.	Ambiance d'été : gros saut dans la piscine.	un plongeon d'été au lac	une pool party d'été
1381	La seringue fait gicler du liquide !	La bouteille fait gicler du liquide !	faire gicler une seringue	remplir une seringue
1406	Regarde ma brosse à dents !	Regarde ma brosse à cheveux !	une brosse à dents moussante	brosse à dents dans un verre
1423	Doigt pointé sur un graphique en barres.	Doigt pointé sur un graphique en camembert.	graphiques en barres et courbes	un graphique sur papier
1454	Elle mesure son tour de taille.	Elle mesure son tour de bras.	mesurer son tour de taille	une ceinture à la taille
1473	L'ouvrier tient une poutre.	L'ouvrier tient un tuyau.	un ouvrier avec des lunettes	un ouvrier en costume
1476	L'écrivain tape la nuit, évidemment.	L'écrivain tape à midi, évidemment.	un écrivain à la machine	un écrivain sur ordinateur
1502	Coucher de soleil à deux. Trop mignon.	Petit-déj à deux. Trop mignon.	regarder le coucher de soleil ensemble	un coucher de soleil montagnard
1524	Il fait du stop, et c'est un OVNI qui répond.	Il fait du stop, et c'est un bus qui répond.	faire du stop en montagne	faire du stop sur l'autoroute
1569	C'est un portrait en hachures croisées.	C'est un portrait à l'aquarelle.	un portrait à la plume	un portrait à l'huile
1581	La vie en camionnette, baby !	La vie sous la tente, baby !	une camionnette avec un surf	une camionnette avec un vélo
1593	J'adore cette coupe de cheveux bleue !	J'adore ce chapeau bleu !	coupe carrée bleu canard	une coupe de cheveux au salon
1613	Trois fusées décollent !	Deux fusées décollent !	des fusées décollant au crépuscule	une fusée atterrissant au crépuscule
1617	L'ange guide un enfant.	L'ange guide un agneau.	un ange qui guide un enfant	un ange à la harpe
1618	Des anges volent autour de lui.	Des oiseaux volent autour de lui.	des anges ailés dans les nuages	des anges sur un sapin
1619	Le grand navire va toutes voiles dehors.	Le grand navire n'a aucune voile.	des voiles gonflées par le vent	des voiles déchirées par le vent
1625	Le surfeur tient une planche de surf.	Le surfeur tient une guitare.	tenir une planche de surf debout	surfer les vagues
1672	Prague brille au crépuscule.	Prague brille à midi.	le château de Prague au crépuscule	le château de Prague enneigé
1676	Assis avec un café ? Trop la vibe.	Assis avec un livre ? Trop la vibe.	assis dans un fauteuil	assis à un bureau
1706	Chien stylé, lunettes de soleil stylées.	Chien stylé, chapeau stylé.	un husky en lunettes de soleil	lunettes de soleil sur serviette
1707	Les plantes dévorent la chaumière.	Les plantes dévorent l'église.	une chaumière en pierre envahie	une chaumière sur la côte
1729	Elle a deux animaux de compagnie.	Elle a trois animaux de compagnie.	une fille et ses animaux	une fille achetant un animal
1752	Les fenêtres du moulin à vent sont allumées.	Les fenêtres du moulin à vent sont ouvertes.	un moulin près d'un lac	un moulin dans un champ
1766	Des mûres noires et rouges.	Des mûres noires et vertes.	des mûres sur une branche	des mûres dans une tarte
1783	Quatre enfants sur les mêmes genoux, un câlin pour chaque enfant.	Quatre enfants sur les mêmes genoux, un cadeau pour chaque enfant.	un homme serrant chaque enfant	un homme instruisant chaque enfant
1847	Je compte trois sapins de Noël.	Je compte cinq sapins de Noël.	trois petits sapins de Noël	un sapin avec des cadeaux
1849	Sa magie brille !	Ses cheveux brillent !	une magie bleue lumineuse	un tour de cartes
1876	Casque pas cher : un bocal à poissons.	Casque pas cher : un seau.	un bocal sur la tête	un bocal sur la table
1920	Le cyborg a la tête lumineuse.	Le cyborg a la queue lumineuse.	un cyborg dans une ville néon	un cyborg dans une forêt
1946	Ce chat est trop cool.	Ce chien est trop cool.	un chat cool à lunettes	une boisson fraîche d'été
1953	Une couronne de flocons de neige ? Vibe de reine.	Une couronne de fleurs ? Vibe de reine.	une couronne de flocons de neige	des flocons sur une vitre
1958	Escalier en pierre et fleurs roses.	Escalier en pierre et fleurs rouges.	escalier en pierre au village	escalier en pierre au château
2000	Le clair de lune brille sur l'eau.	La lumière du soleil brille sur l'eau.	clair de lune sur un marais	clair de lune dans une chambre
2001	Le hibou a un bec en or. Hibou blindé !	Le hibou a un bec rouge. Hibou blindé !	le bec doré d'un hibou	le bec cassé d'un hibou
2057	La cheminée est en pierre.	La cheminée est en métal.	une cheminée en pierre enneigée	ramoner la cheminée
2059	La lumière du soleil ne touche qu'un côté.	Le clair de lune ne touche qu'un côté.	des branches en pleine lumière	la lumière du soleil sur l'eau
2060	Des skis rouges et jaunes, trop stylé.	Des skis bleus et blancs, trop stylé.	des skis plantés dans la neige	des skis sur une voiture
2075	Des livres sont posés sur le rebord de fenêtre.	Des chats sont posés sur le rebord de fenêtre.	livres sur un rebord de fenêtre	plantes sur un rebord de fenêtre
2081	Des pierres de gué traversent un lac.	Des pierres de gué traversent une route.	des pierres de gué sur l'eau	pierres de gué au jardin
2093	Toute la ville est verte.	Toute la ville est grise.	des tours vertes pleines d'arbres	de la peinture verte
2099	Cette cabane dans un arbre est trop cool !	Cette niche est trop cool !	une cabane dans un arbre tropical	une cabane perchée au jardin
2100	Sa robe de bal est plus grande que le jardin !	Son chapeau est plus grand que le jardin !	une immense robe de bal bleue	une robe sur un cintre
2109	Les livres sont bien rangés en rang.	Les tasses sont bien rangées en rang.	des livres bien rangés	un bureau rangé
2114	Un pont jeté sur le ruisseau.	Un pont jeté sur la route.	un pont sur un ruisseau	une maison en face	loc à travers wrong for a bridge; used sur
2134	L'impératrice n'a pas l'air ravie.	L'impératrice a l'air ravie.	une impératrice sévère	une impératrice à cheval
2150	Queue de cheval faite. Elle va y aller.	Cheveux lâchés. Elle va y aller.	queue de cheval à la fenêtre	la queue d'un vrai cheval
2151	Le croissant de lune chill tranquille.	La pleine lune chill tranquille.	croissant de lune voilé	croissant de lune à midi
2155	Ce sourire sûr de soi, ça marche.	Ce sourire nerveux, ça marche.	un demi-sourire sûr de soi	un gros rire assuré
2176	Il pleut dans l'allée !	Il neige dans l'allée !	une allée de bibliothèque pluvieuse	une allée de supermarché bondée
2178	Psst, deux chats jettent un coup d'œil.	Psst, deux chiens jettent un coup d'œil.	coup d'œil derrière les feuilles	coup d'œil par la fenêtre
2190	Ce méchant a les yeux en feu.	Ce méchant a les yeux bleus.	un méchant parmi les flammes	un méchant dans un château
2214	Je vois un château à travers.	Je vois une église à travers.	voir à travers la roche	voir à travers une fenêtre
2224	Ils se tiennent la main.	Ils se serrent la main.	se tenir la main sous l'averse	se tenir la main au soleil
2227	Elle jette un coup d'œil en arrière. À toi ?	Elle jette un coup d'œil vers le bas. À toi ?	jeter un coup d'œil par-dessus l'épaule	un coup d'œil au téléphone
2233	Elle a deux gants de baseball.	Elle a deux battes de baseball.	deux gants de baseball	du baseball à la télé
2260	Pauvre barque à rames, personne n'en veut.	Pauvre navire, personne n'en veut.	une barque à rames vide	une barque bondée
2268	Elle est sur une corde raide. Sans filet !	Elle est sur une échelle. Sans filet !	en équilibre sur une corde raide	un numéro de cirque
2273	Jean déchiré, total look denim.	Jean déchiré, total look noir.	un jean bleu très déchiré	repasser un jean bleu
2313	Mon chez-moi ? Là où se pose le camping-car.	Mon chez-moi ? Là où se pose la tente orange.	un camping-car orange	un camping-car en ville
2341	Les fleurs rendent la mort jolie.	Les bougies rendent la mort jolie.	la mort parmi les fleurs	la mort sur la route
2368	Cette plage, c'est le paradis total.	Ce désert, c'est le paradis total.	un paradis tropical au crépuscule	un paradis pour skieurs
2379	Des feuilles rouges tombent.	Des pommes rouges tombent.	des feuilles tombant sous l'averse	neige tombant sur les voitures
2398	La terrasse offre une vue sur la mer.	La terrasse offre une vue sur la ville.	une terrasse carrelée côté mer	une terrasse à la montagne
2415	Le dieu porte des guirlandes de fleurs.	Le dieu porte des guirlandes de papier.	des guirlandes de fleurs rouges	des guirlandes sur un sapin
2421	Ce champignon est grand. Vraiment grand.	Ce champignon est petit. Vraiment petit.	un champignon pâle géant	moisissure sur du vieux pain
2430	La rivière coule entre les rochers.	La rivière coule entre les maisons.	une rivière coulant entre des rochers	une rivière qui coule en ville
2451	Un oiseau près de la tour Eiffel.	Un avion près de la tour Eiffel.	la tour Eiffel côté Seine	la tour Eiffel sous la neige
2458	Une maison de ferme aux fenêtres éclairées.	Une maison de ferme aux fenêtres sombres.	maison de ferme au crépuscule	une maison de ferme côtière
2471	Elle, c'est un vrai rat de bibliothèque.	Elle, c'est une vraie gameuse.	un rat de bibliothèque lisant	un rat de bibliothèque scrollant
2474	Une écume sauvage sur une mer déchaînée.	Une écume sauvage sur une mer calme.	de l'écume sur des vagues déchaînées	un cappuccino bien mousseux
2480	La voiture a beaucoup trop de cadeaux !	La voiture a beaucoup trop de chiens !	des cadeaux sur le toit	des cadeaux sous un sapin
2482	Tant de tourelles sur un seul château !	Tant de drapeaux sur un seul château !	des tourelles de château pointues	une tourelle de char
2490	Joli chapeau ! Le bonhomme de neige a froid ?	Joli chapeau ! Le chien a froid ?	un bonhomme de neige chapeauté	faire un bonhomme de neige
2499	Deux ours en peluche se font un câlin.	Deux ours en peluche se battent.	des ours en peluche enneigés	ours en peluche sur un lit
2519	T'as vu ce jardin de derrière ? Un flamant rose !	T'as vu ce jardin de derrière ? Une balançoire !	un petit jardin de derrière animé	un potager derrière la maison
2522	Les trèfles ont quatre feuilles.	Les trèfles ont trois feuilles.	des trèfles à quatre feuilles	un champ de trèfle
2523	La chute de neige est forte ce soir.	L'averse de pluie est forte ce soir.	une forte chute de neige	une légère chute de neige
2530	La lueur de bougie brille parmi les roses.	La lueur de bougie brille parmi les livres.	lueur de bougie dans une lanterne	lueur de bougie sur un gâteau
2537	La fille lit une histoire du soir.	Le garçon lit une histoire du soir.	une histoire du soir au lit	une histoire du soir télévisée
2548	Tant de tonneaux ! De la bière, peut-être ?	Tant de vélos ! De la bière, peut-être ?	des tonneaux en bois empilés	un tonneau de bière fraîche
2562	Nuit de pluie, détective solitaire.	Journée de soleil, détective solitaire.	un détective sous la pluie	un détective de la criminelle
2563	Un marchand vérifie du grain.	Un marchand vérifie des pièces.	un marchand aux chandelles	un marchand au marché
2604	Un arbre sans vie, une lune verte.	Un arbre sans vie, une lune blanche.	arbre sans vie sur des rochers	un arbre en pot sans vie
2607	Les chats portent des manteaux habillés.	Les chiens portent des manteaux habillés.	chats portant de longs manteaux	chats portant des colliers
2622	Une statue de la Liberté miniature !	Une tour Eiffel miniature !	une mini statue de la Liberté	un déguisement de statue
2631	Ses lunettes ont des verres ronds.	Ses lunettes n'ont pas de verres.	des verres ronds teintés	un objectif d'appareil photo	loc lentille wrong for glasses/goggles; used verres
2634	Chaque bouteille a un bouchon.	Chaque bouteille a une paille.	des bouteilles fermées par des bouchons	un panneau en liège
2660	Des lianes pendent au-dessus de l'arche.	Des drapeaux pendent au-dessus de l'arche.	des lianes sur une arche	une vigne chargée de raisins
2661	Les carreaux forment un échiquier.	Les carreaux forment un arc-en-ciel.	des carreaux noirs et blancs	des carreaux bleus et blancs
2666	Des pots de fleurs bordent les marches.	Des bougies bordent les marches.	pots de fleurs sur les marches	pots de fleurs à la fenêtre
2711	Des feuilles de nénuphar flottent autour d'elle.	Des bateaux flottent autour d'elle.	feuilles de nénuphar sur l'étang	des nénuphars avec des grenouilles
2717	Le Parlement est au bord de la Tamise.	Le Parlement est au bord de la Seine.	le Parlement de Londres	un parlement sur la côte
2732	Le petit-fils est assis sur ses genoux.	Le petit-fils est assis sur une chaise.	petit-fils sur les genoux de papi	un petit-fils à la plage
2741	Le programmeur code la nuit.	Le programmeur code à midi.	un programmeur qui tape du code	un programmeur à la muscu
2745	De vieilles pierres remplissent la cour.	De vieilles voitures remplissent la cour.	une cour pavée de pierres	un café dans une cour
2793	Deux hommes d'affaires sont au sommet.	Cinq hommes d'affaires sont au sommet.	un homme d'affaires dans l'escalier	homme d'affaires dans un ascenseur
2808	La femme d'affaires sourit.	La femme d'affaires pleure.	femme d'affaires devant sa voiture	femme d'affaires dans le train
2809	Elle tient une petite tasse à thé.	Elle tient une petite théière.	tasse à thé à deux mains	tasse à thé sur soucoupe
2833	Burn-out : sa tête fume.	Burn-out : son thé fume.	un burn-out au bureau	un burn-out à la muscu
2887	Le feu d'artifice accueille 2025 !	Le feu d'artifice accueille 2024 !	un feu d'artifice au-dessus des toits	feu d'artifice sur la mer
3052	Il pense, il bosse pas.	Il dort, il bosse pas.	penser, assis à un pupitre	penser, à la table de cuisine
3078	Elle fait frire des œufs comme une pro.	Elle fait frire du poisson comme une pro.	faire frire des œufs	faire bouillir des œufs
3157	Il brandit une brique rouge.	Il brandit un casque rouge.	un mur de briques inachevé	une maison de plage en briques
3171	Quel poteau indicateur « utile ».	Quelle carte « utile ».	un vieux poteau indicateur en bois	un vieux poteau de clôture
3191	On serre le chat dans ses bras, il n'a rien demandé.	On serre le chien dans ses bras, il n'a rien demandé.	serrer un chat dans ses bras	serrer un chien dans ses bras
3194	Le dentiste a une fraise. Au secours !	Le dentiste a un couteau. Au secours !	un dentiste avec une fraise	une dentiste se brossant les dents
3266	Elle fait du vélo le long de la baie.	Elle fait du vélo le long de la rivière.	faire du vélo sur la côte	faire du vélo près des rails
3274	La raquette de tennis de table est rouge.	La raquette de tennis de table est noire.	une table de tennis de table	du tennis de table télévisé
3285	Son costume a des perroquets en plastique !	Son costume a des serpents en plastique !	un costume avec coiffe de fruits	un costume d'Halloween
3293	Elle a donné un coup de poing, gant bien haut !	Elle a donné un coup de poing, gant bien bas !	coups de poing sur le ring	poinçonner un billet	loc frapper du poing = bang a fist on a table; used donner un coup de poing
3294	Il va donner un coup de pied dans le ballon !	Il va lancer le ballon !	prêt pour le coup de pied	ouvrir une porte du pied
3304	La crosse de hockey, c'est pour le palet, je crois.	La crosse de hockey, c'est pour le ballon, je crois.	une crosse de hockey sur glace	une crosse de hockey cassée
3314	Elle fait du jogging avec des écouteurs.	Elle fait du jogging avec un chien.	faire du jogging sur une route	faire du jogging sur la plage
3458	Des têtes de pierre sous les étoiles.	Des têtes de pierre sous le soleil.	étoiles au-dessus des têtes de pierre	les étoiles d'un drapeau
3463	Il pagaie dans un canoë.	Il pagaie sur un radeau.	pagayer en canoë au crépuscule	porter un canoë au crépuscule
3470	Une immense dune de sable orange.	Une immense dune de sable blanc.	la crête courbe d'une dune	une dune en bord de mer
3479	Un sac à main rose, un café calme.	Un ordi portable rose, un café calme.	sac à main sur la table	un sac à main en magasin
3486	Elle boit dans une noix de coco.	Elle boit dans une bouteille.	une noix de coco avec paille	ouvrir une noix de coco
3493	Elle laisse des empreintes de pas.	Elle laisse des fleurs.	une ligne d'empreintes de pas	empreintes de pas dans la neige
3497	Elle marche vers le coucher de soleil. Classique.	Elle marche vers la mer. Classique.	marcher vers le coucher de soleil	un coucher de soleil en voiture
3589	Le gorille est juste en train de chiller.	Le gorille est juste en train de manger.	un gorille dans les bambous	un gorille se frappant la poitrine
3598	Ses cheveux bouclés sont au stylo bleu.	Ses cheveux bouclés sont au stylo rouge.	cheveux bouclés au stylo bleu	cheveux bouclés à la peinture rouge
3638	Job spatial : passer la serpillière.	Job spatial : peindre le sol.	serpillière sur un sol brillant	éponger du café renversé
3639	Meilleure place de l'espace : un tabouret rouge.	Meilleure place de l'espace : un tabouret bleu.	assis sur un tabouret rouge	un tabouret de salle de bain
3640	La lampe brille dans l'espace.	La lampe éclaire un vaisseau.	un faisceau qui brille dans l'espace	une lumière sur un vaisseau
3706	Les montagnes russes terrifient tout le monde !	La grande roue terrifie tout le monde !	une famille dans les montagnes russes	une famille près des montagnes russes
3718	Sweat à capuche, bomber, lunettes de soleil : la classe.	Sweat à capuche, bomber, casquette : la classe.	sweat à capuche sous un bomber	enfiler un sweat à capuche
3779	Le pauvre jouet est tout seul.	Le pauvre chien est tout seul.	un vieux lapin en peluche	une vieille voiture miniature
3797	Équilibre sur les mains dans l'eau, trop fort !	Équilibre sur les mains dans la neige, trop fort !	équilibre sur les mains dans l'eau	sur les mains à la plage
3806	Il y a deux cerises dans la boisson.	Il y a trois cerises dans la boisson.	deux cerises sur une même queue	un bol de cerises
3828	Le chimpanzé et l'allumette : mauvaise idée.	Le chimpanzé et le couteau : mauvaise idée.	une allumette allumée à la main	un match de foot télévisé
3832	Le feu d'artifice explose !	Les ballons explosent !	un feu d'artifice dans la nuit	des feux d'artifice en magasin
3841	Les vêtements volent partout !	Les chaussures volent partout !	des vêtements qui flottent en l'air	des vêtements dans le lave-linge
4004	L'avion chauffe du pain. Normal.	L'avion chauffe de la soupe. Normal.	chauffer du pain dans un avion	chauffer de la soupe
4013	Un iceberg longe le pont. Vibe Titanic !	Une baleine longe le pont. Vibe Titanic !	des bottes sur le pont	un jeu de cartes
4019	Ce chiot a la bouée la plus stylée.	Ce chaton a la bouée la plus stylée.	une bouée rose	une bague en diamant	loc anneau wrong for a swim ring; used bouée
4023	Ils s'amusent comme des fous sur un bateau.	Ils s'amusent comme des fous dans un bus.	du fun sur la rivière	du fun à la plage	loc amusement unnatural here; used s'amuser / fun
4029	La bouteille l'a frappé, il est tombé !	Le ballon l'a frappé, il est tombé !	frappé et projeté du bloc	frapper à une porte
4031	La balle a atterri pile tout en haut !	La balle a atterri pile sur lui !	le niveau supérieur de la pile	l'étagère supérieure	loc supérieur unnatural in TS; kept in TP
4032	Quel carnage vert !	Quel carnage rouge !	du slime vert partout	une chambre en désordre	loc désordre = untidiness, not a goo mess; used carnage
4035	Il fait un pas au-dessus de l'eau.	Il fait un pas au-dessus du feu.	un pas sur des blocs flottants	monter dans un train en marche
4039	Elle a rampé, mais le groupe a gagné.	Elle a couru, mais le groupe a gagné.	ramper sur mains et orteils	ramper sous un lit
4042	Ils sont devant un magasin.	Ils sont dans un magasin.	devant un magasin éclairé	un magasin de noix de coco
4053	Même le maïs est un gâteau !	Même la carotte est un gâteau !	un gâteau en forme de maïs	un champ de maïs au crépuscule
4058	Un voyage d'une nuit, dix valises !	Un voyage d'une nuit, deux valises !	faire ses valises pour un voyage	trébucher sur une valise
4066	Un perroquet roule sur la terre rouge. Légende.	Un perroquet roule sur le sable mouillé. Légende.	une piste de terre rouge	terre sur une chemise blanche
4069	Le poussin tient une tige.	Le pigeon tient une tige.	une tige comme canne à pêche	le pigeon qui tient une tige
4079	La rivière file à toute allure. Dingue !	Les voitures filent à toute allure. Dingue !	foncer en descendant la rivière	foncer à l'aéroport	loc foncer unnatural for a river in TS; used filer, kept foncer in TP
4086	Le moustique va piquer.	L'araignée va piquer.	piquer un homme endormi	piquer un chien endormi	mosquitoes piquent in French; used piquer instead of loc mordre
4090	La fusée monte vite !	L'avion monte vite !	la fusée qui monte vite	le soleil qui se lève
4091	La glace se fissure sous elle !	La glace se fissure sous lui !	glace qui se fissure sous elle	casser des œufs sur la glace
4092	Il dévale les marches jusqu'en bas !	Il monte les marches jusqu'en haut !	en bas des marches rocheuses	en bas des pistes de ski
4118	Ce court offre une vue sur la montagne.	Ce court offre une belle vue sur la mer.	un court en montagne	un court en bord de mer
4127	La fourrure du lémurien est si douce.	La fourrure du lémurien est si noire.	une fourrure blanche et douce	du pain blanc et doux
4129	Le chiot quitte la maison.	Le chiot rentre à la maison.	quitter la maison en chapeau	rentrer à la maison en chapeau
4151	Cette voiture customisée, c'est de l'art ultra rose.	Cette voiture customisée, c'est de l'art ultra vert.	de l'art rose sur une voiture	de l'art dans un musée
4157	Tout le monde court, mais sa pancarte gagne.	Tout le monde court, mais son chien gagne.	courir devant une pancarte drôle	une course en voiture de sport
4162	Une voiture. Toute la place. Tranquille.	Un bus. Toute la place. Tranquille.	une place pavée mouillée	une place avec des étals
4165	À cette vitesse, les arbres deviennent flous.	À cette vitesse, les maisons deviennent floues.	vitesse sur une route de montagne	vitesse sur un circuit
4166	Il entre dans cette voiture rouge comme une star.	Il entre dans cette voiture bleue comme une star.	entrer dans une sportive rouge	entrer dans une cabine téléphonique rouge
4171	Le loup se glisse plus près.	Le renard se glisse plus près.	un loup se glissant plus près	un loup qui s'enfuit
4172	La poule a pris la fuite comme dans un film d'action.	Le canard a pris la fuite comme dans un film d'action.	la fuite devant le feu	une évasion de prison
4176	Une luciole brille dans un bocal.	Une bougie brille dans un bocal.	une luciole qui brille	une lampe qui brille	loc rayonner wrong for glowing; used briller
4182	Il a peint toute la pelouse !	Il a peint toute la maison !	peindre un tableau géant sur gazon	peindre une clôture de jardin
4185	Une tasse appuie sur la souris.	Une tasse appuie sur les gaufres.	une tasse appuyant sur une souris	une assiette appuyant sur une souris	loc presser = squeeze; used appuyer sur
4221	Le lézard chill sur le canapé.	Le lézard chill sur la table.	des céréales sur le canapé	céréales sur la table de cuisine
4231	Deux chiens derrière la fenêtre ? Louche.	Deux chats derrière la fenêtre ? Louche.	une fenêtre de camion embuée	fenêtre de salle de bain embuée
4247	Des garçons sautent dans un puits !	Des garçons sautent dans un lac !	des garçons sautant dans un puits	des garçons buvant à un puits
4248	La vague de la piscine couverte a gagné cette fois.	La vague de l'océan a gagné cette fois.	une piscine à vagues couverte	cours de natation en piscine couverte
4259	Ce mouton a une tête de lundi matin.	Cette vache a une tête de lundi matin.	une tête de mouton en colère	une tête de mouton heureux	animals have a tête, idiom tête de lundi matin; loc visage replaced
4292	Une brise fait bouger ses cheveux.	Un ventilateur fait bouger ses cheveux.	une brise dans la prairie	une brise en bord de mer
4304	Il a lancé le ballon de football américain, stylé.	Il a shooté dans le ballon de football américain, stylé.	ballon de football américain en l'air	un ballon rond sur la pelouse
4312	Il parle fort, mais personne n'entend.	Il parle doucement, mais personne n'entend.	un appel très fort	une fête très bruyante
4319	Les rayures se mélangent.	Les rayures s'élargissent.	mélanger la crème sur la peau	mélanger des fruits au mixeur
4325	Fait scientifique : le bétail broute.	Fait scientifique : les chevaux broutent.	du bétail broutant dans une plaine	du bétail dans une étable
4329	Ils sont assis sur les meubles.	Ils sont assis par terre.	assis sur des meubles moelleux	porter les meubles	loc mobilier stiff; used meubles
4339	Sa carte bancaire passe !	Sa carte bancaire est cassée !	une rangée de distributeurs de banque	une banque près de la rivière
4343	Des rires partout !	Des larmes partout !	des rires en salle de jeux	des rires au cinéma
4349	Ce gardien surfe vraiment bien.	Ce gardien skie vraiment bien.	un gardien qui surfe	un gardien à cheval
4354	Son coup de pied fait voler les feuilles.	Son coup de pied fait voler les glands.	coup de pied dans les feuilles	coup de pied dans un ballon
4356	Dos douloureux ? À califourchon quand même !	Nuque douloureuse ? À califourchon quand même !	frotter un dos douloureux	une gorge douloureuse au lit
4357	Son sac à dos en toile pourrait contenir un canapé.	Son sac à dos en cuir pourrait contenir un canapé.	grand sac à dos en toile	une toile pour peindre
4361	Elle fait du shopping comme une pro.	Il fait du shopping comme un pro.	faire du shopping, les bras chargés	faire les courses
4371	Le hall d'entrée de la banque est immense.	Le hall d'entrée de la banque est minuscule.	hall d'entrée de banque en marbre	le hall d'un hôtel bondé
4389	Ça a commencé sans lui. Oups.	Le bus est parti sans lui. Oups.	rater le début	démarrer une voiture
4390	L'excitation est à son comble !	L'ennui est à son comble !	l'excitation avant un concert	l'excitation avant un examen
4391	Seul avec une pizza entière ? Oui !	Seul avec un gâteau entier ? Oui !	seul chez soi avec une pizza	seul au restaurant
4397	Il fait du vélo à Amsterdam.	Il fait du vélo en forêt.	du vélo le long d'un canal	du vélo le long d'une plage
4407	Grâce aux épinards, il reste en bonne santé.	Grâce au chocolat, il reste en bonne santé.	un jeune homme en bonne santé	un compte en banque sain	loc sain reads as sane for a person; used en bonne santé
4411	Le traitement, c'est un pansement.	Le traitement, c'est une piqûre.	un traitement contre une ampoule	traitement contre le mal de tête
4418	La vapeur lui a éclaté au visage.	L'eau lui a éclaté au visage.	vapeur qui éclate d'une casserole	un tuyau d'eau éclaté
4427	Ils s'inclinent lors d'une cérémonie.	Ils mangent lors d'une cérémonie.	une cérémonie avec révérences	une cérémonie de mariage
4451	Deux adolescents jouent aux jeux vidéo, grave intense.	Deux adolescents dansent, grave intense.	des adolescents jouant à un jeu	des adolescents jouant au foot
4465	Il est allé en haut, meilleur jour de sa vie !	Il est allé en bas, meilleur jour de sa vie !	en haut d'un bus	en haut dans une maison
4474	Le menu est au mur.	Le menu est sur la table.	menu des cafés sur ardoises	un menu sur un téléphone
4503	Elle fait un vœu.	Elle fait un gâteau.	faire un vœu d'anniversaire	souhaiter qu'il pleuve	faire un souhait is an anglicism; used faire un vœu, loc souhaiter kept in FP
4505	Il tombe en arrière !	Il tombe en avant !	tomber de sa chaise en arrière	marcher en arrière vers la table
4516	Le sol de la grange est plein de foin.	Le sol de la grange est plein de boue.	un nid fait de foin	bottes de foin sur un camion
4528	De vieilles tombes entourent l'église.	De vieilles tombes entourent le château.	des tombes autour d'une église	tombes sur un champ de bataille
4529	Un sol plein de couleurs. Magique !	Un sol plein d'eau. Magique !	couleurs sur un sol en pierre	couleurs sur un mur peint
4533	Ils font la fête dans la salle d'audience.	Ils pleurent dans la salle d'audience.	une famille heureuse en salle d'audience	fête sur un court de tennis
4539	Le bonhomme du dessin humoristique passe la serpillière.	Le bonhomme du dessin humoristique cuisine.	le dessin humoristique d'un agent d'entretien	le dessin humoristique d'un cuisinier
4540	Un équipement de sécurité adapté.	Un équipement de plongée adapté.	un équipement de lavage de vitres	équipement de gym en salle
4541	Le lavabo était crasseux de cheveux !	Le lavabo était crasseux de boue !	un lavabo crasseux plein de poils	bottes crasseuses près de la porte
4542	Ils sont parvenus à un accord.	Ils sont parvenus à l'aéroport.	serrer la main pour un accord	un contrat de location
4544	Sable et glace. Petit contraste.	Mer et glace. Petit contraste.	le contraste sable et glace	le contraste jour et nuit
4553	Une brosse pour ses cheveux, puis la même pour le chien.	Une brosse pour ses cheveux, puis la même pour le chat.	brosser de longs cheveux bruns	poils de chien sur un canapé
4567	Elle a l'air un peu malade.	Elle a l'air très heureuse.	malade, en train de tousser	malade au lit
4569	Il fait frire du poisson. Vanlife !	Il fait frire des œufs. Vanlife !	du poisson frit dans un van	du poisson frit sur un bateau
4607	De grandes cuves en cuivre derrière elle.	De grandes cuves en plastique derrière elle.	des cuves de brassage en cuivre	pièces en cuivre dans un bocal
4614	Il accroche une guirlande en papier.	Il accroche une lanterne en papier.	accrocher des décorations de fête	étendre le linge	loc pendre unnatural for decorations; used accrocher
4617	Des hommes en armure se battent.	Des hommes en costume se battent.	se battre avec des boucliers	bagarre pour une place de parking
4623	Les bulletins de vote tombent en vrac.	Les pièces tombent en vrac.	compter les votes	déposer son bulletin
4625	Elle vote comme une championne !	Il vote comme un champion !	voter avec joie	voter par correspondance
4629	Des dunes interminables, un minuscule marcheur.	Des dunes interminables, un minuscule chameau.	des rangées de dunes interminables	une file de voitures interminable
4630	Il a dessiné la coupe de cheveux en premier.	Il a dessiné la barbe en premier.	une coupe de cheveux dégradée	coupe longue sur les côtés
4634	Elle a enfin atteint la ville !	Elle a enfin atteint le lac !	atteindre la ville côtière	attraper son téléphone
4639	Le savon liquide est bleu-vert.	Le savon liquide est rouge vif.	du savon liquide qui coule	peinture liquide sur un pinceau
4643	La production avance bien !	La production avance mal !	une production de film maison	une chaîne de production d'usine
4647	Il a trop tourné sur lui-même. Direction le sol.	Il a trop couru. Direction le sol.	tourner sur une chaise de bureau	tourner sur soi-même en boîte
4652	Elle affronte un homme au bras de fer.	Elle affronte un enfant au bras de fer.	faire un bras de fer	participer à un concours de cuisine	loc concourir unnatural here; used affronter / faire un bras de fer
4653	Il a laissé la boue sur le paillasson. Enfin, presque.	Il a laissé la neige sur le paillasson. Enfin, presque.	des bottes couvertes de boue	boue sur la table de cuisine
4664	Elle compte la dose goutte à goutte.	Elle compte la dose cuillère par cuillère.	une dose d'huile jaune	une dose de sirop
4668	Elle renifle le linge.	Elle repasse le linge.	renifler du linge propre	renifler l'air marin	loc sentir reads as 'smells of'; used renifler
4672	Des roseaux poussent sur les deux rives.	Des arbres poussent sur les deux rives.	grands roseaux au bord de l'eau	un panier en roseau tressé
4690	Son lieu de travail, c'est un box.	Son lieu de travail, c'est une cuisine.	un lieu de travail animé	lieu de travail à la ferme
4695	C'est lui qui a semé tout ce chaos.	C'est lui qui a rangé tout ce chaos.	le chaos par terre	le chaos dans la cuisine
4697	Il a un départ fulgurant !	Il a un départ lent !	un départ en starting-blocks	le début des cours	loc début wrong for a race start; used départ
4705	Toute la ville adore le groupe !	Toute la ville déteste le groupe !	un groupe jouant dans la rue	un groupe dans un stade
4710	Ils balancent les bras.	Ils balancent les jambes.	bras levés au-dessus de la tête	bras croisés sur la poitrine
4711	Son visage, c'est l'effort à l'état pur.	Son visage, c'est l'ennui à l'état pur.	ramer à fond, de toutes ses forces	courir à fond, de toutes ses forces
4722	Même les femmes en lunettes de soleil s'évanouissent !	Même les femmes en lunettes de soleil dansent !	des femmes en lunettes de soleil	lunettes de soleil à la plage
4726	Le fermier arrache des carottes.	Le fermier arrache des oignons.	un fermier heureux au crépuscule	un fermier fatigué à l'aube
4727	Ce père n'est jamais fatigué.	Cette mère n'est jamais fatiguée.	un père jouant à la balle	un père devant la télé
4734	Elle prend soin de son amie.	Elle prend soin d'un chien.	des soins tendres sur le canapé	des soins de la peau
4735	Elle donne des coups de poing.	Elle bloque des coups de poing.	coups de poing dans un bouclier	un bol de punch aux fruits
4742	Elle est super forte avec les cordes !	Elle est super forte sur le vélo !	des bras et des jambes forts	un café bien fort
4746	Le jet survole les photographes !	L'oiseau survole les photographes !	photographes au bord de la piste	des photographes à un mariage
4761	Du bacon sur un lac gelé !	Du bacon sur une plage de sable !	du bacon frit sur la glace	du bacon dans un sandwich
4773	La musique a lancé un rassemblement.	La musique a lancé une bagarre.	un rassemblement autour d'un musicien	un rassemblement familial à la maison
4795	Elle a cuit des cookies au four. Meilleure journée !	Elle a cuit une tarte au four. Meilleure journée !	des cookies cuits au four	tartes aux pommes cuites au four
4804	Ils visitent une ville bleue.	Ils visitent une ville rouge.	visiter une ville bleue	en tournée avec des rockeurs
4813	Le port est animé.	Le port est vide.	un port animé à l'aube	un port dans la tempête
4821	La pizza du coucher de soleil est là !	Les sushis du coucher de soleil sont là !	pizza livrée au coucher de soleil	coucher de soleil sur les montagnes
4833	Il longe la côte en skate comme si de rien n'était.	Il longe la côte à vélo comme si de rien n'était.	en skate sur la route côtière	naviguer le long de la côte
4835	Une course-poursuite en pleine ville !	Un défilé en pleine ville !	une rue en ville, la nuit	une rue en ville, à midi
4844	Elle a coupé la citrouille par la moitié.	Elle a coupé le gâteau par la moitié.	une citrouille coupée par la moitié	moitié d'une tarte à la citrouille
4855	Il veut se souvenir de tous les mots du monde.	Il veut oublier tous les mots du monde.	des cartes pour se souvenir des mots	se souvenir d'un anniversaire
4867	Elle lève les deux pouces.	Elle baisse les deux pouces.	deux pouces levés	un pouce sur une guitare
4879	Elle soulève une voiture dans cette compétition !	Elle soulève un vélo dans cette compétition !	une compétition de force féminine	une compétition de chant télévisée
4891	Tout le campus se penche !	Tout le campus saute !	étudiants sur la pelouse du campus	un campus sous la neige
4917	Rouge a tiré sur bleu. Touché !	Bleu a tiré sur rouge. Touché !	tirer sur un joueur au paintball	tirer au panier
4919	Elle a signé pour l'adhésion.	Elle a signé pour le yoga.	une adhésion au club photo	carte d'adhésion de salle de sport
4920	La communauté est en feu, elle applaudit !	La communauté est en larmes, elle pleure !	panneau du jardin de la communauté	une communauté en ligne
4944	Projecteurs, roses et robe de bal dorée !	Projecteurs, roses et robe de bal rouge !	longue robe de bal or pâle	essayer une robe de mariée
4946	Sa queue de cheval danse aussi.	Son écharpe danse aussi.	queue de cheval qui se balance	queue de cheval sous une casquette
4948	Maquillage avec vue sur la ligne d'horizon de la ville. La classe.	Maquillage avec vue sur la plage. La classe.	la ligne d'horizon derrière elle	ligne d'horizon au crépuscule
4949	Sommets enneigés : paysage de dingue.	Dunes de sable : paysage de dingue.	paysage de montagne vu du sommet	un paysage vu d'un train
4951	Il est à la maison, et le chien est fou de joie !	Il est à la maison, et le chat est fou de joie !	retrouver le chien à la maison	quitter la maison pour le boulot
4956	Elle va à la réception.	Elle va à la cuisine.	la réception de l'auberge	une réception de mariage
4965	La routine salle de bains, c'est fait.	La routine cuisine, c'est fait.	brossage de dents en salle de bains	chanter en salle de bains
4978	Le cuisinier joue avec le feu !	Le cuisinier joue avec la glace !	un cuisinier au wok	un cuisinier au grill
4981	Tout le monde a eu le vaccin. Youpi !	Personne n'a eu le vaccin. Youpi !	vaccins dans le haut du bras	un vaccin dans la jambe
4990	Il utilise un lourd fer à repasser.	Il utilise un lourd marteau.	lourd fer à repasser à vapeur	une poêle en fonte
5006	Sa bouilloire bosse dur.	Son grille-pain bosse dur.	l'eau qui bout dans la bouilloire	une bouilloire sur le feu
5019	Elle fait griller du bœuf.	Elle fait griller du poisson.	des tranches de bœuf grillé	burger de bœuf et frites
5023	Il acclame un avion !	Il acclame un train !	un avion qui passe en rase-mottes	un avion qui décolle
5056	La femme de chambre a fait un cygne en serviette.	La femme de chambre a fait un chien en serviette.	femme de chambre pliant des serviettes	femme de chambre dans un château
5057	Son courrier s'envole partout !	Son argent s'envole partout !	courrier de la boîte aux lettres	du courrier sur un ordinateur
5060	Il n'y a que des hommes dans cette vidéo.	Il n'y a que des filles dans cette vidéo.	des hommes de tous âges	des hommes en équipe de foot
5078	Il prépare des tacos au porc.	Il prépare des tacos au poisson.	trancher du porc rôti	côtes de porc à la poêle
5089	Cette mère gère tout.	Ce père gère tout.	une mère faisant sauter des crêpes	une mère achetant des crêpes
5090	Une chambre de bébé douillette pleine de jouets.	Une cuisine douillette pleine de jouets.	chambre de bébé avec berceau	une pépinière de plantes
5099	Tout le monde ajoute une photo !	Tout le monde ajoute un timbre !	des photos sur un planisphère	un album photo
5101	Sur ce trajet, c'est la nausée qui gagne.	Sur ce vol, c'est la nausée qui gagne.	la nausée sur un ferry	la nausée en voiture
5106	Moulin à vent, tulipes, stroopwafel : c'est fait.	Moulin à vent, tulipes, part de pizza : c'est fait.	un moulin à vent qui tourne	moulin à vent sur une plage
5118	La lumière du soleil l'inonde. Quel matin !	La pluie l'inonde. Quel matin !	lumière du soleil par une fenêtre	lumière du soleil entre les arbres
5128	Le canapé a fait une vraie blessure !	La table a fait une vraie blessure !	blessure due au coin du canapé	une blessure au foot
5132	Il verse le mélange.	Il remue le mélange.	mélange à crêpes dans la poêle	un mélange de couleurs
5143	Les soldats font la paix.	Les soldats font la guerre.	faire la paix	paix et calme à la maison
5163	Des politiciens qui se disputent, comme d'hab.	Des politiciens qui se font des câlins, comme d'hab.	des politiciens énervés qui pointent	politiciens qui se serrent la main
5165	La rivière est pleine de plastique.	La rivière est pleine de poissons.	du plastique dans la rivière	plastique dans un bac de tri
5166	Le tram est sur les voies.	Le tram est sur l'herbe.	voies de tram dans les pavés	voies de tram dans un tunnel
5167	Il touche les carreaux bleus.	Il touche les carreaux rouges.	des carreaux muraux bleus et blancs	carreaux de sol de salle de bains
5168	La fournée de tartelettes, ça passe.	La fournée de pain, ça passe.	fournée de tartelettes à la crème	une fournée de cookies
5193	De la crème sur l'éruption cutanée ? Ça pique !	De la crème sur la brûlure ? Ça pique !	crème sur une éruption rouge	une éruption sur sa joue
5199	Recette suivie étape par étape.	Carte suivie étape par étape.	suivre une recette manuscrite	suivre un ami en ligne
5201	L'eau reflète tout, même le volcan.	L'eau reflète tout, même la lune.	un volcan reflété dans l'eau	un visage dans un miroir
5203	Les parents sont arrivés !	Les parents sont partis !	des parents à la porte d'entrée	des parents à l'aéroport
5213	Un train rouge est sur la voie ferrée.	Un tram rouge est sur la voie ferrée.	voie ferrée le long d'un quai	une voie ferrée en montagne
5216	Elle fait une promenade tranquille.	Elle fait une baignade tranquille.	promenade devant des étals de fleurs	une promenade sur la plage
5221	Le sentier serpente jusqu'en haut des collines.	La rivière serpente jusqu'en haut des collines.	un sentier qui serpente en montagne	une rivière serpentant vers la vallée
5222	Elle monte des marches en pierre.	Elle monte des marches en bois.	marches en pierre vers un sommet	marches en pierre vers une plage
5225	Elle finit loin devant !	Elle finit loin derrière !	finir une course	finir ses devoirs
5237	Du thé sous un ciel plein d'étoiles.	Du thé sous un ciel plein d'oiseaux.	étoiles sur un camp du désert	des étoiles au-dessus d'une ville
5238	Selfie sur une dune rouge ? Iconique.	Selfie sur une dune blanche ? Iconique.	un selfie sur une dune rouge	virée en buggy dans les dunes
5240	Les ailes du faucon sont déployées.	Les ailes du faucon sont repliées.	déployer les deux ailes	ailes de poulet dans une assiette
5241	Elle se glisse dans une chambre hyperbare.	Il se glisse dans une chambre hyperbare.	une chambre hyperbare lumineuse	un concert de musique de chambre
5244	Les camarades de classe ont conclu un accord.	Les profs ont conclu un accord.	deux camarades de classe se retrouvant	la fête d'un camarade de classe
5247	Nonna est furieuse à cause des empreintes de pas.	Nonna est furieuse à cause du vase cassé.	des empreintes de pas boueuses	empreintes de pas dans un jardin
5258	Bar sur le toit, soirée shaker !	Bar en sous-sol, soirée shaker !	bar sur un toit au crépuscule	une barre de chocolat
5303	Des flocons de neige sur sa moufle.	Des flocons de neige sur sa chaussure.	flocon de neige sur une moufle	flocon de neige sur une fenêtre
5310	Un fils aide à réparer la voiture.	Un fils aide à laver la voiture.	un fils tenant une clé plate	un fils qui lave la voiture
5312	Barbecue dans le jardin de derrière ? On y va !	Pool party dans le jardin de derrière ? On y va !	barbecue dans le jardin de derrière	piscine dans le jardin de derrière
5313	Des enseignes néon couvrent chaque mur.	Des enseignes en papier couvrent chaque mur.	des enseignes néon lumineuses	des néons en boîte de nuit
5317	Ses volants volent partout !	Ses chaussures volent partout !	des couches de volants rouges	volants sur un col de chemise
5325	Les époux ont signé un document.	Les époux ont brûlé un document.	des époux qui signent des papiers	époux qui se disputent chez eux
5326	L'entraîneur lui bande la cheville.	L'entraîneur lui bande le poignet.	un entraîneur qui aide une gymnaste	entraîneur qui crie sur les joueurs
5331	Sa forme physique ? Elle écrase des pastèques !	Sa forme physique ? Elle écrase des noix de coco !	forme physique au bar de plage	une appli de remise en forme
5342	Du glaçage sur sa langue. Miam !	Du ketchup sur sa langue. Miam !	du glaçage sur la langue	se brûler la langue au thé
5355	Même le chat imite l'entraîneur !	Même le chien imite l'entraîneur !	un entraîneur dans le parc	dresseur de chiens avec des friandises
5356	Yoga sur un toit au coucher du soleil : le rêve.	Yoga sur la plage au coucher du soleil : le rêve.	du yoga sur un toit	cours de yoga en salle
5358	Elle jette un coup d'œil entre les livres.	Elle jette un coup d'œil entre les stores.	coup d'œil par une fente	coup d'œil dans un livre
5367	Elle s'en fourre plein la bouche !	Elle s'en fourre plein le sac !	fourrer un cheeseburger dans sa bouche	farcir une dinde
5398	Les gens forment une chaîne humaine.	Les gens forment une tour humaine.	chaîne humaine autour de la Terre	une chaîne en or
5409	Elle montre ses dents.	Elle montre sa langue.	dents de devant en gros plan	une dent de devant manquante
5424	Ils ont signé le traité.	Ils ont déchiré le traité.	poignée de main scellant un traité	déchirer un traité
5429	Elle leur fait confiance, les yeux fermés.	Elle leur fait confiance, les yeux ouverts.	faire confiance à l'équipe	faire confiance à un internaute
5441	L'oncle a laissé sa nièce gagner.	L'oncle a laissé son neveu gagner.	bras de fer avec un oncle	boxe avec un oncle
5449	Elle est enfin dans l'embrasure de la porte.	Elle est enfin dans le jardin.	une embrasure de porte en pierre	embrasure de porte avec un rideau
5458	La vitamine pétille comme une folle !	Le lait pétille comme un fou !	un comprimé de vitamine effervescent	un bonbon vitaminé qui fond
5470	Marche rapide au centre-ville, en costume.	Marche rapide au centre-ville, en jean.	aller au travail au centre-ville	un rooftop du centre-ville
5486	Il arrose le pot de fleurs.	Il peint le pot de fleurs.	pot de fleurs sur le rebord	un pot de fleurs cassé
