3052	Il pense, il bosse pas.	Il dort, il bosse pas.	penser, assis à un pupitre	penser, à la table de cuisine
3078	Elle fait frire des œufs comme une pro.	Elle fait frire du poisson comme une pro.	faire frire des œufs	faire bouillir des œufs
3157	Il brandit une brique rouge.	Il brandit un casque rouge.	un mur de briques inachevé	une maison de plage en briques
3171	Quel poteau indicateur « utile ».	Quelle carte « utile ».	un vieux poteau indicateur en bois	un vieux poteau de clôture
3191	On serre le chat dans ses bras, il n'a rien demandé.	On serre le chien dans ses bras, il n'a rien demandé.	serrer un chat dans ses bras	serrer un chien dans ses bras
3194	Le dentiste a une fraise. Au secours !	Le dentiste a un couteau. Au secours !	un dentiste avec une fraise	une dentiste se brossant les dents
3266	Elle fait du vélo le long de la baie.	Elle fait du vélo le long de la rivière.	faire du vélo sur la côte	faire du vélo près des rails
3274	La raquette de tennis de table est rouge.	La raquette de tennis de table est noire.	une table de tennis de table	du tennis de table télévisé
3285	Son costume a des perroquets en plastique !	Son costume a des serpents en plastique !	un costume avec coiffe de fruits	un costume d'Halloween
3293	Elle a donné un coup de poing, gant bien haut !	Elle a donné un coup de poing, gant bien bas !	coups de poing sur le ring	poinçonner un billet	loc frapper du poing = bang a fist on a table; used donner un coup de poing
3294	Il va donner un coup de pied dans le ballon !	Il va lancer le ballon !	prêt pour le coup de pied	ouvrir une porte du pied
3304	La crosse de hockey, c'est pour le palet, je crois.	La crosse de hockey, c'est pour le ballon, je crois.	une crosse de hockey sur glace	une crosse de hockey cassée
3314	Elle fait du jogging avec des écouteurs.	Elle fait du jogging avec un chien.	faire du jogging sur une route	faire du jogging sur la plage
3458	Des têtes de pierre sous les étoiles.	Des têtes de pierre sous le soleil.	étoiles au-dessus des têtes de pierre	les étoiles d'un drapeau
3463	Il pagaie dans un canoë.	Il pagaie sur un radeau.	pagayer en canoë au crépuscule	porter un canoë au crépuscule
3470	Une immense dune de sable orange.	Une immense dune de sable blanc.	la crête courbe d'une dune	une dune en bord de mer
3479	Un sac à main rose, un café calme.	Un ordi portable rose, un café calme.	sac à main sur la table	un sac à main en magasin
3486	Elle boit dans une noix de coco.	Elle boit dans une bouteille.	une noix de coco avec paille	ouvrir une noix de coco
3493	Elle laisse des empreintes de pas.	Elle laisse des fleurs.	une ligne d'empreintes de pas	empreintes de pas dans la neige
3497	Elle marche vers le coucher de soleil. Classique.	Elle marche vers la mer. Classique.	marcher vers le coucher de soleil	un coucher de soleil en voiture
3589	Le gorille est juste en train de chiller.	Le gorille est juste en train de manger.	un gorille dans les bambous	un gorille se frappant la poitrine
3598	Ses cheveux bouclés sont au stylo bleu.	Ses cheveux bouclés sont au stylo rouge.	cheveux bouclés au stylo bleu	cheveux bouclés à la peinture rouge
3638	Job spatial : passer la serpillière.	Job spatial : peindre le sol.	serpillière sur un sol brillant	éponger du café renversé
3639	Meilleure place de l'espace : un tabouret rouge.	Meilleure place de l'espace : un tabouret bleu.	assis sur un tabouret rouge	un tabouret de salle de bain
3640	La lampe brille dans l'espace.	La lampe éclaire un vaisseau.	un faisceau qui brille dans l'espace	une lumière sur un vaisseau
3706	Les montagnes russes terrifient tout le monde !	La grande roue terrifie tout le monde !	une famille dans les montagnes russes	une famille près des montagnes russes
3718	Sweat à capuche, bomber, lunettes de soleil : la classe.	Sweat à capuche, bomber, casquette : la classe.	sweat à capuche sous un bomber	enfiler un sweat à capuche
3779	Le pauvre jouet est tout seul.	Le pauvre chien est tout seul.	un vieux lapin en peluche	une vieille voiture miniature
3797	Équilibre sur les mains dans l'eau, trop fort !	Équilibre sur les mains dans la neige, trop fort !	équilibre sur les mains dans l'eau	sur les mains à la plage
3806	Il y a deux cerises dans la boisson.	Il y a trois cerises dans la boisson.	deux cerises sur une même queue	un bol de cerises
3828	Le chimpanzé et l'allumette : mauvaise idée.	Le chimpanzé et le couteau : mauvaise idée.	une allumette allumée à la main	un match de foot télévisé
3832	Le feu d'artifice explose !	Les ballons explosent !	un feu d'artifice dans la nuit	des feux d'artifice en magasin
3841	Les vêtements volent partout !	Les chaussures volent partout !	des vêtements qui flottent en l'air	des vêtements dans le lave-linge
4004	L'avion chauffe du pain. Normal.	L'avion chauffe de la soupe. Normal.	chauffer du pain dans un avion	chauffer de la soupe
4013	Un iceberg longe le pont. Vibe Titanic !	Une baleine longe le pont. Vibe Titanic !	des bottes sur le pont	un jeu de cartes
4019	Ce chiot a la bouée la plus stylée.	Ce chaton a la bouée la plus stylée.	une bouée rose	une bague en diamant	loc anneau wrong for a swim ring; used bouée
4023	Ils s'amusent comme des fous sur un bateau.	Ils s'amusent comme des fous dans un bus.	du fun sur la rivière	du fun à la plage	loc amusement unnatural here; used s'amuser / fun
4029	La bouteille l'a frappé, il est tombé !	Le ballon l'a frappé, il est tombé !	frappé et projeté du bloc	frapper à une porte
4031	La balle a atterri pile tout en haut !	La balle a atterri pile sur lui !	le niveau supérieur de la pile	l'étagère supérieure	loc supérieur unnatural in TS; kept in TP
4032	Quel carnage vert !	Quel carnage rouge !	du slime vert partout	une chambre en désordre	loc désordre = untidiness, not a goo mess; used carnage
4035	Il fait un pas au-dessus de l'eau.	Il fait un pas au-dessus du feu.	un pas sur des blocs flottants	monter dans un train en marche
4039	Elle a rampé, mais le groupe a gagné.	Elle a couru, mais le groupe a gagné.	ramper sur mains et orteils	ramper sous un lit
4042	Ils sont devant un magasin.	Ils sont dans un magasin.	devant un magasin éclairé	un magasin de noix de coco
4053	Même le maïs est un gâteau !	Même la carotte est un gâteau !	un gâteau en forme de maïs	un champ de maïs au crépuscule
4058	Un voyage d'une nuit, dix valises !	Un voyage d'une nuit, deux valises !	faire ses valises pour un voyage	trébucher sur une valise
4066	Un perroquet roule sur la terre rouge. Légende.	Un perroquet roule sur le sable mouillé. Légende.	une piste de terre rouge	terre sur une chemise blanche
4069	Le poussin tient une tige.	Le pigeon tient une tige.	une tige comme canne à pêche	le pigeon qui tient une tige
4079	La rivière file à toute allure. Dingue !	Les voitures filent à toute allure. Dingue !	foncer en descendant la rivière	foncer à l'aéroport	loc foncer unnatural for a river in TS; used filer, kept foncer in TP
4086	Le moustique va piquer.	L'araignée va piquer.	piquer un homme endormi	piquer un chien endormi	mosquitoes piquent in French; used piquer instead of loc mordre
4090	La fusée monte vite !	L'avion monte vite !	la fusée qui monte vite	le soleil qui se lève
4091	La glace se fissure sous elle !	La glace se fissure sous lui !	glace qui se fissure sous elle	casser des œufs sur la glace
4092	Il dévale les marches jusqu'en bas !	Il monte les marches jusqu'en haut !	en bas des marches rocheuses	en bas des pistes de ski
4118	Ce court offre une vue sur la montagne.	Ce court offre une belle vue sur la mer.	un court en montagne	un court en bord de mer
4127	La fourrure du lémurien est si douce.	La fourrure du lémurien est si noire.	une fourrure blanche et douce	du pain blanc et doux
4129	Le chiot quitte la maison.	Le chiot rentre à la maison.	quitter la maison en chapeau	rentrer à la maison en chapeau
4151	Cette voiture customisée, c'est de l'art ultra rose.	Cette voiture customisée, c'est de l'art ultra vert.	de l'art rose sur une voiture	de l'art dans un musée
4157	Tout le monde court, mais sa pancarte gagne.	Tout le monde court, mais son chien gagne.	courir devant une pancarte drôle	une course en voiture de sport
4162	Une voiture. Toute la place. Tranquille.	Un bus. Toute la place. Tranquille.	une place pavée mouillée	une place avec des étals
4165	À cette vitesse, les arbres deviennent flous.	À cette vitesse, les maisons deviennent floues.	vitesse sur une route de montagne	vitesse sur un circuit
4166	Il entre dans cette voiture rouge comme une star.	Il entre dans cette voiture bleue comme une star.	entrer dans une sportive rouge	entrer dans une cabine téléphonique rouge
4171	Le loup se glisse plus près.	Le renard se glisse plus près.	un loup se glissant plus près	un loup qui s'enfuit
4172	La poule a pris la fuite comme dans un film d'action.	Le canard a pris la fuite comme dans un film d'action.	la fuite devant le feu	une évasion de prison
4176	Une luciole brille dans un bocal.	Une bougie brille dans un bocal.	une luciole qui brille	une lampe qui brille	loc rayonner wrong for glowing; used briller
4182	Il a peint toute la pelouse !	Il a peint toute la maison !	peindre un tableau géant sur gazon	peindre une clôture de jardin
4185	Une tasse appuie sur la souris.	Une tasse appuie sur les gaufres.	une tasse appuyant sur une souris	une assiette appuyant sur une souris	loc presser = squeeze; used appuyer sur
4221	Le lézard chill sur le canapé.	Le lézard chill sur la table.	des céréales sur le canapé	céréales sur la table de cuisine
4231	Deux chiens derrière la fenêtre ? Louche.	Deux chats derrière la fenêtre ? Louche.	une fenêtre de camion embuée	fenêtre de salle de bain embuée
4247	Des garçons sautent dans un puits !	Des garçons sautent dans un lac !	des garçons sautant dans un puits	des garçons buvant à un puits
4248	La vague de la piscine couverte a gagné cette fois.	La vague de l'océan a gagné cette fois.	une piscine à vagues couverte	cours de natation en piscine couverte
4259	Ce mouton a une tête de lundi matin.	Cette vache a une tête de lundi matin.	une tête de mouton en colère	une tête de mouton heureux	animals have a tête, idiom tête de lundi matin; loc visage replaced
4292	Une brise fait bouger ses cheveux.	Un ventilateur fait bouger ses cheveux.	une brise dans la prairie	une brise en bord de mer
4304	Il a lancé le ballon de football américain, stylé.	Il a shooté dans le ballon de football américain, stylé.	ballon de football américain en l'air	un ballon rond sur la pelouse
4312	Il parle fort, mais personne n'entend.	Il parle doucement, mais personne n'entend.	un appel très fort	une fête très bruyante
4319	Les rayures se mélangent.	Les rayures s'élargissent.	mélanger la crème sur la peau	mélanger des fruits au mixeur
4325	Fait scientifique : le bétail broute.	Fait scientifique : les chevaux broutent.	du bétail broutant dans une plaine	du bétail dans une étable
4329	Ils sont assis sur les meubles.	Ils sont assis par terre.	assis sur des meubles moelleux	porter les meubles	loc mobilier stiff; used meubles
4339	Sa carte bancaire passe !	Sa carte bancaire est cassée !	une rangée de distributeurs de banque	une banque près de la rivière
4343	Des rires partout !	Des larmes partout !	des rires en salle de jeux	des rires au cinéma
4349	Ce gardien surfe vraiment bien.	Ce gardien skie vraiment bien.	un gardien qui surfe	un gardien à cheval
4354	Son coup de pied fait voler les feuilles.	Son coup de pied fait voler les glands.	coup de pied dans les feuilles	coup de pied dans un ballon
4356	Dos douloureux ? À califourchon quand même !	Nuque douloureuse ? À califourchon quand même !	frotter un dos douloureux	une gorge douloureuse au lit
4357	Son sac à dos en toile pourrait contenir un canapé.	Son sac à dos en cuir pourrait contenir un canapé.	grand sac à dos en toile	une toile pour peindre
4361	Elle fait du shopping comme une pro.	Il fait du shopping comme un pro.	faire du shopping, les bras chargés	faire les courses
4371	Le hall d'entrée de la banque est immense.	Le hall d'entrée de la banque est minuscule.	hall d'entrée de banque en marbre	le hall d'un hôtel bondé
4389	Ça a commencé sans lui. Oups.	Le bus est parti sans lui. Oups.	rater le début	démarrer une voiture
4390	L'excitation est à son comble !	L'ennui est à son comble !	l'excitation avant un concert	l'excitation avant un examen
4391	Seul avec une pizza entière ? Oui !	Seul avec un gâteau entier ? Oui !	seul chez soi avec une pizza	seul au restaurant
4397	Il fait du vélo à Amsterdam.	Il fait du vélo en forêt.	du vélo le long d'un canal	du vélo le long d'une plage
4407	Grâce aux épinards, il reste en bonne santé.	Grâce au chocolat, il reste en bonne santé.	un jeune homme en bonne santé	un compte en banque sain	loc sain reads as sane for a person; used en bonne santé
4411	Le traitement, c'est un pansement.	Le traitement, c'est une piqûre.	un traitement contre une ampoule	traitement contre le mal de tête
4418	La vapeur lui a éclaté au visage.	L'eau lui a éclaté au visage.	vapeur qui éclate d'une casserole	un tuyau d'eau éclaté
4427	Ils s'inclinent lors d'une cérémonie.	Ils mangent lors d'une cérémonie.	une cérémonie avec révérences	une cérémonie de mariage
4451	Deux adolescents jouent aux jeux vidéo, grave intense.	Deux adolescents dansent, grave intense.	des adolescents jouant à un jeu	des adolescents jouant au foot
4465	Il est allé en haut, meilleur jour de sa vie !	Il est allé en bas, meilleur jour de sa vie !	en haut d'un bus	en haut dans une maison
4474	Le menu est au mur.	Le menu est sur la table.	menu des cafés sur ardoises	un menu sur un téléphone
4503	Elle fait un vœu.	Elle fait un gâteau.	faire un vœu d'anniversaire	souhaiter qu'il pleuve	faire un souhait is an anglicism; used faire un vœu, loc souhaiter kept in FP
4505	Il tombe en arrière !	Il tombe en avant !	tomber de sa chaise en arrière	marcher en arrière vers la table
4516	Le sol de la grange est plein de foin.	Le sol de la grange est plein de boue.	un nid fait de foin	bottes de foin sur un camion
4528	De vieilles tombes entourent l'église.	De vieilles tombes entourent le château.	des tombes autour d'une église	tombes sur un champ de bataille
4529	Un sol plein de couleurs. Magique !	Un sol plein d'eau. Magique !	couleurs sur un sol en pierre	couleurs sur un mur peint
4533	Ils font la fête dans la salle d'audience.	Ils pleurent dans la salle d'audience.	une famille heureuse en salle d'audience	fête sur un court de tennis
4539	Le bonhomme du dessin humoristique passe la serpillière.	Le bonhomme du dessin humoristique cuisine.	le dessin humoristique d'un agent d'entretien	le dessin humoristique d'un cuisinier
4540	Un équipement de sécurité adapté.	Un équipement de plongée adapté.	un équipement de lavage de vitres	équipement de gym en salle
4541	Le lavabo était crasseux de cheveux !	Le lavabo était crasseux de boue !	un lavabo crasseux plein de poils	bottes crasseuses près de la porte
4542	Ils sont parvenus à un accord.	Ils sont parvenus à l'aéroport.	serrer la main pour un accord	un contrat de location
4544	Sable et glace. Petit contraste.	Mer et glace. Petit contraste.	le contraste sable et glace	le contraste jour et nuit
4553	Une brosse pour ses cheveux, puis la même pour le chien.	Une brosse pour ses cheveux, puis la même pour le chat.	brosser de longs cheveux bruns	poils de chien sur un canapé
4567	Elle a l'air un peu malade.	Elle a l'air très heureuse.	malade, en train de tousser	malade au lit
4569	Il fait frire du poisson. Vanlife !	Il fait frire des œufs. Vanlife !	du poisson frit dans un van	du poisson frit sur un bateau
4607	De grandes cuves en cuivre derrière elle.	De grandes cuves en plastique derrière elle.	des cuves de brassage en cuivre	pièces en cuivre dans un bocal
4614	Il accroche une guirlande en papier.	Il accroche une lanterne en papier.	accrocher des décorations de fête	étendre le linge	loc pendre unnatural for decorations; used accrocher
4617	Des hommes en armure se battent.	Des hommes en costume se battent.	se battre avec des boucliers	bagarre pour une place de parking
4623	Les bulletins de vote tombent en vrac.	Les pièces tombent en vrac.	compter les votes	déposer son bulletin
4625	Elle vote comme une championne !	Il vote comme un champion !	voter avec joie	voter par correspondance
4629	Des dunes interminables, un minuscule marcheur.	Des dunes interminables, un minuscule chameau.	des rangées de dunes interminables	une file de voitures interminable
4630	Il a dessiné la coupe de cheveux en premier.	Il a dessiné la barbe en premier.	une coupe de cheveux dégradée	coupe longue sur les côtés
4634	Elle a enfin atteint la ville !	Elle a enfin atteint le lac !	atteindre la ville côtière	attraper son téléphone
4639	Le savon liquide est bleu-vert.	Le savon liquide est rouge vif.	du savon liquide qui coule	peinture liquide sur un pinceau
4643	La production avance bien !	La production avance mal !	une production de film maison	une chaîne de production d'usine
4647	Il a trop tourné sur lui-même. Direction le sol.	Il a trop couru. Direction le sol.	tourner sur une chaise de bureau	tourner sur soi-même en boîte
4652	Elle affronte un homme au bras de fer.	Elle affronte un enfant au bras de fer.	faire un bras de fer	participer à un concours de cuisine	loc concourir unnatural here; used affronter / faire un bras de fer
4653	Il a laissé la boue sur le paillasson. Enfin, presque.	Il a laissé la neige sur le paillasson. Enfin, presque.	des bottes couvertes de boue	boue sur la table de cuisine
4664	Elle compte la dose goutte à goutte.	Elle compte la dose cuillère par cuillère.	une dose d'huile jaune	une dose de sirop
4668	Elle renifle le linge.	Elle repasse le linge.	renifler du linge propre	renifler l'air marin	loc sentir reads as 'smells of'; used renifler
4672	Des roseaux poussent sur les deux rives.	Des arbres poussent sur les deux rives.	grands roseaux au bord de l'eau	un panier en roseau tressé
4690	Son lieu de travail, c'est un box.	Son lieu de travail, c'est une cuisine.	un lieu de travail animé	lieu de travail à la ferme
4695	C'est lui qui a semé tout ce chaos.	C'est lui qui a rangé tout ce chaos.	le chaos par terre	le chaos dans la cuisine
4697	Il a un départ fulgurant !	Il a un départ lent !	un départ en starting-blocks	le début des cours	loc début wrong for a race start; used départ
4705	Toute la ville adore le groupe !	Toute la ville déteste le groupe !	un groupe jouant dans la rue	un groupe dans un stade
4710	Ils balancent les bras.	Ils balancent les jambes.	bras levés au-dessus de la tête	bras croisés sur la poitrine
4711	Son visage, c'est l'effort à l'état pur.	Son visage, c'est l'ennui à l'état pur.	ramer à fond, de toutes ses forces	courir à fond, de toutes ses forces
4722	Même les femmes en lunettes de soleil s'évanouissent !	Même les femmes en lunettes de soleil dansent !	des femmes en lunettes de soleil	lunettes de soleil à la plage
4726	Le fermier arrache des carottes.	Le fermier arrache des oignons.	un fermier heureux au crépuscule	un fermier fatigué à l'aube
4727	Ce père n'est jamais fatigué.	Cette mère n'est jamais fatiguée.	un père jouant à la balle	un père devant la télé
4734	Elle prend soin de son amie.	Elle prend soin d'un chien.	des soins tendres sur le canapé	des soins de la peau
4735	Elle donne des coups de poing.	Elle bloque des coups de poing.	coups de poing dans un bouclier	un bol de punch aux fruits
4742	Elle est super forte avec les cordes !	Elle est super forte sur le vélo !	des bras et des jambes forts	un café bien fort
4746	Le jet survole les photographes !	L'oiseau survole les photographes !	photographes au bord de la piste	des photographes à un mariage
4761	Du bacon sur un lac gelé !	Du bacon sur une plage de sable !	du bacon frit sur la glace	du bacon dans un sandwich
4773	La musique a lancé un rassemblement.	La musique a lancé une bagarre.	un rassemblement autour d'un musicien	un rassemblement familial à la maison
4795	Elle a cuit des cookies au four. Meilleure journée !	Elle a cuit une tarte au four. Meilleure journée !	des cookies cuits au four	tartes aux pommes cuites au four
4804	Ils visitent une ville bleue.	Ils visitent une ville rouge.	visiter une ville bleue	en tournée avec des rockeurs
4813	Le port est animé.	Le port est vide.	un port animé à l'aube	un port dans la tempête
4821	La pizza du coucher de soleil est là !	Les sushis du coucher de soleil sont là !	pizza livrée au coucher de soleil	coucher de soleil sur les montagnes
4833	Il longe la côte en skate comme si de rien n'était.	Il longe la côte à vélo comme si de rien n'était.	en skate sur la route côtière	naviguer le long de la côte
4835	Une course-poursuite en pleine ville !	Un défilé en pleine ville !	une rue en ville, la nuit	une rue en ville, à midi
4844	Elle a coupé la citrouille par la moitié.	Elle a coupé le gâteau par la moitié.	une citrouille coupée par la moitié	moitié d'une tarte à la citrouille
4855	Il veut se souvenir de tous les mots du monde.	Il veut oublier tous les mots du monde.	des cartes pour se souvenir des mots	se souvenir d'un anniversaire
4867	Elle lève les deux pouces.	Elle baisse les deux pouces.	deux pouces levés	un pouce sur une guitare
4879	Elle soulève une voiture dans cette compétition !	Elle soulève un vélo dans cette compétition !	une compétition de force féminine	une compétition de chant télévisée
4891	Tout le campus se penche !	Tout le campus saute !	étudiants sur la pelouse du campus	un campus sous la neige
4917	Rouge a tiré sur bleu. Touché !	Bleu a tiré sur rouge. Touché !	tirer sur un joueur au paintball	tirer au panier
4919	Elle a signé pour l'adhésion.	Elle a signé pour le yoga.	une adhésion au club photo	carte d'adhésion de salle de sport
4920	La communauté est en feu, elle applaudit !	La communauté est en larmes, elle pleure !	panneau du jardin de la communauté	une communauté en ligne
4944	Projecteurs, roses et robe de bal dorée !	Projecteurs, roses et robe de bal rouge !	longue robe de bal or pâle	essayer une robe de mariée
4946	Sa queue de cheval danse aussi.	Son écharpe danse aussi.	queue de cheval qui se balance	queue de cheval sous une casquette
4948	Maquillage avec vue sur la ligne d'horizon de la ville. La classe.	Maquillage avec vue sur la plage. La classe.	la ligne d'horizon derrière elle	ligne d'horizon au crépuscule
4949	Sommets enneigés : paysage de dingue.	Dunes de sable : paysage de dingue.	paysage de montagne vu du sommet	un paysage vu d'un train
4951	Il est à la maison, et le chien est fou de joie !	Il est à la maison, et le chat est fou de joie !	retrouver le chien à la maison	quitter la maison pour le boulot
4956	Elle va à la réception.	Elle va à la cuisine.	la réception de l'auberge	une réception de mariage
4965	La routine salle de bains, c'est fait.	La routine cuisine, c'est fait.	brossage de dents en salle de bains	chanter en salle de bains
4978	Le cuisinier joue avec le feu !	Le cuisinier joue avec la glace !	un cuisinier au wok	un cuisinier au grill
4981	Tout le monde a eu le vaccin. Youpi !	Personne n'a eu le vaccin. Youpi !	vaccins dans le haut du bras	un vaccin dans la jambe
4990	Il utilise un lourd fer à repasser.	Il utilise un lourd marteau.	lourd fer à repasser à vapeur	une poêle en fonte
5006	Sa bouilloire bosse dur.	Son grille-pain bosse dur.	l'eau qui bout dans la bouilloire	une bouilloire sur le feu
5019	Elle fait griller du bœuf.	Elle fait griller du poisson.	des tranches de bœuf grillé	burger de bœuf et frites
5023	Il acclame un avion !	Il acclame un train !	un avion qui passe en rase-mottes	un avion qui décolle
5056	La femme de chambre a fait un cygne en serviette.	La femme de chambre a fait un chien en serviette.	femme de chambre pliant des serviettes	femme de chambre dans un château
5057	Son courrier s'envole partout !	Son argent s'envole partout !	courrier de la boîte aux lettres	du courrier sur un ordinateur
5060	Il n'y a que des hommes dans cette vidéo.	Il n'y a que des filles dans cette vidéo.	des hommes de tous âges	des hommes en équipe de foot
5078	Il prépare des tacos au porc.	Il prépare des tacos au poisson.	trancher du porc rôti	côtes de porc à la poêle
5089	Cette mère gère tout.	Ce père gère tout.	une mère faisant sauter des crêpes	une mère achetant des crêpes
5090	Une chambre de bébé douillette pleine de jouets.	Une cuisine douillette pleine de jouets.	chambre de bébé avec berceau	une pépinière de plantes
5099	Tout le monde ajoute une photo !	Tout le monde ajoute un timbre !	des photos sur un planisphère	un album photo
5101	Sur ce trajet, c'est la nausée qui gagne.	Sur ce vol, c'est la nausée qui gagne.	la nausée sur un ferry	la nausée en voiture
5106	Moulin à vent, tulipes, stroopwafel : c'est fait.	Moulin à vent, tulipes, part de pizza : c'est fait.	un moulin à vent qui tourne	moulin à vent sur une plage
5118	La lumière du soleil l'inonde. Quel matin !	La pluie l'inonde. Quel matin !	lumière du soleil par une fenêtre	lumière du soleil entre les arbres
5128	Le canapé a fait une vraie blessure !	La table a fait une vraie blessure !	blessure due au coin du canapé	une blessure au foot
5132	Il verse le mélange.	Il remue le mélange.	mélange à crêpes dans la poêle	un mélange de couleurs
5143	Les soldats font la paix.	Les soldats font la guerre.	faire la paix	paix et calme à la maison
5163	Des politiciens qui se disputent, comme d'hab.	Des politiciens qui se font des câlins, comme d'hab.	des politiciens énervés qui pointent	politiciens qui se serrent la main
5165	La rivière est pleine de plastique.	La rivière est pleine de poissons.	du plastique dans la rivière	plastique dans un bac de tri
5166	Le tram est sur les voies.	Le tram est sur l'herbe.	voies de tram dans les pavés	voies de tram dans un tunnel
5167	Il touche les carreaux bleus.	Il touche les carreaux rouges.	des carreaux muraux bleus et blancs	carreaux de sol de salle de bains
5168	La fournée de tartelettes, ça passe.	La fournée de pain, ça passe.	fournée de tartelettes à la crème	une fournée de cookies
5193	De la crème sur l'éruption cutanée ? Ça pique !	De la crème sur la brûlure ? Ça pique !	crème sur une éruption rouge	une éruption sur sa joue
5199	Recette suivie étape par étape.	Carte suivie étape par étape.	suivre une recette manuscrite	suivre un ami en ligne
5201	L'eau reflète tout, même le volcan.	L'eau reflète tout, même la lune.	un volcan reflété dans l'eau	un visage dans un miroir
5203	Les parents sont arrivés !	Les parents sont partis !	des parents à la porte d'entrée	des parents à l'aéroport
5213	Un train rouge est sur la voie ferrée.	Un tram rouge est sur la voie ferrée.	voie ferrée le long d'un quai	une voie ferrée en montagne
5216	Elle fait une promenade tranquille.	Elle fait une baignade tranquille.	promenade devant des étals de fleurs	une promenade sur la plage
5221	Le sentier serpente jusqu'en haut des collines.	La rivière serpente jusqu'en haut des collines.	un sentier qui serpente en montagne	une rivière serpentant vers la vallée
5222	Elle monte des marches en pierre.	Elle monte des marches en bois.	marches en pierre vers un sommet	marches en pierre vers une plage
5225	Elle finit loin devant !	Elle finit loin derrière !	finir une course	finir ses devoirs
5237	Du thé sous un ciel plein d'étoiles.	Du thé sous un ciel plein d'oiseaux.	étoiles sur un camp du désert	des étoiles au-dessus d'une ville
5238	Selfie sur une dune rouge ? Iconique.	Selfie sur une dune blanche ? Iconique.	un selfie sur une dune rouge	virée en buggy dans les dunes
5240	Les ailes du faucon sont déployées.	Les ailes du faucon sont repliées.	déployer les deux ailes	ailes de poulet dans une assiette
5241	Elle se glisse dans une chambre hyperbare.	Il se glisse dans une chambre hyperbare.	une chambre hyperbare lumineuse	un concert de musique de chambre
5244	Les camarades de classe ont conclu un accord.	Les profs ont conclu un accord.	deux camarades de classe se retrouvant	la fête d'un camarade de classe
5247	Nonna est furieuse à cause des empreintes de pas.	Nonna est furieuse à cause du vase cassé.	des empreintes de pas boueuses	empreintes de pas dans un jardin
5258	Bar sur le toit, soirée shaker !	Bar en sous-sol, soirée shaker !	bar sur un toit au crépuscule	une barre de chocolat
5303	Des flocons de neige sur sa moufle.	Des flocons de neige sur sa chaussure.	flocon de neige sur une moufle	flocon de neige sur une fenêtre
5310	Un fils aide à réparer la voiture.	Un fils aide à laver la voiture.	un fils tenant une clé plate	un fils qui lave la voiture
5312	Barbecue dans le jardin de derrière ? On y va !	Pool party dans le jardin de derrière ? On y va !	barbecue dans le jardin de derrière	piscine dans le jardin de derrière
5313	Des enseignes néon couvrent chaque mur.	Des enseignes en papier couvrent chaque mur.	des enseignes néon lumineuses	des néons en boîte de nuit
5317	Ses volants volent partout !	Ses chaussures volent partout !	des couches de volants rouges	volants sur un col de chemise
5325	Les époux ont signé un document.	Les époux ont brûlé un document.	des époux qui signent des papiers	époux qui se disputent chez eux
5326	L'entraîneur lui bande la cheville.	L'entraîneur lui bande le poignet.	un entraîneur qui aide une gymnaste	entraîneur qui crie sur les joueurs
5331	Sa forme physique ? Elle écrase des pastèques !	Sa forme physique ? Elle écrase des noix de coco !	forme physique au bar de plage	une appli de remise en forme
5342	Du glaçage sur sa langue. Miam !	Du ketchup sur sa langue. Miam !	du glaçage sur la langue	se brûler la langue au thé
5355	Même le chat imite l'entraîneur !	Même le chien imite l'entraîneur !	un entraîneur dans le parc	dresseur de chiens avec des friandises
5356	Yoga sur un toit au coucher du soleil : le rêve.	Yoga sur la plage au coucher du soleil : le rêve.	du yoga sur un toit	cours de yoga en salle
5358	Elle jette un coup d'œil entre les livres.	Elle jette un coup d'œil entre les stores.	coup d'œil par une fente	coup d'œil dans un livre
5367	Elle s'en fourre plein la bouche !	Elle s'en fourre plein le sac !	fourrer un cheeseburger dans sa bouche	farcir une dinde
5398	Les gens forment une chaîne humaine.	Les gens forment une tour humaine.	chaîne humaine autour de la Terre	une chaîne en or
5409	Elle montre ses dents.	Elle montre sa langue.	dents de devant en gros plan	une dent de devant manquante
5424	Ils ont signé le traité.	Ils ont déchiré le traité.	poignée de main scellant un traité	déchirer un traité
5429	Elle leur fait confiance, les yeux fermés.	Elle leur fait confiance, les yeux ouverts.	faire confiance à l'équipe	faire confiance à un internaute
5441	L'oncle a laissé sa nièce gagner.	L'oncle a laissé son neveu gagner.	bras de fer avec un oncle	boxe avec un oncle
5449	Elle est enfin dans l'embrasure de la porte.	Elle est enfin dans le jardin.	une embrasure de porte en pierre	embrasure de porte avec un rideau
5458	La vitamine pétille comme une folle !	Le lait pétille comme un fou !	un comprimé de vitamine effervescent	un bonbon vitaminé qui fond
5470	Marche rapide au centre-ville, en costume.	Marche rapide au centre-ville, en jean.	aller au travail au centre-ville	un rooftop du centre-ville
5486	Il arrose le pot de fleurs.	Il peint le pot de fleurs.	pot de fleurs sur le rebord	un pot de fleurs cassé
