2155	Ce sourire sûr de soi, ça marche.	Ce sourire nerveux, ça marche.	un demi-sourire sûr de soi	un grand éclat de rire sûr de soi
2156	Le soleil est posé sur l'horizon.	La lune est posée sur l'horizon.	le soleil à l'horizon	un bateau à l'horizon
2157	Un bébé d'Inde porte de l'or.	Un bébé d'Inde porte du rouge.	un tableau venu d'Inde	un tapis venu d'Inde
2158	J'adore ce foulard orange !	J'adore ce foulard bleu !	un foulard orange	enlever son foulard
2159	Le chat se sent très majestueux.	Le chien se sent très majestueux.	un chat majestueux	un lion majestueux
2161	Le génie a une nouvelle idée.	Le génie a un nouveau chat.	un génie qui contemple les étoiles	un génie qui écrit des formules
2162	Ses cheveux roux sont parfaits.	Ses cheveux noirs sont parfaits.	de longs cheveux roux ondulés	des cheveux roux en chignon
2164	Un chemin s'enfonce dans les bois. Qui passe en premier ?	Une rivière s'enfonce dans les bois. Qui passe en premier ?	un chemin à travers les bois	une cabane dans les bois
2172	Une voiture de sport dans une tempête de peinture.	Une voiture de sport dans une tempête de neige.	une voiture de sport bleu foncé	une voiture familiale bleu foncé
2174	Un arbre fleurit sous la neige !	Un arbre brûle sous la neige !	un arbre qui fleurit la nuit	des fleurs qui éclosent au printemps
2175	Minuit dans la forêt de pins.	Minuit dans le désert.	minuit sous les étoiles	une fête à minuit
2176	Il pleut dans l'allée !	Il neige dans l'allée !	une allée de bibliothèque sous la pluie	une allée de supermarché bondée
2177	Même la lune est venue pour le DJ !	Même le soleil est venu pour le DJ !	un DJ dans la rue	un DJ en boîte
2178	Psst, deux chats jettent un coup d'œil.	Psst, deux chiens jettent un coup d'œil.	jeter un coup d'œil derrière les feuilles	jeter un coup d'œil par la fenêtre
2181	La rue est beaucoup trop bondée.	La rue est beaucoup trop vide.	une rue néon bondée	un wagon de train bondé
2182	Le randonneur a un sac à dos rouge.	Le randonneur a un sac à dos bleu.	un randonneur sur une corniche	un randonneur dans une tente
2184	Le tigre rugit !	Le lion rugit !	un tigre qui rugit	un tigre qui dort
2185	La pianiste a les cheveux blonds.	La pianiste a les cheveux noirs.	une pianiste au piano	une pianiste au synthé
2186	Jésus porte une couronne d'épines.	Jésus porte une couronne d'or.	une couronne d'épines	une rose avec des épines
2187	Bouddha médite.	Bouddha danse.	Bouddha en méditation	Bouddha allongé
2188	Le garçon pleure, maman non.	Le garçon chante, maman non.	pleurer sur un vélo	pleurer au lit
2189	Quelqu'un tombe par-dessus bord !	Quelqu'un plonge par-dessus bord !	tomber par-dessus bord à la renverse	s'endormir dans le bateau
2190	Ce méchant a les yeux en feu.	Ce méchant a les yeux bleus.	un méchant dans des ruines en feu	un méchant dans un château
2191	L'androïde a un visage humain.	L'androïde a une longue barbe.	une androïde lumineuse	un androïde dans une cuisine
2192	Harry Potter adorerait ces fioles.	Harry Potter adorerait ces balais.	des fioles en verre lumineuses	un thermos
2194	Les feuilles tropicales sont grandes. Wow.	Les feuilles tropicales sont minuscules. Wow.	des feuilles tropicales denses	une plage tropicale
2195	L'aquarelle coule.	La peinture à l'huile coule.	un portrait à l'aquarelle	un paysage à l'aquarelle
2199	Des roses délicates partout !	Des tulipes délicates partout !	de délicates roses roses	un vase en verre délicat
2200	Elle est élégante dans sa robe de soirée.	Elle est élégante dans son manteau.	une robe élégante et fluide	un costume noir élégant
2201	Son armure orange est trop stylée !	Son armure rose est trop stylée !	cheveux et armure orange	une orange dans sa main
2202	Son blazer blanc est élégant.	Son blazer rouge est élégant.	un blazer blanc élégant	un costume sombre élégant
2204	Il tient un agneau.	Il tient un chien.	un agneau dans ses bras	un agneau dans un pré
2207	La main du robot pointe quelque chose.	La main du robot fait coucou.	pointer un écran	pointer le ciel
2208	Ses cheveux sont rose vif.	Ses cheveux sont vert vif.	des cheveux rose vif	une robe rose vif
2211	Devine qui a un trident ? Le dieu de la mer.	Devine qui a un marteau ? Le dieu de la mer.	un dieu avec un trident	un trident dans le sable
2212	Jolies rayures, le tigre !	Jolies taches, le tigre !	un tigre à rayures noires	un zèbre à rayures noires
2213	Fait : les béliers ont des cornes enroulées.	Fait : les béliers ont des cornes plates.	un bélier aux cornes enroulées	un bélier qui broute
2214	Je vois un château à travers.	Je vois une église à travers.	regarder à travers un trou de roche	regarder à travers une fenêtre
2216	Elle prie devant un autel.	Elle chante devant un autel.	prier devant un autel aux bougies	se marier à l'autel
2217	Elle lance un sortilège. Stylé.	Elle lance un filet. Stylé.	lancer un sortilège magique	lancer un filet de pêche	FP: "spell of bad weather" pun does not exist in French; used the FS swap (net) instead
2218	Des circuits l'entourent.	Des fleurs l'entourent.	des lignes de circuit lumineuses	un circuit automobile
2220	Il compte l'argent avec soin.	Il compte les pièces avec soin.	compter une liasse de billets	compter les secondes
2224	Ils se tiennent la main.	Ils se serrent la main.	se tenir la main sous la pluie	se tenir la main au soleil
2225	Pauvre fille, ses cheveux sont trempés.	Pauvre fille, ses cheveux sont secs.	trempée par une grosse pluie	trempée dans l'eau chaude
2226	Il porte des bracelets dorés.	Il porte des gants dorés.	des bracelets dorés aux poignets	un bracelet en boutique
2227	Elle jette un coup d'œil en arrière. À toi ?	Elle jette un coup d'œil vers le bas. À toi ?	jeter un coup d'œil par-dessus l'épaule	jeter un coup d'œil à son téléphone
2228	Elle est assise au-dessus de la ville.	Elle est assise au-dessus de la mer.	haut au-dessus de la ville	au-dessus des nuages
2231	Un sphinx doré géant.	Un sphinx argenté géant.	une statue de sphinx doré	un chat sphynx endormi
2232	Le Bouddha a l'air paisible.	Le Bouddha a l'air en colère.	un Bouddha doré paisible	un temple doré paisible
2233	Elle a deux gants de baseball.	Elle a deux battes de baseball.	des gants de baseball aux deux mains	du baseball à la télé
2234	Le guerrier a de gros muscles.	Le guerrier a un gros bouclier.	les gros muscles d'un guerrier	le gros bouclier d'un guerrier
2235	On le voit parfaitement de profil.	On le voit de dos.	un homme de profil	une photo de profil en ligne
2236	Un palais sous une lune énorme. Wow !	Un palais sous un soleil énorme. Wow !	un palais dans les montagnes	un palais dans le désert
2237	Regarde cette voiture jaune brillante !	Regarde cette voiture rouge brillante !	une voiture jaune brillante	un bus jaune brillant
2238	La mosquée a plein de coupoles.	La mosquée a une seule coupole.	une grande mosquée à coupoles	une mosquée dans le désert
2242	La volée n'a plus aucune place libre.	La volée a encore plein de places libres.	une volée de petits oiseaux	un troupeau de moutons
2245	C'est juste un peu envahi par la végétation.	C'est juste un peu enneigé.	une maisonnette envahie par la végétation	une pelouse envahie par la végétation
2246	La vitrine présente une maisonnette miniature.	La vitrine présente un château miniature.	un jardin nocturne miniature	un train miniature
2247	L'Écosse a une église solitaire.	L'Écosse a un château solitaire.	une église en Écosse	un château en Écosse
2248	Elle flotte, gracieuse.	Elle danse, gracieuse.	un envol gracieux dans les airs	une danse gracieuse sur scène
2249	Une ville steampunk faite d'engrenages.	Une ville steampunk faite de verre.	des tours steampunk en laiton	une soirée costumée steampunk
2250	Elle contemple la ville.	Elle contemple la mer.	contempler une ville sous la pluie	contempler un ciel étoilé
2251	Dress code du paradis : une robe longue blanche.	Dress code du paradis : une robe longue noire.	une robe longue blanche	une robe longue à capuche
2254	Un palais gelé. Salut, Elsa !	Un lac gelé. Salut, Elsa !	un palais gelé et enneigé	des petits pois surgelés en sachet
2256	Ses jambes sont entièrement mécaniques.	Ses jambes sont entièrement en bois.	des bras et jambes mécaniques	une montre mécanique
2257	Ses sourcils sont très foncés.	Ses sourcils sont très clairs.	des sourcils épais et foncés	des sourcils fins et blonds
2258	L'église a une haute flèche.	L'église a un dôme rond.	une haute flèche d'église	une flèche sur un château
2259	Emmène-moi à ce lagon, maintenant !	Emmène-moi à ce glacier, maintenant !	un lagon turquoise bordé de palmiers	un lagon gelé en hiver
2260	Pauvre barque à rames, personne n'en veut.	Pauvre navire, personne n'en veut.	une barque à rames vide	une barque à rames pleine de monde
2262	Des points et des lignes les connectent.	Des points et des lignes les séparent.	des lignes qui connectent deux personnes	un câble qui connecte un téléphone
2268	Elle est sur une corde raide. Sans filet !	Elle est sur une échelle. Sans filet !	en équilibre sur une corde raide	un numéro de corde raide au cirque
2269	Son chemisier est ample et blanc.	Sa robe est ample et blanche.	un chemisier blanc ample	un chemisier noir moulant
2271	Elle se pose tranquille dans un couloir.	Elle se pose tranquille dans une cuisine.	un couloir de vaisseau spatial	un couloir d'hôpital
2273	Jean déchiré, full look denim.	Jean déchiré, full look noir.	un jean bleu très déchiré	repasser un jean bleu
2274	Ce col en dentelle est trop chic !	Ce col en fourrure est trop chic !	un col en dentelle ouvragé	nouer un lacet
2275	Jolie tenue, grosses baskets !	Jolie tenue, baskets minuscules !	une tenue streetwear	une tenue de mariage
2278	Il lève les yeux vers le ciel.	Il lève les yeux vers un avion.	lever les yeux vers les nuages	chercher un mot au dictionnaire
2280	Il l'étreint au coucher du soleil.	Il l'étreint dans une voiture.	s'étreindre sur un voilier	embrasser une nouvelle idée
2282	De la voile au coucher du soleil. Trop chill.	Du surf au coucher du soleil. Trop chill.	la voile au coucher du soleil	la voile dans la tempête
2284	Des plumes ? Coiffure audacieuse.	Des perles ? Coiffure audacieuse.	une coiffure en plumes	une coiffure courte
2285	Son sweat-shirt est énorme.	Son sac à dos est énorme.	un grand sweat-shirt bleu	un sweat-shirt sur une chaise
2287	Il est assis seul, rongé par le chagrin.	Il est assis seul dans une voiture.	le chagrin dans un jardin sombre	le chagrin à un enterrement
2288	Crop top à la marina.	Crop top à la station de ski.	un crop top noir	un crop top blanc
2291	Juste quelques astéroïdes. Détends-toi.	Juste quelques oiseaux. Détends-toi.	des astéroïdes qui flottent	un astéroïde qui frappe la Terre
2295	Ces manches sont énormes !	Ces bottes sont énormes !	de larges manches blanches	des manches courtes noires
2296	Sa robe fleurie est assortie au mur !	Sa robe rayée est assortie au mur !	une robe fleurie orange	une chemise de plage fleurie
2297	Les vagues frappent le rivage.	Les vagues frappent le bateau.	des palmiers sur le rivage	un bateau sur le rivage
2300	La guitare est en flammes !	Le piano est en flammes !	une guitare en flammes	une maison en flammes
2301	On lance la navette.	On lance l'avion.	lancer une navette spatiale	lancer un nouveau produit
2302	Il est en apesanteur et détendu.	Il est en apesanteur et effrayé.	un astronaute en apesanteur	une plume en apesanteur
2305	Un chemin rocheux vers un phare.	Un chemin rocheux vers un château.	un promontoire rocheux	une plage rocheuse avec transats
2306	La campagne n'en finit pas.	La ville n'en finit pas.	des enfants à la campagne	des enfants qui quittent la campagne
2308	Le Viking tient une lame.	Le Viking tient une hache.	un Viking en fourrure	un Viking sur un bateau
2310	Une mélodie s'élève du piano.	Une mélodie s'élève du tambour.	une mélodie dorée qui s'élève	une mélodie dorée qui retombe
2311	Le vitrail est immense.	Le vitrail est minuscule.	de hauts vitraux	une lampe en vitrail
2312	Une voiture de course près des palmiers.	Une voiture de course près des pins.	une voiture de course rouge	un cheval de course rouge
2313	Mon chez-moi, c'est là où est le camping-car.	Mon chez-moi, c'est là où est la tente orange.	un camping-car orange	un camping-car en ville
2314	Le costume du fantôme : un vieux drap.	Le costume du fantôme : une vieille serviette.	un fantôme en drap blanc	un fantôme dans un château
2315	Ce paysage est en papier !	Ce paysage est en verre !	un paysage en papier	une photo de paysage
2317	Sa capuche rouge est relevée.	Sa capuche rouge est baissée.	une capuche rouge relevée	le capot d'une voiture
2318	Elle a une très longue épée.	Elle a une très longue lance.	une longue épée courbe	une longue épée droite
2322	Le verre est cassé !	L'horloge est cassée !	un portrait dans un miroir cassé	un bras cassé dans le plâtre
2324	Il chante comme une star !	Il danse comme une star !	chanter dans un micro	chanter sous la douche
2326	Le prince a des cheveux bleus trop stylés.	Le prince a des cheveux roses trop stylés.	un prince avec une couronne	un prince à cheval
2327	Cette voiture et les palmiers, c'est trop stylé.	Ce vélo et les palmiers, c'est trop stylé.	des palmiers au coucher du soleil	des palmiers sur une île
2328	Quel trône « modeste » !	Quel lit « modeste » !	un immense trône doré	un trône doré vide
2330	Elle veut te donner des fleurs.	Elle veut te donner un gâteau.	donner trois fleurs jaunes	donner des roses rouges
2333	Ils sont trop amoureux !	Ils sont trop en colère !	amoureux sous les feuilles d'automne	amoureux sur une plage
2340	Cette maison est un peu étrange.	Cette voiture est un peu étrange.	une étrange maison haute	un étrange vieux bateau
2341	Les fleurs rendent la mort jolie.	Les bougies rendent la mort jolie.	la mort parmi les fleurs	la mort dans un accident de voiture
2344	Les maisons sont un peu tordues.	Les arbres sont un peu tordus.	de hautes maisons tordues	un cadre photo tordu
2345	Quelle longue barbe de sorcier !	Quelle courte barbe de sorcier !	un vieux sorcier en gris	un vieux sorcier en rouge
2347	Il explore une exoplanète.	Il explore une grotte profonde.	explorer un monde extraterrestre	explorer un vieux château
2349	Même le chat s'est déguisé !	Même le chien s'est déguisé !	déguisés en sorcières	déguisés en pirates
2350	Quelqu'un a sculpté des visages ! Wow !	Quelqu'un a sculpté des prénoms ! Wow !	des visages sculptés dans des citrouilles	des visages sculptés dans le bois
2351	Quelqu'un conduit une voiture verte.	Quelqu'un conduit une voiture jaune.	conduire à travers l'automne	conduire dans la neige
2353	Les champignons sont géants, frère.	Les champignons sont minuscules, frère.	des champignons roses géants	des fleurs roses géantes
2354	Une immense coiffe dorée !	Une immense coiffe argentée !	une immense coiffe dorée	enlever une coiffe
2356	La route mène vers une planète.	La route mène vers un château.	vers une planète géante	vers une ville géante
2357	La maison est en noir et blanc.	La maison est en rouge et blanc.	un dessin en noir et blanc	un film en noir et blanc
2358	La ferme a des toits rouges.	La ferme a des toits bleus.	une ferme à flanc de colline	une ferme avec des vaches
2359	Ils portent des tenues traditionnelles.	Ils portent des tenues modernes.	une tenue indienne traditionnelle	un gâteau de mariage traditionnel
2360	Cette voiture rouge a l'air hyper rapide.	Ce van rouge a l'air hyper rapide.	une voiture rouge rapide	un bateau rouge rapide
2363	Elle se transforme en fumée mystérieuse.	Elle se transforme en eau mystérieuse.	une femme de fumée mystérieuse	une porte verrouillée mystérieuse
2364	Un taureau blanc est derrière lui.	Un cheval blanc est derrière lui.	un taureau aux cornes courbées	un taureau dans une arène
2365	Son armure en métal brille trop.	Son armure en métal est trop sale.	une armure en métal rouge	une voiture en métal rouge
2367	Cette voiture est un peu sale.	Ce bus est un peu sale.	une vieille voiture de sport sale	un vieux bus sale
2368	Cette plage, c'est le paradis total.	Ce désert, c'est le paradis total.	un paradis tropical au coucher du soleil	un paradis pour skieurs
2371	L'ange est perdu dans son chagrin.	L'ange est perdu dans un livre.	un ange plein de chagrin	un ange plein de joie
2372	Il a l'air complètement épuisé.	Il a l'air complètement surexcité.	un travailleur épuisé	une batterie de téléphone épuisée
2373	L'univers a l'air bondé.	L'univers a l'air vide.	un univers plein de planètes	un univers sans étoiles
2375	Moitié gris, moitié jaune. Elle n'arrive pas à se décider.	Moitié gris, moitié vert. Elle n'arrive pas à se décider.	une moitié de voiture jaune	une moitié de bus jaune
2378	Elle se détend à fond, là.	Elle court à fond, là.	se détendre sous la lune	se détendre à la plage
2379	Des feuilles rouges tombent.	Des pommes rouges tombent.	des feuilles qui tombent sous la pluie	de la neige qui tombe sur les voitures
2380	La voiture s'échappe de l'incendie !	La voiture s'échappe de l'inondation !	s'échapper d'une forêt en feu	s'échapper d'une maison en feu
2381	Ces griffes sont vraiment acérées !	Ces dents sont vraiment acérées !	des griffes sur une branche	des griffes de chat
2382	Regarde, sa queue a des écailles bleues.	Regarde, sa queue a des écailles roses.	une queue aux écailles bleues	monter sur la balance
2383	Du feu et des pierres précieuses partout !	De la glace et des pierres précieuses partout !	des pierres précieuses colorées	des pierres précieuses dans une grotte
2384	Un tout petit royaume sur une colline.	Un tout petit royaume sur une île.	un royaume de conte	le règne animal
2385	Un paysage extraterrestre violet.	Un paysage extraterrestre vert.	un monde extraterrestre violet	un extraterrestre dans un vaisseau
2386	La rambarde fait face au coucher du soleil.	La rambarde fait face à une montagne.	une rambarde de balcon en métal	une rambarde d'escalier
2387	L'arbre est tordu. Stylé.	L'arbre est droit. Stylé.	un vieil arbre tordu	une clôture en métal tordue
2388	Ce gamer adore le rose.	Ce gamer adore le vert.	un gamer en rose	un gamer en bleu
2389	Elle prie avec foi.	Elle prie les bras ouverts.	prier avec une foi profonde	perdre la foi
2390	Si élégante à la plage !	Si élégante sur un bateau !	un look de plage élégant	un manteau d'hiver élégant
2391	Paysage épique, ciel rouge.	Paysage épique, ciel bleu.	un paysage avec une lune géante	un décor de spectacle scolaire
2392	Une promenade en chapeau de paille ? Stylé.	Une promenade en chapeau rouge ? Stylé.	une promenade parmi les fleurs	une promenade sur la plage
2393	Look de bureau avec talons hauts.	Look de bureau avec baskets.	des talons hauts noirs à brides	des talons hauts dans une boîte
2394	Il doit choisir une route.	Il doit choisir un bateau.	choisir la bonne route	choisir la bonne robe
2395	Son gilet a des boutons dorés.	Son gilet a des boutons argentés.	un gilet en cuir noir	un gilet sous une veste
2396	Ce corset lacé est sublime.	Ce gant lacé est sublime.	un corset lacé	des bottes lacées
2397	Cette pièce est tellement lugubre !	Cette pièce est tellement ensoleillée !	une pièce gothique lugubre	un jour de pluie lugubre
2398	La terrasse offre une vue sur la mer.	La terrasse offre une vue sur la ville.	une terrasse carrelée en bord de mer	une terrasse à la montagne
2400	Ça, c'est un Viking féroce !	Ça, c'est un pirate féroce !	un regard féroce et furieux	une tempête féroce en mer
2401	Un chemin vers un monde imaginaire.	Un chemin vers une ville animée.	un chemin de forêt imaginaire	une couverture de livre fantasy
2404	Ce lotus a un cœur orange.	Ce lotus a un cœur violet.	une fleur de lotus blanche	la posture du lotus au yoga
2406	Une jeep, beaucoup trop de sacs !	Un vélo, beaucoup trop de sacs !	une jeep pleine de sacs	une jeep en ville
2408	L'imagination ouvre un vrai chemin.	L'imagination ouvre une vraie porte.	un livre d'imagination	aucune imagination
2411	Cette couronne est tellement ouvragée !	Ce masque est tellement ouvragé !	une couronne dorée ouvragée	une porte en bois ouvragée
2412	Ils marchent bras dessus, bras dessous.	Ils courent bras dessus, bras dessous.	marcher bras dessus, bras dessous	assis bras dessus, bras dessous
2413	Elle serre un petit loup dans ses bras !	Elle serre un petit ours dans ses bras !	câliner un petit loup	câliner un grand loup
2415	Le dieu porte des guirlandes de fleurs.	Le dieu porte des guirlandes de papier.	des guirlandes de fleurs rouges	des guirlandes sur un sapin de Noël
2417	L'ombre et la lumière en harmonie.	Le rouge et le bleu en harmonie.	une sphère d'harmonie	chanter en harmonie
2418	Je crois que c'est un oiseau chanteur.	Je crois que c'est un pigeon.	un oiseau chanteur sur une branche	un oiseau chanteur sur un toit
2420	Cette tour branlante est « sûre ».	Ce pont branlant est « sûr ».	une tour de maisons branlante	une vieille chaise branlante
2421	Ce champignon est grand. Vraiment grand.	Ce champignon est petit. Vraiment petit.	un champignon pâle géant	de la moisissure sur du vieux pain
2422	Elle lit en salopette.	Elle dort en salopette.	une salopette en jean bleu	une salopette pleine de peinture
2424	Des cyprès poussent à gauche.	Des cyprès poussent à droite.	une rangée de cyprès	un cyprès en pot
2425	Un chat noir dans un cadre flippant !	Un chat blanc dans un cadre flippant !	un cadre aux roses noires	un cadre de vélo
2428	Trois écrans, concentration maximale.	Deux écrans, concentration maximale.	trois grands écrans	un babyphone
2429	Yo, le cerf est dans un ruisseau.	Yo, le cerf est dans un champ.	un cerf dans un ruisseau	un cerf dans la neige
2430	La rivière coule entre les rochers.	La rivière coule entre les maisons.	une rivière qui coule entre des rochers	une rivière qui coule en ville
2432	Sa pose de flamenco, c'est du feu !	Sa pose de ballet, c'est du feu !	du flamenco avec un éventail	du flamenco sur scène
2433	Le cheval galope vers nous !	L'âne galope vers nous !	un cheval blanc qui galope	un cheval noir qui galope
2434	La nature morte montre des fleurs.	La nature morte montre des oranges.	une nature morte aux fleurs	une nature morte aux fruits
2435	Le ruisseau est plein de galets.	Le ruisseau est plein de poissons.	des galets lisses et ronds	des galets sur une plage
2439	La nuit, la rue est mouillée.	La nuit, la rue est sèche.	une rue mouillée la nuit	une plage de sable mouillée
2440	L'électricité est partout !	L'eau est partout !	des étincelles d'électricité	une facture d'électricité
2446	Gros nœuds, longs lacets !	Gros nœuds, lacets courts !	de longs lacets jaunes	des lacets jaunes cassés
2449	Juste « quelques » vitrines illuminées.	Juste « quelques » vitrines éteintes.	des vitrines illuminées	une vitrine brisée
2450	Un orage sur l'eau.	Un orage sur la ville.	un orage au-dessus de l'eau	un orage au-dessus d'une ville
2451	Un oiseau près de la tour Eiffel.	Un avion près de la tour Eiffel.	la tour Eiffel au bord du fleuve	la tour Eiffel sous la neige
2452	Cette balade sous la neige est romantique !	Cette balade sous la pluie est romantique !	une balade romantique sous la neige	un dîner romantique aux chandelles
2454	Le chemin sinueux a des lanternes.	Le chemin droit a des lampadaires.	un chemin pavé sinueux	une rivière de montagne sinueuse
2455	Elle porte un short vert.	Elle porte un pantalon vert.	un short en jean vert	un short de bain vert
2457	L'infirmière a un stéthoscope.	L'infirmière a un bloc-notes.	une infirmière en uniforme	une infirmière avec un bébé
2458	Une maison de ferme aux fenêtres éclairées.	Une maison de ferme aux fenêtres sombres.	une maison de ferme au coucher du soleil	une maison de ferme au bord de la mer
2460	Des fleurs sauvages dans un pot bleu, trop mignon.	Des fleurs sauvages dans un pot rouge, trop mignon.	un pot de fleurs sauvages	un champ de fleurs sauvages
2462	Il y a une lune dans le ciel étoilé.	Il y a un arc-en-ciel dans le ciel étoilé.	un ciel nocturne étoilé	une nuit étoilée en ville
2463	La vallée présente des pivoines roses.	La vallée présente des tulipes roses.	des pivoines roses sur une colline	des pivoines dans un vase
2464	Les motifs sont symétriques.	Les motifs sont colorés.	des motifs de feuilles symétriques	un bâtiment symétrique
2465	Elle flotte. Rien de spécial.	Elle nage. Rien de spécial.	flotter dans un ciel bleu	flotter dans une piscine
2466	Sa robe est faite de cristaux.	Sa robe est faite de plumes.	une robe de cristaux lumineux	un verre d'eau en cristal
2470	Le saxophone a un pavillon courbé.	Le saxophone a un pavillon droit.	un saxophone qui flotte	un joueur de saxophone
2471	Elle, c'est un vrai rat de bibliothèque.	Elle, c'est une vraie gameuse.	un rat de bibliothèque avec un livre	un rat de bibliothèque avec un téléphone
2472	Son uniforme est vraiment impeccable.	Son manteau est vraiment impeccable.	un uniforme scolaire	un uniforme de police
2473	La couronne est sur une porte rouge.	La couronne est sur une porte bleue.	une couronne sur la porte	une couronne sur sa tête
2474	Une écume sauvage sur une mer déchaînée.	Une écume sauvage sur une mer calme.	de l'écume sur des vagues déchaînées	un café avec de la mousse de lait
2475	Elle lit pieds nus.	Elle danse pieds nus.	pieds nus sur une méridienne	pieds nus sur la plage
2477	Le vent lui a ébouriffé les cheveux.	La pluie lui a ébouriffé les cheveux.	des cheveux bruns ébouriffés	une chambre en bazar
2478	Le médecin nous sourit.	Le médecin nous crie dessus.	un médecin de dessin animé souriant	un médecin en pleine opération
2480	La voiture a beaucoup trop de cadeaux !	La voiture a beaucoup trop de chiens !	des cadeaux sur le toit d'une voiture	des cadeaux sous un sapin
2481	Il tient un globe.	Il tient un ballon.	tenir un globe	une boule à neige
2482	Autant de tourelles sur un seul château !	Autant de drapeaux sur un seul château !	des tourelles de château pointues	une tourelle de char
2483	Des fleurs séchées reposent dans le livre.	Des fleurs fraîches reposent dans le livre.	des fleurs séchées dans un livre	des fruits séchés dans un bol
2484	L'église a un haut clocher.	Le château a un haut clocher.	un clocher sous la neige	un clocher en pleine ville
2485	L'homme-corbeau a l'air sinistre.	L'homme-chat a l'air sinistre.	un sinistre homme-corbeau	un sinistre chat noir
2486	Des hiéroglyphes couvrent le mur.	Des fleurs couvrent le mur.	un mur de hiéroglyphes	des hiéroglyphes dans un manuel
2490	Joli chapeau ! Le bonhomme de neige a froid ?	Joli chapeau ! Le chien a froid ?	un bonhomme de neige avec un chapeau	faire un bonhomme de neige
2492	Le village est tellement animé !	Le village est tellement calme !	un village enneigé animé	une plage animée en été
2493	La ferme est cousue comme une courtepointe.	La ferme est cousue comme un drapeau.	une ferme en courtepointe	une courtepointe sur un lit
2494	Rue victorienne. C'est Sherlock, là ?	Rue moderne. C'est Sherlock, là ?	une rue victorienne enneigée	un goûter victorien
2495	J'ai compté deux moineaux.	J'ai compté quatre moineaux.	deux moineaux sur une branche	deux moineaux dans la neige
2497	Le Père Noël prend une pause.	Le Père Noël prend un bain.	le Père Noël avec des cadeaux	le Père Noël avec ses rennes
2498	Ils se font un tendre câlin.	Ils se font un tendre bisou.	une tendre étreinte	un steak tendre
2499	Deux ours en peluche se font un câlin.	Deux ours en peluche se battent.	des ours en peluche dans la neige	des ours en peluche sur un lit
2500	Il tape sur un ordinateur portable.	Il tape sur un téléphone.	taper sur un ordinateur portable	porter un ordinateur portable
2501	Shiva médite sur un rocher.	Shiva médite dans un bateau.	Shiva avec un trident	Shiva avec une épée
2502	Un sanctuaire en forêt couvert de mousse.	Un sanctuaire dans le désert couvert de sable.	un sanctuaire moussu en forêt	un sanctuaire en ville
2504	Krishna a une plume de paon.	Krishna a une plume d'aigle.	Krishna avec une couronne	Krishna avec une flûte
2505	La pluie, un fusil et zéro plainte.	Le soleil, un fusil et zéro plainte.	un long fusil à lunette	un fusil par terre
2506	Ici, tout est géométrique.	Ici, tout est bleu.	des formes géométriques roses	un contrôle de géométrie
2509	Un chemin traverse la lavande.	Un chemin traverse le blé.	des rangées de lavande violette	un flacon d'huile de lavande
2510	L'heure du coucher pour un garçon et un chat !	L'heure du coucher pour un garçon et un chien !	l'heure du coucher sous une couverture	une histoire avant l'heure du coucher
2511	Des étincelles volent autour d'eux.	Des feuilles volent autour d'eux.	des étincelles autour d'un couple	une étincelle sortant d'une prise
2512	Ce livre de coloriage n'attend que toi.	Cet album photo n'attend que toi.	une page de livre de coloriage	une couverture de livre de coloriage
2514	Elle ajoute des herbes dans un bol.	Elle ajoute du sel dans un bol.	saupoudrer des herbes séchées	hacher des herbes fraîches
2516	C'est l'année 2024.	C'est l'année 2025.	l'année 2024 qui brille	l'année 2025
2519	T'as vu ce jardin de derrière ? Un flamant rose !	T'as vu ce jardin de derrière ? Une balançoire !	un petit jardin de derrière animé	un potager dans le jardin de derrière
2520	Une lumière sacrée venue d'en haut !	Une lumière sacrée venue d'en bas !	un rayon de lumière sacré	un fleuve sacré
2522	Les trèfles ont quatre feuilles.	Les trèfles ont trois feuilles.	des trèfles à quatre feuilles	un champ de trèfle avec des vaches
2523	La chute de neige est forte ce soir.	L'averse de pluie est forte ce soir.	une forte chute de neige sur un village	une légère chute de neige en ville
2524	Il a une canne.	Il a un grand parapluie.	s'appuyer sur une canne	une canne de randonnée
2525	Maman soulève son ourson.	Maman soulève son renardeau.	soulever le petit	soulever une caisse lourde
2526	Poséidon a deux lances.	Poséidon a deux épées.	Poséidon surgissant des vagues	Poséidon coulant un navire
2527	Le DJ porte un masque à gaz. Pourquoi ?	Le DJ porte une cagoule. Pourquoi ?	masque à gaz et casque audio	masque à gaz et lunettes
2528	Un haut-de-forme violet ? Choix audacieux.	Un haut-de-forme noir ? Choix audacieux.	un haut-de-forme violet brillant	le haut-de-forme d'un magicien
2529	Il a un visage doux.	Il a un chien doux.	un visage doux et calme	une mer douce et calme
2530	La lueur de bougie brille parmi les roses.	La lueur de bougie brille parmi les livres.	une lueur de bougie dans une lanterne	une lueur de bougie sur un gâteau
2531	Même le ciel scintille pour eux.	Même la mer scintille pour eux.	un ciel nocturne scintillant	de l'eau pétillante dans un verre
2532	Sa robe a des volants gris.	Sa robe a des volants rouges.	une robe à volants gris	des volants sur un chapeau rouge
2533	Le fond est brumeux.	Le fond est ensoleillé.	une vieille rue brumeuse	un lac de montagne brumeux
2536	Ce chimpanzé a l'air d'un vrai motard.	Ce chimpanzé a l'air d'un vrai surfeur.	un chimpanzé à moto	un chimpanzé dans un arbre
2537	La fille lit une histoire du soir.	Le garçon lit une histoire du soir.	une histoire du soir au lit	une histoire du soir à la télé
2538	Le Petit Chaperon rouge fait confiance au loup.	Le Petit Chaperon rouge fait confiance à l'ours.	le loup du Petit Chaperon rouge	la mamie du Petit Chaperon rouge
2539	L'intelligence artificielle vit dans sa tête.	L'intelligence artificielle vit dans sa voiture.	un robot à intelligence artificielle	une appli d'intelligence artificielle
2540	Quel cachot « douillet ».	Quel jardin « douillet ».	un cachot sombre aux bougies	une cave sombre pleine de vin
2541	Personne n'a nettoyé cet escalier.	Personne n'a nettoyé cette cuisine.	un escalier en pierre délabré	un pont en pierre délabré
2543	L'éléphant a de longues défenses.	L'éléphant a de courtes défenses.	deux longues défenses blanches	un morse avec des défenses
2544	Hanuman a une couronne dorée.	Hanuman a une couronne argentée.	Hanuman avec un bâton doré	Hanuman avec une épée
2545	Le singe adore son dieu.	Le singe dort devant son dieu.	adorer un dieu sur des marches	adorer une star du foot
2546	Cette salle est « assez » spacieuse.	Cette salle est « assez » minuscule.	une salle spacieuse	une voiture spacieuse
2547	Ces amanites tue-mouches sont énormes !	Ces amanites tue-mouches sont minuscules !	des amanites tue-mouches géantes	des amanites dans un panier
2548	Autant de tonneaux. De la bière, peut-être ?	Autant de vélos. De la bière, peut-être ?	des tonneaux en bois empilés	un tonneau de bière fraîche
2549	Le père et le fils font la fête !	Le père et le fils pleurent !	un père qui porte son fils	un père qui porte les courses
2550	Elle est assise en tailleur, pieds nus.	Elle est assise en tailleur, en bottes.	assis en tailleur	debout en tailleur
2551	Vibes de Miami : palmiers et néons.	Vibes de Miami : neige et néons.	une rue néon à Miami	une plage de Miami à midi
2552	Elle est dans la réalité virtuelle.	Elle est dans une piscine.	un casque de réalité virtuelle	la réalité virtuelle à l'école
2556	Fait : le cerveau brille.	Fait : le cœur brille.	un cerveau lumineux	un cerveau dans un bocal
2557	Attends, le voilier est en verre ?	Attends, le voilier est en bois ?	un voilier en verre	un voilier dans une bouteille
2558	Elle vole. La liberté totale !	Elle nage. La liberté totale !	la liberté au-dessus de la mer	la liberté sous la mer
2559	Cet arbre fait pousser des pièces !	Cet arbre fait pousser des pommes !	des pièces qui tombent d'un arbre	des pièces dans une tirelire
2560	Marcher sur l'eau ? Un miracle !	Marcher sur le feu ? Un miracle !	un miracle sur l'océan	un remède miracle contre le rhume
2562	Nuit de pluie, détective solitaire.	Journée de soleil, détective solitaire.	un détective sous la pluie	un détective sur une scène de crime
2563	Un marchand vérifie du grain.	Un marchand vérifie des pièces.	un marchand à la lueur des bougies	un marchand au marché
2564	Cette grappe d'hortensia est bleue.	Cette grappe d'hortensia est rose.	une grappe d'hortensia bleue	un hortensia dans un vase
2567	La sainte porte un voile blanc.	La sainte porte un voile rouge.	une sainte auréolée	un saint à cheval
2571	Le garçon est grognon. Encore.	La fille est grognon. Encore.	un petit garçon grognon	un vieil homme grognon
2572	Les triangles brillent.	Les cercles brillent.	des triangles néon lumineux	un panneau routier triangulaire
2575	Le DJ est complètement anonyme.	Le chef est complètement anonyme.	un DJ anonyme à capuche	une lettre anonyme
2576	Il a le cœur brisé à Paris.	Il a le cœur brisé à Rome.	le cœur brisé sous la pluie	le cœur brisé sous la neige
2578	La visière est comme un miroir.	La visière est comme une fenêtre.	une visière de casque miroir	une casquette à visière
2579	Ses lunettes sont super bizarres.	Son chapeau est super bizarre.	une machine rétro bizarre	une vieille voiture bizarre
2580	L'archer bande son arc.	L'archer dégaine une épée.	une statue d'archer	un tableau d'archer
2581	Il joue d'une flûte en bambou.	Il joue d'un tambour en bambou.	jouer d'une flûte en bambou	tailler une flûte en bambou
2583	Elle apprécie l'ambiance.	Elle apprécie la pizza.	apprécier la musique	apprécier le soleil
2584	C'est un baptême dans une rivière.	C'est un baptême dans une église.	un baptême dans la rivière	un baptême à l'église
2586	La meilleure amitié du monde : un robot géant et une petite fille.	La meilleure amitié du monde : un chien géant et une petite fille.	une amitié improbable	un bracelet d'amitié
2594	Le robot apprend des choses sur lui-même.	Le robot apprend des choses sur les chats.	un robot qui apprend à lire	un robot qui apprend à voler
2595	Quelqu'un a oublié un piano à queue dehors.	Quelqu'un a oublié un piano à queue à l'intérieur.	un piano à queue dehors	un piano à queue à l'intérieur
2600	Frère, deux scarabées se posent tranquille.	Frère, deux escargots se posent tranquille.	des scarabées sur des feuilles	des scarabées qui survolent des fleurs
2601	L'homme s'agenouille pour prier.	L'homme s'assoit pour prier.	s'agenouiller sur la pierre	s'agenouiller sur un canapé moelleux
2602	Ils skient en descente, à fond.	Ils skient en montée, à fond.	skier sur une pente raide	skier sur une route plate
2603	La partition est écrite à la main.	La partition est imprimée.	une vieille partition manuscrite	une nouvelle partition imprimée
2604	Un arbre sans vie, une lune verte.	Un arbre sans vie, une lune blanche.	un arbre sans vie sur des rochers	un arbre en pot sans vie
2605	Il berce un bébé.	Il berce un agneau.	bercer un bébé	caler un téléphone
2606	Sa tête, c'est du pur mécanisme d'horlogerie.	Sa tête, c'est du pur verre.	un mécanisme d'horlogerie dans la tête	une souris mécanique à remonter
2607	Les chats portent des manteaux habillés.	Les chiens portent des manteaux habillés.	des chats qui portent de longs manteaux	des chats qui portent des colliers
2611	Sa ceinture a une boucle en métal.	Son sac a une boucle en métal.	une boucle de ceinture en métal	boucler sa ceinture de sécurité
2612	Deux boutons ne sont pas encore ouverts.	Deux boutons se sont déjà ouverts.	deux boutons rouges fermés	deux boutons rouges ouverts
2614	Deux garçons sont près d'un minaret.	Deux filles sont près d'un minaret.	marcher vers un minaret	monter dans un minaret
2618	L'écriture manuscrite est attachée.	L'écriture manuscrite est en script.	une écriture manuscrite pâlie	une écriture script soignée
2621	Le mât porte plein de cordages.	Le mât porte plein de drapeaux.	un grand mât avec ses cordages	un mât avec des drapeaux pirates
2622	Une statue de la Liberté miniature !	Une tour Eiffel miniature !	une mini statue de la Liberté	un costume de statue de la Liberté
2623	Le lierre recouvre la bibliothèque.	La neige recouvre la bibliothèque.	une bibliothèque couverte de lierre	un château couvert de lierre
2625	L'ingénieur rêve de grues.	L'ingénieur rêve de chevaux.	le casque de chantier d'un ingénieur	un ingénieur devant un ordinateur
2626	Une ville vit dans sa tête chauve.	Une ferme vit dans sa tête chauve.	une tête chauve de profil	une tête chauve avec des lunettes
2629	Ses cheveux sont coiffés en deux couettes.	Ses cheveux sont coiffés en deux chignons.	deux longues couettes tressées	deux petites couettes bouclées
2631	Ses lunettes ont des lentilles rondes.	Ses lunettes n'ont pas de lentilles.	des lentilles rondes teintées	une lentille d'appareil photo
2633	Cet arbre, c'est une boîte de nuit. Regarde les rayons !	Cet arbre, c'est une boîte de nuit. Regarde les oiseaux !	des rayons de lumière colorée	les poutres en bois d'un toit
2634	Chaque bouteille a un bouchon.	Chaque bouteille a une paille.	des bouteilles fermées par des bouchons	un tableau en liège avec des notes
2635	Le magnolia est blanc crème.	Le magnolia est jaune vif.	une fleur de magnolia ouverte	un magnolia dans un jardin
2641	Des rayons remplissent le ciel !	Des rayons remplissent la pièce !	des rayons de lumière dorés	des rayons à travers une fenêtre
2648	Cette fourmi est plus grande que moi !	Cette abeille est plus grande que moi !	une énorme fourmi noire	une énorme fourmilière
2649	Ces lunettes de protection sont énormes !	Ces boucles d'oreilles sont énormes !	des lunettes de protection lumineuses	des lunettes de natation
2651	Le toit rouge a des taches blanches.	Le toit rouge a des taches noires.	un chapeau à taches blanches	un chien à taches blanches
