file	LUFS before	dBTP before	LUFS after	dBTP after	new file
461__a58_noun1_zoe_07ec18af.m4a	-19.0	-5.5	-19.0	-5.5	kept
7071__a66_phrase3_nathan_1b4c12e8.m4a	-19.2	-2.1	-19.2	-2.1	kept
7071__a58_caption3_nathan_64c2ff74.m4a	-18.8	-1.0	-18.8	-1.0	kept
62__a65_noun3_evan_1a6980df.m4a	-19.0	-3.2	-19.0	-3.2	kept
8039__a65_caption2_ava_7c414edf.m4a	-19.1	-5.2	-19.1	-5.2	kept
236__a64_story2_ava_74156aa2.m4a	-19.0	-6.3	-19.0	-6.3	kept
236__a58_caption1_ava_d0114aac.m4a	-19.0	-3.6	-19.0	-3.6	kept
461__a58_story3_zoe_3785e69b.m4a	-18.8	-3.7	-18.8	-3.7	kept
461__a58_noun2_zoe_c493b788.m4a	-18.7	-2.6	-18.7	-2.6	kept
8039__a65_caption3_ava_5fa8b3ac.m4a	-18.9	-6.5	-18.9	-6.5	kept
7071__a58_noun1_nathan_a1564765.m4a	-19.1	-2.1	-19.1	-2.1	kept
62__a65_phrase3_evan_34606ff5.m4a	-19.0	-3.3	-19.0	-3.3	kept
7071__a66_row2_nathan_1b4c12e8.m4a	-19.2	-2.1	-19.2	-2.1	kept
236__a65_noun2_ava_c0f96029.m4a	-19.0	-4.7	-19.0	-4.7	kept
236__a58_caption2_ava_9750e7e5.m4a	-19.0	-5.1	-19.0	-5.1	kept
62__a58_caption1_evan_87d295f2.m4a	-19.0	-3.2	-19.0	-3.2	kept
461__a58_noun3_zoe_6d17215d.m4a	-19.0	-6.1	-19.0	-6.1	kept
7071__a58_noun3_nathan_f2c16da2.m4a	-19.0	-3.2	-19.0	-3.2	kept
8039__a65_phrase1_ava_23219644.m4a	-19.0	-5.9	-19.0	-5.9	kept
62__a65_row2_evan_34606ff5.m4a	-19.0	-3.3	-19.0	-3.3	kept
236__a65_phrase2_ava_ad0bddb1.m4a	-19.0	-6.5	-19.0	-6.5	kept
236__a58_caption3_ava_75fd9a27.m4a	-18.9	-4.3	-18.9	-4.3	kept
7071__a66_story2_nathan_e4590414.m4a	-19.0	-2.7	-19.0	-2.7	kept
62__a58_caption2_evan_478f9372.m4a	-19.8	-2.4	-19.1	-1.7	62__a58_caption2_evan_478f9372_a69.m4a
461__a58_phrase1_zoe_7ebc7b51.m4a	-19.0	-4.9	-19.0	-4.9	kept
7071__a58_phrase1_nathan_f26b749b.m4a	-18.9	-3.5	-18.9	-3.5	kept
236__a59_noun1_ava_235bc640.m4a	-19.0	-2.8	-19.0	-2.8	kept
62__a65_story1_evan_43ae6535.m4a	-21.2	-2.1	-19.0	-1.3	62__a65_story1_evan_43ae6535_a69.m4a
8039__a58_caption1_ava_4f1a3934.m4a	-19.0	-4.6	-19.0	-4.6	kept
8039__a65_phrase3_ava_04df1d32.m4a	-19.0	-5.0	-19.0	-5.0	kept
236__a65_row1_ava_ad0bddb1.m4a	-19.0	-6.5	-19.0	-6.5	kept
62__a58_noun2_evan_2eddffd5.m4a	-18.8	-0.4	-18.8	-0.4	kept
461__a58_phrase2_zoe_6f6e5979.m4a	-19.0	-4.3	-19.0	-4.3	kept
7071__a58_phrase3_nathan_7456f40b.m4a	-19.6	-1.9	-19.1	-1.5	7071__a58_phrase3_nathan_7456f40b_a69.m4a
8039__a58_noun1_ava_01c5cce4.m4a	-19.0	-4.9	-19.0	-4.9	kept
236__a59_noun3_ava_56a4304f.m4a	-19.0	-4.0	-19.0	-4.0	kept
8039__a65_row2_ava_04df1d32.m4a	-19.0	-5.0	-19.0	-5.0	kept
236__a65_story3_ava_01b0da53.m4a	-19.1	-5.1	-19.1	-5.1	kept
62__a65_story2_evan_f7c6556c.m4a	-19.0	-2.6	-19.0	-2.6	kept
62__a59_phrase1_evan_2a2325cc.m4a	-19.6	-2.1	-19.1	-1.7	62__a59_phrase1_evan_2a2325cc_a69.m4a
461__a58_phrase3_zoe_d65aad75.m4a	-19.2	-4.5	-19.2	-4.5	kept
7071__a64_story1_nathan_f457c5fc.m4a	-19.0	-3.0	-19.0	-3.0	kept
8039__a58_noun2_ava_dad33908.m4a	-19.0	-5.6	-19.0	-5.6	kept
236__a59_phrase1_ava_5501d641.m4a	-19.4	-4.8	-19.4	-4.8	kept
461__a58_caption1_zoe_271b2579.m4a	-18.6	-3.4	-18.6	-3.4	kept
8039__a65_story1_ava_c220f3b1.m4a	-19.1	-6.8	-19.1	-6.8	kept
62__a64_noun2_evan_6d88909b.m4a	-20.5	-2.1	-19.1	-1.2	62__a64_noun2_evan_6d88909b_a69.m4a
62__a65_story3_evan_8620a062.m4a	-20.2	-2.1	-19.0	-1.3	62__a65_story3_evan_8620a062_a69.m4a
8039__a58_noun3_ava_8324678f.m4a	-19.0	-5.4	-19.0	-5.4	kept
461__a58_story1_zoe_6ef19b79.m4a	-18.9	-2.9	-18.9	-2.9	kept
236__a59_phrase3_ava_fba70ae5.m4a	-18.9	-5.2	-18.9	-5.2	kept
7071__a64_story3_nathan_dafd78db.m4a	-19.1	-2.0	-19.1	-2.0	kept
461__a58_caption2_zoe_a3c3c2da.m4a	-19.0	-2.8	-19.0	-2.8	kept
8039__a65_story2_ava_2fd96cf4.m4a	-18.8	-3.0	-18.8	-3.0	kept
62__a64_phrase2_evan_96ca03f2.m4a	-18.8	-3.4	-18.8	-3.4	kept
7071__a58_caption1_nathan_13c655a8.m4a	-19.0	-2.0	-19.0	-2.0	kept
8039__a58_phrase2_ava_01114a1d.m4a	-19.2	-5.8	-19.2	-5.8	kept
62__a65_caption3_evan_1164f0d5.m4a	-18.9	-3.1	-18.9	-3.1	kept
7071__a58_caption2_nathan_540ea57c.m4a	-19.5	-2.4	-19.5	-2.4	kept
7071__a66_noun3_nathan_038a886b.m4a	-19.0	-3.4	-19.0	-3.4	kept
461__a58_story2_zoe_a3d3351b.m4a	-19.2	-3.7	-19.2	-3.7	kept
461__a58_caption3_zoe_21f16282.m4a	-19.0	-5.2	-19.0	-5.2	kept
236__a60_story1_ava_71ed166b.m4a	-19.2	-5.0	-19.2	-5.0	kept
8039__a65_story3_ava_ccd5ebf2.m4a	-19.3	-4.7	-19.3	-4.7	kept
8056__a58_noun1_nathan_4a52eae3.m4a	-19.1	-4.4	-19.1	-4.4	kept
8055__a58_phrase3_evan_52400fb1.m4a	-19.0	-4.1	-19.0	-4.1	kept
8055__a58_caption1_evan_33f7f763.m4a	-19.5	-1.5	-19.5	-1.5	kept
8056__a64_story2_nathan_e252d631.m4a	-19.1	-4.2	-19.1	-4.2	kept
900002__a64_row3_nathan_2f6e91fc.m4a	-19.1	-5.6	-19.1	-5.6	kept
900002__a60_phrase1_nathan_4759afe3.m4a	-18.9	-2.4	-18.9	-2.4	kept
900001__a64_story1_zoe_c4417d6c.m4a	-19.0	-2.7	-19.0	-2.7	kept
8055__a58_caption2_evan_9623c62a.m4a	-19.0	-2.8	-19.0	-2.8	kept
8056__a58_noun2_nathan_a4b1d612.m4a	-19.7	-2.3	-19.1	-1.8	8056__a58_noun2_nathan_a4b1d612_a69.m4a
8055__a64_story1_evan_445d04cd.m4a	-20.0	-2.1	-19.1	-1.4	8055__a64_story1_evan_445d04cd_a69.m4a
900002__a60_phrase2_nathan_fb1c0160.m4a	-18.7	-2.2	-18.7	-2.2	kept
8056__a64_story3_nathan_7069bac6.m4a	-19.1	-2.2	-19.1	-2.2	kept
900001__a65_caption1_zoe_6fa6880e.m4a	-19.0	-4.2	-19.0	-4.2	kept
900002__a64_story1_nathan_6d5aecf3.m4a	-19.0	-2.4	-19.0	-2.4	kept
8056__a58_noun3_nathan_5a724651.m4a	-23.0	-2.1	-19.0	-0.7	8056__a58_noun3_nathan_5a724651_a69.m4a
8055__a58_caption3_evan_f2ce31f1.m4a	-18.9	-3.7	-18.9	-3.7	kept
900001__a60_noun1_zoe_3598d8e0.m4a	-18.9	-6.2	-18.9	-6.2	kept
8055__a65_row2_evan_d9b3d107.m4a	-19.0	-2.3	-19.0	-2.3	kept
900002__a62_caption1_nathan_ae48a421.m4a	-19.4	-1.9	-19.4	-1.9	kept
900001__a65_caption2_zoe_f1672807.m4a	-19.2	-3.9	-19.2	-3.9	kept
900002__a65_story2_nathan_5ecbbee6.m4a	-19.0	-4.3	-19.0	-4.3	kept
8056__a58_phrase1_nathan_ad596bf9.m4a	-19.1	-4.2	-19.1	-4.2	kept
8055__a58_noun1_evan_cb0fc5df.m4a	-18.9	-3.4	-18.9	-3.4	kept
900001__a60_noun2_zoe_6c2ae9c9.m4a	-19.0	-4.3	-19.0	-4.3	kept
8055__a65_story2_evan_b355c379.m4a	-19.2	-3.0	-19.2	-3.0	kept
900002__a62_caption2_nathan_b362b925.m4a	-19.0	-2.6	-19.0	-2.6	kept
900001__a65_caption3_zoe_b314828d.m4a	-19.2	-3.3	-19.2	-3.3	kept
900002__a65_story3_nathan_b4b83732.m4a	-19.1	-3.2	-19.1	-3.2	kept
8056__a58_phrase2_nathan_15ed1d8b.m4a	-19.0	-4.1	-19.0	-4.1	kept
8055__a58_noun2_evan_0c92853a.m4a	-19.9	-2.4	-19.1	-1.5	8055__a58_noun2_evan_0c92853a_a69.m4a
900001__a60_noun3_zoe_372f1f55.m4a	-19.1	-2.2	-19.1	-2.2	kept
8055__a65_story3_evan_0b6a4a2f.m4a	-19.0	-4.4	-19.0	-4.4	kept
900002__a62_caption3_nathan_07411ad2.m4a	-19.4	-3.2	-19.4	-3.2	kept
900001__a65_story2_zoe_dad69d29.m4a	-19.0	-3.0	-19.0	-3.0	kept
correct-answer.mp3	-8.8	-0.1	-22.0	-13.4	correct-answer-lab.mp3
8055__a58_noun3_evan_64e1ff30.m4a	-19.2	-2.4	-19.2	-2.4	kept
8056__a58_phrase3_nathan_e60538c0.m4a	-19.5	-2.1	-19.5	-2.1	kept
900001__a60_phrase1_zoe_100389fa.m4a	-19.0	-4.7	-19.0	-4.7	kept
900002__a64_noun3_nathan_04b328c8.m4a	-19.1	-3.3	-19.1	-3.3	kept
8056__a58_caption1_nathan_d44cddae.m4a	-18.8	-2.2	-18.8	-2.2	kept
wrong-answer.mp3	-25.2	-19.9	-22.0	-16.7	wrong-answer-lab.mp3
900001__a65_story3_zoe_db548a5f.m4a	-19.0	-3.9	-19.0	-3.9	kept
8055__a58_phrase1_evan_0855bbf6.m4a	-19.1	-2.9	-19.1	-2.9	kept
900001__a60_phrase2_zoe_c99349a8.m4a	-19.1	-4.5	-19.1	-4.5	kept
8056__a64_row2_nathan_153e64ee.m4a	-18.9	-4.3	-18.9	-4.3	kept
900002__a64_phrase3_nathan_90640ccb.m4a	-19.1	-2.5	-19.1	-2.5	kept
8056__a58_caption2_nathan_3803e0cf.m4a	-19.0	-2.0	-19.0	-2.0	kept
900002__a60_noun1_nathan_b7ae8995.m4a	-19.2	-2.2	-19.2	-2.2	kept
8055__a58_phrase2_evan_9fcc647f.m4a	-20.1	-2.3	-19.0	-1.5	8055__a58_phrase2_evan_9fcc647f_a69.m4a
900002__a64_row2_nathan_47cb43dc.m4a	-19.1	-5.2	-19.1	-5.2	kept
900001__a60_phrase3_zoe_62559216.m4a	-19.0	-4.3	-19.0	-4.3	kept
8056__a64_story1_nathan_11205cb4.m4a	-19.1	-2.9	-19.1	-2.9	kept
8056__a58_caption3_nathan_15e2e22e.m4a	-19.1	-3.0	-19.1	-3.0	kept
900002__a60_noun2_nathan_b3f63624.m4a	-19.7	-2.0	-19.0	-1.2	900002__a60_noun2_nathan_b3f63624_a69.m4a
