131	Ennél jobban még sosem telefonált!	Ennél rosszabbul még sosem telefonált!	vidáman telefonál	segítségért telefonál
187	Teljesen összezavarodott az útmutatótól.	Teljesen összezavarodott a térképtől.	összezavarodott az útmutatótól	összezavarodott a dátum miatt
196	A bátorság vitte át!	Egy drótkötélpálya vitte át!	átkelés bátorsággal	bátorság a leugráshoz
202	Telefon el. Most már átkelhet.	Telefon el. Most már úszhat.	biztonságosan átkelni az úton	keresztbe tenni az ujjakat
278	Guggolás napfelkeltekor a parkban!	Guggolás napfelkeltekor a tengerparton!	mély guggolás a parkban	guggolás nehéz súlyokkal
281	Tökéletes a szemceruzás macskaszeme. Ez az!	Katasztrófa a szemceruzás macskaszeme. Ez az!	szemceruzás macskaszem	szemceruza a szájon
394	Forróság van! A ventilátort öleli.	Forróság van! A kutyát öleli.	forró, napos nap	egy csésze forró tea
447	Az ajakápoló a nap hőse!	A kézkrém a nap hőse!	ajakápoló felkenése	ajakápoló vásárlása
526	A sugárpisztoly lebénította!	A vízipisztoly lebénította!	sugárpisztollyal lebénítva	a félelemtől lebénulva
575	A lány külső akkumulátora mentette meg a helyzetet!	A fiú külső akkumulátora mentette meg a helyzetet!	töltés külső akkumulátorról	külső akkumulátor otthon
724	Minden csobbanás egyre nagyobb!	Minden csobbanás egyre kisebb!	hatalmas csobbanás	egy csöpp tej
730	A személyzet együtt pózol.	A személyzet együtt eszik.	éttermi személyzet munka közben	személyzet a vonaton
776	Egy csepp egy nagy szomjúságra.	Egy keksz egy nagy szomjúságra.	szörnyű szomjúság	kalandszomj
848	Ecet? Az arca szerint nem!	Méz? Az arca szerint nem!	egy löttyintésnyi ecet	takarítás ecettel
877	Sáros győztes? Legenda!	Patyolattiszta győztes? Legenda!	sárfutás győztese	úszóverseny győztese
943	Kiragasztja az óriásplakátot.	Kifesti az óriásplakátot.	üres óriásplakát	óriásplakát egy buszon
1040	Hamarosan elvált emberek lesznek.	Hamarosan házasok lesznek.	épp elválnak	épp összeházasodnak
1218	Senki sincs a játszótéren. Hátborzongató!	Gyerekek vannak a játszótéren. Hátborzongató!	senki sincs a hintákon	senki sincs a strandon
1219	Senki sem jött el. Szuper buli.	Mindenki eljött. Szuper buli.	senki sincs az asztalnál	zsúfolt vacsoraasztal
1433	Semmi extra, csak táncolnak itthon.	Semmi extra, csak vacsoráznak itthon.	táncolás jelmezekben	táncolás a színpadon
1484	Ennek a zenének nincs lejátszógombja.	Ennek a versnek nincs lejátszógombja.	régi kotta	régi zenedoboz
1765	De kapzsi! El a kezekkel az aranytól!	De kapzsi! El a kezekkel a tortától!	kapzsi férfi érmékkel	kapzsi kutya kajával
1783	Négy gyerek egy ölben, mindegyiknek jár egy ölelés.	Négy gyerek egy ölben, mindegyiknek jár egy ajándék.	férfi minden gyereket megölel	férfi minden gyereket tanít
1808	Tesó, a headsetje óriási.	Tesó, a sapkája óriási.	masszív headset	headset egy pilótán
1920	A kiborgnak világít a feje.	A kiborgnak világít a keze.	neonvárosi kiborg	kiborg az erdőben	FS swaps head for hand (not tail) to avoid a sexual double meaning of 'farka'
1944	Tény: látszanak a bordái.	Tény: látszik a szíve.	bordakosár	oldalas a grillen
2177	Még a hold is eljött a DJ miatt!	Még a nap is eljött a DJ miatt!	DJ az utcán	DJ egy klubban
2220	Gondosan számolja a pénzt.	Gondosan számolja az érméket.	bankjegyköteget számol	visszaszámolja a másodperceket
2262	Pontok és vonalak kapcsolják össze őket.	Pontok és vonalak választják el őket.	két embert összekapcsoló vonalak	telefonhoz csatlakoztatott kábel
2280	Átöleli őt naplementekor.	Átöleli őt egy autóban.	átölelik egymást egy vitorláson	felkarolnak egy új ötletet
2396	Az a fűzős fűző lenyűgöző.	Az a fűzős kesztyű lenyűgöző.	fűzős fűző	fűzős csizma
2401	Ösvény egy fantáziavilágba.	Ösvény egy nyüzsgő városba.	erdei ösvény a fantáziavilágban	fantasy könyvborító
2493	A farm foltvarrott takaróra van varrva.	A farm egy zászlóra van varrva.	farmot ábrázoló foltvarrott takaró	foltvarrott takaró az ágyon
2529	Szelíd arca van.	Szelíd kutyája van.	szelíd, nyugodt arc	szelíd, nyugodt tenger	loc gyengéd = tender, wrong for a gentle face; used szelíd
2549	Apa és fia ujjongnak!	Apa és fia sírnak!	fiát cipelő apa	bevásárlást cipelő apa
2578	A sisakplexi olyan, mint egy tükör.	A sisakplexi olyan, mint egy ablak.	tükröződő sisakplexi	siltes sapka	loc rostély = knight's helmet grille; a clear helmet visor is sisakplexi
2586	A legjobb barátság ever: egy óriásrobot és egy kislány.	A legjobb barátság ever: egy óriáskutya és egy kislány.	szokatlan barátság	barátságkarkötő
2679	Nagyon sietve rohan el!	Egyáltalán nem siet!	sietve futni	sietve enni
3070	Egy fa van a kezek fölött.	Egy macska van a kezek fölött.	két tálat formáló kéz	két kéz zsebben
3304	A hokiütő a koronghoz kell, azt hiszem.	A hokiütő a labdához kell, azt hiszem.	hokiütő a jégen	törött hokiütő
3647	Épp áttörli a Holdat.	Épp áttörli a Napot.	áttörli a Holdat	áttörli a sisakplexijét
4008	Rázza az almafát!	Felmászik az almafára!	faágat ráz	kezet ráz
4029	Az üveg megütötte, és leesett!	A labda megütötte, és leesett!	leesik egy kockáról	kopogás az ajtón
4037	Valaki főzött: omlett lett belőle.	Valaki főzött: palacsinta lett belőle.	omlettet süt	tésztát főz	an omelette is 'sütni' in Hungarian; TP uses süt
4040	Étkezés: a lánynak saláta, a fiúnak óriási burger.	Étkezés: a lánynak pizza, a fiúnak óriási burger.	étkezés a strandon	étkezés a konyhában
4086	A szúnyog mindjárt megcsíp valakit.	A pók mindjárt megcsíp valakit.	alvó férfit csíp	alvó kutyát csíp	loc harapni does not fit a mosquito (mosquitoes csípnek); used megcsíp
4094	A takarmányos zsákok színesek.	A takarmányos zsákok mind fehérek.	takarmány zsákokban	krumpli zsákokban
4101	Egy előadó büszkén megmutatja a pávafarkát.	Egy előadó büszkén megmutatja a zászlóját.	óriási pávafarkat mutat meg	fehér zászlót mutat fel
4107	Letakartak egy elefántot, és tigris lett belőle!	Letakartak egy elefántot, és oroszlán lett belőle!	letakarni az elefántot	letakarni a tigrist	loc befed wrong for draping a cloth over an animal; used letakar
4129	A kiskutya elhagyja az otthonát.	A kiskutya hazaér.	kalapban hagyja el az otthonát	kalapban jön haza
4167	Sötét barlang, fényes kijárat.	Sötét barlang, nincs kijárat.	fényes barlangkijárat	autópálya-kijárati tábla
4187	A papagájok halottnak tettetik magukat!	A papagájok labdáznak!	halottat játszó papagájok	kártyázó papagájok
4194	Micsoda kocsikázás egy apró dzsipben!	Micsoda utazás egy apró csónakban!	kocsikázás egy játékdzsippel	hajókázás egy játékcsónakkal
4199	A lábát a tó vizében húzza maga után.	A kezét a tó vizében húzza maga után.	lábát húzza a vízben	csónakot vonszol a vízhez	loc vonszolni means trudging, wrong for feet trailing in water; used húz
4245	Ingyen csúsznak!	Ingyen síelnek!	csúszás egy vízcsatornában	lecsúszás egy havas dombon
4284	Nagy rohanásban távozik!	Autóval távozik!	reggeli rohanás	csúcsforgalom
4319	A csíkok beleolvadnak a környezetbe.	A csíkok egyre szélesebbek.	krém bedolgozása a bőrbe	gyümölcs turmixolása	blend in = camouflage (beleolvad); loc összekeverni wrong for this sense
4347	Egy csónak szállítja át.	Egy busz szállítja át.	embereket átszállítani	árut szállítani felfelé a folyón
4402	Alma, burger, dinnye: nagy étvágy!	Alma, pizza, dinnye: nagy étvágy!	óriási piknikétvágy	semmi étvágy
4526	A lány nagyon töri a fejét ezen a választáson.	A srác nagyon töri a fejét ezen a választáson.	szavazás egy választáson	választást nyerni
4535	Papírt dobál a tanórán!	Krétát dobál a tanórán!	matekóra	úszóóra
4612	Ő árulja a legjobb barackot.	Ő árulja a legjobb almát.	barackot árul a piacon	almát árul a piacon	eladni sounds like handing over one item here; a seller's trade is árulni
4633	A régi autótól teljesen kétségbeesett.	A régi furgontól teljesen kétségbeesett.	kétségbeesett az esőben	kétségbeesetten vágyik egy kávéra
4643	Jól halad a produkció!	Rosszul halad a produkció!	otthoni filmprodukció	gyári futószalag
4678	Mindenki eszik valamit.	Mindenki teát iszik.	tripla burgert eszik	egy tál salátát eszik
4871	Végtelen a regisztrációs sor.	Üres a regisztrációs sor.	regisztrációs pult	autó rendszámtáblája
4986	A fal kicsit világos.	A fal kicsit sötét.	élénkkék képernyők	napsütéses világos nap
5019	Marhahúst grillez.	Halat grillez.	grillezett marhahússzeletek	marhahúsburger sült krumplival
5055	Két rózsaszín szerv: a tüdő.	Két rózsaszín szerv: a vesék.	egy pár légzőszerv	szóló templomi orgona
5057	Mindenfelé repül a postája!	Mindenfelé repül a készpénze!	posta a postaládából	levelek a számítógépen	loc postai küldemény too formal for this sense; used posta
5093	Kicsit benőtte a gaz a pázsitot.	Kicsit benőtte a gaz a medencét.	magasra nőtt fű lenyírása	elburjánzott sövény
5122	Mindannyian elérték a céljukat.	Egyikük sem érte el a célját.	nehéz cél elérése	jó jegyek elérése
5159	A cső direkt lefröcskölte.	A kutya direkt lefröcskölte.	a vízszerelő arcának lefröcskölése	a konyhai növények lefröcskölése	loc benedvesít too clinical for a prank; used lefröcsköl
5179	Benyúl a sütőbe.	Benyúl a hűtőbe.	a forró sütő felé nyúl	eléri a legfelső polcot	loc elérni does not fit reaching into an oven; used benyúl
5181	Az aláírása kék tintás.	Az aláírása piros tintás.	friss kék aláírás	aláírás egy csekken
5182	Nézd, a falfestmény a lány teljesítménye!	Nézd, a falfestmény a srác teljesítménye!	nagy teljesítmény: egy falfestmény	videojátékos teljesítmény
5187	Erős fiú! Szekeret húz!	Erős fiú! Autót húz!	szekér húzása	lovaskocsi húzása
5225	Messze az élen fejezi be, durva!	Messze leghátul fejezi be, durva!	verseny befejezése	házi befejezése
5261	Még a kocogó is megkapta a részét!	Még a biciklis is megkapta a részét!	rész a pizzából	részesedés a cégből
5268	Céloz a puskájával.	Tisztítja a puskáját.	fekve lövés puskával	síelés puskával a hátán
5317	Repülnek a fodrai!	Repülnek a cipői!	több réteg piros fodor	fodrok az inggalléron
5334	A szurkolók tisztelik ezt a pillanatot.	A szurkolók figyelmen kívül hagyják ezt a pillanatot.	a pillanat tiszteletben tartása	a sebességkorlátozás tiszteletben tartása
5347	A forgalom lassul, aztán teljes megállás.	A vonatok lassulnak, aztán teljes megállás.	megállás a forgalom miatt	megállás egy kávéra
5378	Megteríti az asztalt.	Beállítja az ébresztőt.	megteríteni az asztalt	beállítani az ébresztőt	setting the table = megteríteni; loc letenni wrong sense
5423	A hátizsákja bejárja az egész világot.	A hátizsákja egy városban marad.	világ körüli utazás	világméretű telefonhálózat	loc világméretű unnatural for travel; used 'bejárja az egész világot'
5431	Hőlégballonnal utazik.	Repülőgéppel utazik.	hőlégballon sziklák felett	parti lufi
5444	Együttműködnek egy térkép elkészítésében.	Együttműködnek egy autó megépítésében.	együttműködés egy kirakós kirakásában	együttműködés a rendőrséggel
5507	Jól érzi magát az állatkertben.	Jól érzi magát a strandon.	egy nap az állatkertben	egy nap a farmon
