5210	Egy „félelmetes" liba elől hátráltak meg.	Egy „félelmetes" kutya elől hátráltak meg.	hátrálás egy liba elől	hátrálás az eső elől
5211	Micsoda boldog hazatérés!	Micsoda szomorú hazatérés!	boldog hazatérés	visszatérés az iskolába
5212	Nagy ölelések a pályaudvaron!	Nagy ölelések a reptéren!	ölelkezés a pályaudvaron	rádióállomás
5213	Egy piros vonat jár a vasútvonalon.	Egy piros villamos jár a vasútvonalon.	vasútállomás peronja	vasút a hegyekben
5214	Bicikli, roller, aztán sivatag!	Bicikli, roller, aztán dzsungel!	teve a sivatagban	teve az állatkertben
5215	Egy fjord mellett kerékpározik.	Egy városban kerékpározik.	kerékpározás a fjord mentén	kerékpározás a városban
5216	Épp egy lassú sétát élvez.	Épp egy lassú úszást élvez.	séta a virágárusok mellett	séta a tengerparton
5217	Sárga mellény van rajta.	Narancssárga mellény van rajta.	sárga láthatósági mellény	mellény ing alatt
5218	Minden szobát átnéz.	Minden szobát kitakarít.	szoba boltíves ablakokkal	szoba kandallóval
5219	A szobatársak tésztát csináltak. Nyami.	A szobatársak pizzát csináltak. Nyami.	két szobatárs egy lakásban	két kiköltöző szobatárs
5220	Valaki levágja a rózsát.	Valaki meglocsolja a rózsát.	rózsaszár levágása	kutyakarom levágása
5221	Az ösvény felfelé kanyarog a dombokon.	A folyó felfelé kanyarog a dombokon.	hegyekre felkanyargó ösvény	lefelé kanyargó folyó
5222	Kőlépcsőfokokon megy fel.	Fa lépcsőfokokon megy fel.	kőlépcsőfokok a hegyre	kőlépcsőfokok a strandra
5223	Az útvonala pirossal van jelölve.	Az útvonala kékkel van jelölve.	útvonal a térképen	buszútvonal a városon át
5224	Neki királyi zenekara van.	Neki királyi lova van.	királyi trón	királyi esküvő
5225	Simán elöl fejezi be, durva!	Simán hátul fejezi be, durva!	verseny befejezése	házi befejezése
5226	Bejutott a vasúti kocsiba!	Bejutott a taxiba!	beugrás egy vasúti kocsiba	lovak húzta kocsi
5227	Van néhány új rajongója.	Van néhány új macskája.	néhány futó kutya	néhány haladó autó
5228	Nagyon havazik!	Nagyon esik az eső!	havazás egy városi téren	havazás a tengerparton
5229	Egy marék havat dobott.	Egy marék homokot dobott.	egy marék porhó	egy marék érme
5230	A babában egy másik baba van!	A babában egy érme van!	festett fababa	babaház
5231	A vendégszeretetéhez tea is jár.	A vendégszeretetéhez sör is jár.	vendégszeretet teával és étellel	vendéglátós állás
5232	Jachttal vitorlázik.	Jachtot takarít.	klasszikus vitorlás jacht	jacht a kikötőben
5233	A katonai parádé óriási.	A katonai parádé pici.	katonai parádé	katonai kórház
5234	Minden sor tökéletesen egyenes.	Minden sor totális káosz.	tisztelgő nők sorai	futó férfiak sorai
5235	Lepecsételi a rakományt.	Lefesti a rakományt.	rakomány a konténerkikötőben	rakomány a repülőtéren
5236	A város jó távolságra van.	A teve jó távolságra van.	tornyok a távolban	távolsági hívás
5237	Tea egy csillagokkal teli ég alatt.	Tea egy madarakkal teli ég alatt.	csillagok a sivatagi tábor felett	csillagok a város felett
5238	Szelfi a vörös dűnén? Ikonikus.	Szelfi a fehér dűnén? Ikonikus.	szelfi egy vörös dűnén	homokfutózás a dűnéken
5239	Tökéletes szabadon engedés!	Tökéletes landolás!	sólyom szabadon engedése	album megjelenése
5240	A sólyom szárnyai ki vannak tárva.	A sólyom szárnyai össze vannak csukva.	mindkét szárny kitárva	csirkeszárnyak a tányéron
5241	A nő becsúszik egy kamrába.	A férfi becsúszik egy kamrába.	világító orvosi kamra	kamarazenei koncert
5242	A szatén köntöse elegánsan fest.	A gyapjú köntöse elegánsan fest.	elegáns szatén köntös	elegáns estélyi parti
5243	Beütemezte az egész hónapot.	Beütemezte az egész hetet.	az egész hónap beütemezése	egy megbeszélés beütemezése
5244	Az osztálytársak megegyeztek.	A tanárok megegyeztek.	két osztálytárs találkozik	egy osztálytárs bulija
5245	A vegyszer lilán világít!	A vegyszer narancssárgán világít!	lilán világító vegyszer	vegyszer egy tartályban
5246	Egy rózsaszín lombikot tart.	Egy rózsaszín telefont tart.	lombik kék folyadékkal	lombik forró teával
5247	A nagyi dühös a lábnyomok miatt.	A nagyi dühös a törött váza miatt.	sáros lábnyomok az előszobában	sáros lábnyomok a kertben
5248	Kifizeti a roller bérleti díját.	Kifizeti a bicikli bérleti díját.	roller bérleti díja	lakás bérleti díja
5249	Olyan serpenyőt mos, amely már látott szebb napokat.	Olyan bögrét mos, amely már látott szebb napokat.	kormos lábas mosása	arcmosás
5250	Épp munkahelyi hívást bonyolít.	Épp videohívást bonyolít.	hívás asztali telefonon	videohívás laptopon
5251	Gépel és telefonál!	Gépel és eszik!	gépelés telefonálás közben	SMS gépelése
5252	Akciós a trópusi gyümölcs.	Akciós a fagyasztott gyümölcs.	egy halom trópusi gyümölcs	trópusi akvárium
5253	Ezek az idősek jobban táncolnak, mint én.	Ezek az idősek jobban úsznak, mint én.	idős táncosok a parkban	idős úszók a medencében
5254	Nézd, hogy táncolnak a társukkal!	Nézd, hogy úsznak a társukkal!	tánc a társsal	kártyázás a társsal
5255	A srác nagyon bűnösnek tűnik, és nagyon ledöbbent.	A lány nagyon bűnösnek tűnik, és nagyon ledöbbent.	bűnös fiatal férfi	bűnös bíró
5256	Egy bíró beszédet mond nekik.	Egy ápoló beszédet mond nekik.	beszédet mond a zsúfolt teremben	levél megcímzése
5257	A komornyik teát visz.	A komornyik bort visz.	teát vivő komornyik	ajtót nyitó komornyik
5258	Tetőtéri bár, shakerparti!	Pincebár, shakerparti!	tetőtéri bár naplementekor	egy tábla csoki
5259	A nagy kutya rázza a vizes bundáját. Mindenki kap egy zuhanyt.	A nagy macska rázza a vizes bundáját. Mindenki kap egy zuhanyt.	vizes bunda rázása	vizes bunda fésülése
5260	Rajtakapták a tortával. Micsoda szégyen!	Rajtakapták a pizzával. Micsoda szégyen!	szégyen egy torta miatt	szégyen egy törött tányér miatt
5261	Még a kocogónak is jutott egy rész!	Még a biciklisnek is jutott egy rész!	rész a pizzából	részesedés a cégből
5262	Micsoda „stabil" polc!	Micsoda „stabil" asztal!	nem túl stabil polc	stabil faszék
5263	Egy fénykép van a polcon.	Egy tükör van a polcon.	bekeretezett családi fénykép	családi fénykép készítése
5264	Áthelyezi a kanapét.	Áthelyezi a hűtőt.	bútorok áthelyezése	sebességváltás autóban
5265	A hajó konténereket szállít.	A hajó autókat szállít.	hajó konténerekkel	kamion konténerekkel
5266	Elejtette a telefont!	Elejtette a teáscsészét!	elejtett telefon	telefonfülke
5267	A pisztolya egy állványon pihen.	A pisztolya egy széken pihen.	pisztoly állványon	pisztoly tokban
5268	Célzik a puskájával.	Tisztítja a puskáját.	fekve lövés puskával	síelés puskával a hátán
5269	Megvásárolt egy kabátot.	Megvásárolt egy ruhát.	olívazöld kabát megvásárlása	új autó megvásárlása
5270	Felvásárolja a szupermarket összes gabonapelyhét!	Felvásárolja a szupermarket összes levesét!	szupermarketes bevásárlókocsi	szupermarket parkolója
5271	A kiáltásuk betölti a kanyont!	A daluk betölti a kanyont!	kiáltás a kanyon felett	segélykiáltás
5272	A túrázók teljesen elszabadultak.	A túrázók hazaindulnak.	ujjongó túrázók a kanyonnál	pihenő túrázók a sátorban
5273	A modellen király a zöld nadrág.	A modellen király a narancssárga nadrág.	modell a kifutón	repülőgépmodell
5274	Zuhany be. Most bőrig ázott.	Zuhany ki. Most bőrig ázott.	bőrig ázva a zuhany alatt	bőrig ázva az esőben
5275	Két önző kölyök, egy távirányító.	Két önző kölyök, egy telefon.	veszekedő önző kölykök	parkoló önző sofőr
5276	Egy keksz, két testvér: háború.	Egy torta, két testvér: háború.	kuckót építő testvérek	leckét író testvérek
5277	Egyetértettek: fele-fele.	Egyetértettek: minden a srácé.	egyetértés a keksz megosztásáról	egyetértés a szoba megosztásáról
5278	Megvan a sarok. Haladunk.	Megvan a folyó. Haladunk.	két utca sarka	a szoba sarka
5279	Egy óriási tollal ír alá egy óriási tekercset!	Egy pici tollal ír alá egy óriási tekercset!	óriási tekercs aláírása	régi tekercs olvasása
5280	Olvassa az útjelző táblát.	Festi az útjelző táblát.	fa útjelző tábla olvasása	fa útjelző tábla festése
5281	A sztár a színpadon énekel.	A sztár a színpadon táncol.	sztár a színpadon	csillag az égen
5282	Mindenki együtt énekel egy dalt.	Mindenki együtt ír egy dalt.	dal éneklése	dal a rádióban
5283	Ez csak egy kis tányértorony.	Ez csak egy kis csészetorony.	tányértorony	pohártorony
5284	Imádom a fém páncélodat, lovag.	Imádom a fém koronádat, lovag.	teljes fém páncél	metálbanda
5285	Tiszta boldogság a kertben.	Tiszta boldogság a konyhában.	boldogság a napos kertben	boldogság a napos tengerparton
5286	Mindketten a pulcsit akarják!	Mindketten a plüssmacit akarják!	lila pulcsi ráncigálása	lila pulcsi mosása
5287	Tizenöt lány, nulla csend!	Tizenöt fiú, nulla csend!	szoba csend nélkül	egyperces csend
5288	Repül lefelé a síléceken!	Repül lefelé a szánkón!	carvingolás síléceken	falnak támasztott síléc
5289	A bőrből hiányzik a nedvesség.	A bőrből hiányoznak a pórusok.	bőr nedvesség nélkül	nedvesség az ablakon
5290	Micsoda magas felhőkarcoló!	Micsoda magas világítótorony!	csúcsos tetejű felhőkarcoló	épülő felhőkarcoló
5291	Minden üzletember alszik.	Minden üzletember olvas.	repülőn alvó üzletemberek	vonaton alvó üzletemberek
5292	Itt senki sem túl produktív.	Itt mindenki nagyon produktív.	nem túl produktív nap	produktív csapatmegbeszélés
5293	A labda most a kesztyűjében van.	A labda most a sapkájában van.	bőr baseballkesztyű	téli kesztyű
5294	A lába imádja a papucsot.	A lába imádja a zoknit.	bolyhos báránypapucs	papucs az ágy alatt
5295	Egy óriási kürtöt fúj.	Egy pici kürtöt fúj.	hosszú kürt fújása	szarv a birkán
5296	Hagyományos ételt készít!	Hagyományos ételt vesz!	hagyományos étel főzése	hagyományos tánc
5297	A régi vár romokban hever: teljes pusztulás.	A régi híd romokban hever: teljes pusztulás.	pusztuló vár	vár a hóban
5298	A blézere bézs.	A blézere fekete.	bézs szabott blézer	blézer felpróbálása
5299	A kolbászai itt illegálisak!	A könyvei itt illegálisak!	illegális kaja a bőröndben	illegális parkolás a reptéren
5300	A vipera valódi fenyegetés.	A gyík valódi fenyegetés.	fenyegetés a sziklákon	fenyegetés egy levélben
5301	Az allergiája utálja ezt a rétet.	Az allergiája utálja ezt a strandot.	pollenallergia	kutyaallergia
5302	A virágoktól tüsszögni kezdett!	A virágoktól sírni kezdett!	tüsszögés a virágok alatt	cseresznyevirágok festése
5303	Hópelyhek az egyujjas kesztyűjén.	Hópelyhek a cipőjén.	hópehely egy egyujjas kesztyűn	hópehely az ablakon
5304	Fúj! Csupa piszok a keze!	Fúj! Csupa festék a keze!	piszok a kezén	piszok a cipőjén
5305	A társadalmuk keményen dolgozik.	A társadalmuk szabadságon van.	egy egész társadalom munkában	egy társadalom buliban
5306	Egy kanapén, és mégis milyen kényelmes!	Egy ágyon, és mégis milyen kényelmes!	kényelmesen a teli kanapén	kényelmesen egy nagy ágyban
5307	A szoba nagyon tágas.	A szoba nagyon kicsi.	tágas nappali	tágas csomagtartó
5308	Egy férfi napraforgókat hoz neki.	Egy férfi rózsákat hoz neki.	egy csokor napraforgó	napraforgómező
5309	Valaki kedves cetlit hagyott neki.	Valaki szomorú cetlit hagyott neki.	cetli smiley-val	cetli a hűtőn
5310	A fia segít megjavítani az autót.	A fia segít lemosni az autót.	a fia csavarkulccsal	a fia autót mos
5311	Most az egész csapat nyugodt.	Most az egész csapat dühös.	nyugodtan a takarók alatt	nyugodtan nyomás alatt
5312	Grillezés a hátsó udvarban? Menjünk!	Medencés buli a hátsó udvarban? Menjünk!	grillezés a hátsó udvarban	medence a hátsó udvarban
5313	Neonfeliratok borítanak minden falat.	Papírfeliratok borítanak minden falat.	világító neonfeliratok	neonfények egy klubban
5314	A kosarában egész Párizs elfér!	A táskájában egész Párizs elfér!	kosárnyi szuvenír	kosárnyi gyümölcs
5315	Rengeteg képeslapja van. Kinek?	Rengeteg bélyege van. Kinek?	párizsi képeslapok	képeslap írása
5316	Imádom a ruganyos göndör haját.	Imádom a ruganyos egyenes haját.	dús göndör sötét haj	hosszú göndör szőke haj
5317	Repülnek a fodrai!	Repülnek a cipői!	rétegelt piros fodrok	fodrok az inggalléron
5318	A nyilvánosság előtt beszél.	A nyilvánosság előtt énekel.	beszél egy mikrofonba	beszél telefonon
5319	A pók a hálója alatt van.	A pók a hálója felett van.	háló ágak között	háló a sarokban
5320	Egy gerincet mutat be.	Egy szívet mutat be.	bemutatás gerincmodellen	tüntetés az utcán
5321	Profin korcsolyázik.	Profin síel.	korcsolyázás fél lábon	korcsolyázás az úton
5322	Rossz leves! Kiköpte.	Rossz tea! Kiköpte.	zöld leves kiköpése	cseresznyemag kiköpése
5323	Az a kő akkorát csobbant!	Az a csónak akkorát csobbant!	nagy kő dobása	lapos kő kacsáztatása
5324	A szivacs legyőzte a szószt!	A szivacs legyőzte a sajtot!	habos szivacs	piskóta
5325	A házastársak aláírtak egy dokumentumot.	A házastársak elégettek egy dokumentumot.	iratokat aláíró házastársak	otthon veszekedő házastársak
5326	Az edző leragasztja a bokáját.	Az edző leragasztja a csuklóját.	tornásznak segítő edző	játékosokkal kiabáló edző
5327	A vendégen fekete köpeny van.	A vendégen fehér köpeny van.	fekete fodrászköpeny	szuperhős-köpeny
5328	Egy barackszínű blúzt szagol.	Egy fehér blúzt szagol.	barackszínű fodros blúz	barackszínű blúz vasalása
5329	A magnak kicsi gyökere van!	A magnak kicsi virága van!	gyökeres mag	mag egy csőrben
5330	A „titkos" kém újságján lyuk van.	A „titkos" kém kalapján lyuk van.	kém egy újság mögött	kém egy ajtó mögött
5331	Az erőnléte? Görögdinnyéket zúz szét!	Az erőnléte? Kókuszdiókat zúz szét!	erőnlét egy strandbárban	fitneszapp
5332	A személyzet erős egységet mutat.	A vendégek erős egységet mutatnak.	a csapat egysége	az ország egysége
5333	Minden lépcsőház egyre díszesebb!	Minden lépcsőház egyre koszosabb!	díszes márvány lépcsőház	lépcsőház egy világítótoronyban
5334	A szurkolók tisztelik ezt a pillanatot.	A szurkolók figyelmen kívül hagyják ezt a pillanatot.	a pillanat tisztelete	a sebességkorlátozás tisztelete
5335	Ő egy lelkes szurkoló.	Ő egy lelkes játékos.	lelkes focidrukker	lelkes teniszrajongó
5336	A sapkája mutatja a hűségét.	A sála mutatja a hűségét.	hűség a klubhoz	hűség a királyhoz
5337	Croissant-nal a szájában vasúton utazik.	Pizzával a szájában vasúton utazik.	utazás vasúton	utazás repülővel
5338	Itt maradhatsz 10 euróért vagy 10 000 euróért.	Itt maradhatsz 10 euróért vagy 1000 euróért.	maradni egy hostelben	otthon maradni
5339	Egy buszt irányít.	Egy villamost irányít.	városi busz irányítása	drón irányítása
5340	Egy doboz megy a garázsba.	Egy doboz megy az autóba.	nyitott garázs	autókkal teli garázs
5341	A fiú odaszögel egy deszkát.	A fiú lefest egy deszkát.	deszka odaszögelése	plakát odaszögelése
5342	Cukormáz a nyelvén. Nyami!	Ketchup a nyelvén. Nyami!	cukormáz a nyelvén	teától megégett nyelv
5343	A lányoknak ikerágyuk van.	A lányoknak emeletes ágyuk van.	két egyforma ikerágy	kétágyas hotelszoba
5344	Egy nagy foltvarrott takarót csináltak!	Egy nagy zászlót csináltak!	kész foltvarrott takaró	foltvarrott takaró az ágyon
5345	Nekitámaszkodik a korlátnak.	Nekitámaszkodik egy fának.	hídkorlátnak támaszkodva	kerítésnek támaszkodva
5346	A gyomrát paskolja.	A fejét paskolja.	tele gyomor	levessel teli gyomor
5347	A forgalom lassul, jön a megállás.	A vonatok lassulnak, jön a megállás.	megállás a forgalom miatt	megállás egy kávéra
5348	Megköszöni az esernyős férfinak.	Megköszöni a kutyás férfinak.	megköszönni egy kedves idegennek	megköszönni a buszsofőrnek
5349	Már megint egy érmet ítél oda!	Már megint egy trófeát ítél oda!	érem odaítélése	dalverseny-díj odaítélése
5350	A levegőben a patak felett. Bátor!	A levegőben a tó felett. Bátor!	átugrás egy patakon	úszás egy patakban
5351	Narancs utcai lámpák, olyan hangulatos.	Kék utcai lámpák, olyan hangulatos.	egy sor utcai lámpa	törött utcai lámpa
5352	A frusztrációja 1000 %-on áll.	A frusztrációja 0 %-on áll.	frusztráció a laptop előtt	frusztráció a tanár miatt
5353	A papírmunka nyer.	A papírmunka fogy.	papírmunka-tornyok	papírmunka laptopon
5354	Az osztály jól követi az oktatónőt.	Az osztály jól követi a férfi oktatót.	osztály a parkban	osztály az iskolában
5355	Még a macska is utánozza az edzőt!	Még a kutya is utánozza az edzőt!	edző a parkban	kutyakiképző jutalomfalatokkal
5356	Tetőtéri jóga naplementekor: álom.	Strandjóga naplementekor: álom.	jóga egy tetőn	jóga edzőtermi órán
5357	A kutyának elegánsabb babakocsija van, mint a legtöbb babának!	A macskának elegánsabb babakocsija van, mint a legtöbb babának!	elegáns krómozott babakocsi	jelmezbál
5358	Könyvek közül kukucskál.	Redőny mögül kukucskál.	kukucskálás egy résen át	kukucskálás egy könyvbe
5359	A víziló elbújik előle.	A kacsa elbújik előle.	víziló a folyóban	víziló a mólón
5360	A metró „kicsit" zsúfolt.	A metró „kicsit" üres.	zsúfolt metróállomás	üres metróállomás
5361	Hat táskát „könnyű" tolni.	Hat dobozt „könnyű" tolni.	nem könnyű utazás	nem könnyű vizsga
5362	A legbolondosabb szemüveg a szigeten!	A legbolondosabb kalap a szigeten!	bolondos szív alakú napszemüveg	bolondos szív alakú lufik
5363	Segítenek a futónak.	Segítenek a biciklisnek.	segítség egy kimerült futónak	segítség egy eltévedt turistának
5364	Két hős segédkezik neki!	Két ápoló segédkezik neki!	segédkezés egy fáradt futónak	segédkezés egy fáradt sofőrnek
5365	Leengedi a fegyverét.	Tisztítja a fegyverét.	festéklabdás fegyver leengedése	festéklabdás fegyver megtöltése
5366	Megadja magát!	Támad!	feltett kézzel megadja magát	leadja az útlevelét
5367	Teletömi a száját!	Teletömi a táskáját!	sajtburgert töm be	pulyka töltése
5368	A hőség miatt szenvednek.	A hideg miatt szenvednek.	szenvedés a hőségben	szenvedés a megfázástól
5369	Kemény bokszoló, verejtékben ázva.	Kemény bokszoló, esőben ázva.	kemény fiatal bokszoló	kemény darab hús
5370	Egy sárga kenuval evez.	Egy piros kenuval evez.	evezés sárga kenuval	kenu hazacipelése
5371	Menők a virágfüzérekben.	Menők a papírkoronákban.	virágfüzért viselnek	virágfüzér felakasztása bent
5372	A seprűje leveleket tol.	A seprűje havat tol.	seprű és száraz levelek	seprű a konyhában
5373	Minden tágul!	Minden zsugorodik!	táguló ugrálóvár	külföldre terjeszkedő cég
5374	A víz egy kicsit sekély.	A víz egy kicsit mély.	úszás sekély vízben	sekély levesestál
5375	Úgy lendíti meg az ütőt, mint egy profi.	Úgy úszik, mint egy profi.	golfütő meglendítése	baseballütő meglendítése
5376	Megnyomta a kapcsolót. Fény!	Belerúgott a kapcsolóba. Fény!	villanykapcsoló megnyomása	vasúti váltó
5377	Összegyűjtötte a tányérokat.	Összegyűjtötte az almákat.	összegyűjtött koszos tányérok	piros almák összegyűjtése
5378	Leteszi a terítéket az asztalra.	Beállítja az ébresztőt.	terítéket letenni	ébresztőt beállítani
5379	A szabó átalakította a zakót.	A szabó átalakította az inget.	sötétkék zakó átalakítása	utazási tervek átalakítása
5380	A srác még a dobozt is elvette!	A lány még a dobozt is elvette!	cuccok elvétele egy dobozból	doboz vitele az iskolába
5381	Kávé és egy nagy beszélgetés.	Sör és egy nagy beszélgetés.	beszélgetés kávé mellett	beszélgetés e-mailben
5382	Az asztalnál mindenki egyszerre akarja megbeszélni!	A buszon mindenki egyszerre akarja megbeszélni!	megbeszélés egy kávézóasztalnál	megbeszélés telefonon
5383	Mennyi taxi a sugárúton!	Mennyi busz a sugárúton!	taxikkal teli széles sugárút	fasoros régi sugárút
5384	A bajnokok teljesen elszabadultak.	A bajnokok hazaindulnak.	bajnokok csíkos mezben	bajnok a dobogón
5385	A labdamenet győzelemmel zárul.	A labdamenet vereséggel zárul.	strandröplabda-győzelem	győzelem kártyában
5386	Széttépi a szerződést.	Széttépi a függönyt.	szerződés kettétépése	lapok kitépése egy könyvből
5387	Osztoznak a bánatukon.	Osztoznak a pizzájukon.	bánat a kanapén	bánat a temetésen
5388	Övé lett a csomag chips!	Övé lett a csomag cukorka!	egy csomag chips megragadása	egy csomag vetőmag
5389	A srác Messi módjára tér ki a lány elől.	A lány Messi módjára tér ki a srác elől.	kitérés a lány keze elől	kitérés egy focilabda elől
5390	Egy fiatal gördeszkázik, olyan menő.	Egy fiatal biciklizik, olyan menő.	fiatal gördeszkán	fiatal biciklin
5391	Szép naplemente, ők meg egy telefont bámulnak.	Szép naplemente, ők meg egy könyvet bámulnak.	telefon bámulása	naplemente bámulása
5392	Rémületükben sikoltoznak!	Egy autóban sikoltoznak!	sikoltozás rémületben	sikoltozás örömében
5393	A T-rex elrabolta a nyugalmát.	A kutya elrabolta a nyugalmát.	elveszíti a nyugalmát	megőrzi a nyugalmát
5394	Valaki előbb követelte magának!	Senki sem követelte magának előbb!	fagyott föld követelése	elveszett táska visszakövetelése
5395	Egy farmmunkás lovagol a kerítés mentén.	Egy farmmunkás lovagol a folyó mentén.	lovagló farmmunkás	marhákkal teli farm
5396	Narancssárga zászlók jelölik meg a vonalat.	Kék zászlók jelölik meg a vonalat.	vonal megjelölése zászlókkal	dolgozat kijavítása
5397	Egy hatalmas hullám, négy nyugodt sirály.	Egy hatalmas hullám, négy nyugodt kacsa.	megtörő hatalmas hullám	hatalmas király
5398	Az emberek emberláncot alkotnak.	Az emberek embertornyot alkotnak.	emberlánc a Föld körül	aranylánc
5399	Két színész játszik egy színdarabban.	Két kutya játszik egy színdarabban.	színdarab egy színházban	iskolai színdarab
5400	Stílusosan ül az operában.	Stílusosan ül a moziban.	egy este az operában	operaénekes
5401	Mindenki tűnődik.	Mindenki alszik.	tűnődés egy problémán	tűnődés az időjáráson
5402	A torkát vizsgálja.	A fülét vizsgálja.	a torka vizsgálata	sál a nyakán
5403	Megnézi, mennyi az idő.	Megnézi a térképet.	az idő megnézése	időpocsékolás
5404	Annyira kapzsi a pirítóssal!	Annyira kapzsi a tortával!	kapzsi pirítósevő	kapzsi tortaevő
5405	A kisgyerek lépked!	A kisgyerek mászik!	a kisgyerek első lépései	a kisgyerek első szavai
5406	A lábujjai egy kagyló mellett vannak.	A lábujjai egy rák mellett vannak.	szétterpesztett lábujjak a homokban	lábujjak egy strandpapucsban
5407	Most mindenkinek vécére kell mennie.	Most mindenkinek a kijárathoz kell mennie.	sor a vécé előtt	vécé takarítása
5408	A készlet megoldotta a székproblémát.	A készlet megoldotta az asztalproblémát.	piros szerszámkészlet	elsősegélykészlet
5409	A fogait mutatja.	A nyelvét mutatja.	elülső fogak közelről	hiányzó elülső fog
5410	Zöld fogkeféje van.	Kék fogkeféje van.	zöld fogkefe	elektromos fogkefe
5411	A srác csak egy pacát kap, a lány örvényeket.	A srác örvényeket kap, a lány csak egy pacát.	fogkrém-örvény	tejszínhab-örvény
5412	Görög oszlopok, hornyolt márvány.	Görög oszlopok, rózsaszín márvány.	óriási hornyolt márványoszlopok	parkolóházi oszlop
5413	Mindenhol autók. Reménytelen!	Mindenhol biciklik. Reménytelen!	reménytelen dugó	reménytelen focicsapat
5414	A fém korlátot fogja.	A fém kaput fogja.	gyalogoshíd korlátja	vonat a sínen
5415	Piros lámpánál vár.	Buszmegállóban vár.	piros közlekedési lámpa	piros stoptábla
5416	Imádja azt a mozdonyt.	Imádja azt a helikoptert.	narancssárga villanymozdony	narancssárga gőzmozdony
5417	A villamos a kocsiszínben köt ki.	A villamos egy múzeumban köt ki.	villamosok a kocsiszínben	buszok a kocsiszínben
5418	A belső tér csupa fa.	A belső tér csupa műanyag.	fa villamos belső tere	modern autó belső tere
5419	Minden transzfert elér.	Minden transzfert lekésik.	transzfer egy komphoz	banki átutalás
5420	Felszáll egy fehér hajóra.	Felszáll egy piros hajóra.	kis utasszállító hajó	hatalmas teherhajó
5421	Mindenhol szemét van!	Mindenhol virágok vannak!	szeméttel teli kuka	virágokkal teli kuka
5422	Újrahasznosítás LeBron-stílusban.	Újrahasznosítás Messi-stílusban.	dobás az újrahasznosító kukákba	régi ruhák újrahasznosítása
5423	A hátizsákja világméretű körúton jár.	A hátizsákja egy városban marad.	világméretű utazás	világméretű telefonhálózat
5424	Aláírták a szerződést.	Széttépték a szerződést.	kézfogás egy szerződésre	szerződés széttépése
5425	Megvan az üzlet.	Az üzlet lefújva.	nagy üzlet aláírása	üzlet a piacon
5426	Mindkét delegáció megegyezett.	Egyik delegáció sem egyezett meg.	két delegáció találkozója	delegáció a reptéren
5427	A borítékon piros pecsét van.	A borítékon kék pecsét van.	piros viaszpecsét	fóka a parton
5428	A kamion rakományt hoz.	A vonat rakományt hoz.	rakomány egy nagy kamionon	rakomány egy hajón
5429	Csukott szemmel megbízik bennük.	Nyitott szemmel megbízik bennük.	megbízik az elkapó csapatban	megbízik egy online idegenben
5430	Gyors az országúti biciklijén.	Gyors a gördeszkáján.	gyors menet alagutakon át	gyors menet a városon át
5431	Hőlégballonnal repül.	Repülővel repül.	hőlégballon sziklák felett	parti lufi
5432	Becsapja a szegény srácot!	Becsapja a szegény kutyát!	vásárló becsapása	tanár becsapása
5433	Bekapcsolja a lámpákat.	Kikapcsolja a lámpákat.	fényfüzér bekapcsolása	a tévé bekapcsolása
5434	Pazarolja az áramot!	Pazarolja a papírt!	rengeteg áram használata	áram napelemekből
5435	Úristen, tök hasonló a szettjük.	Úristen, tök más a szettjük.	hasonló ruhákban	hasonló iskolai egyenruhában
5436	A csapat tésztát csavar.	A csapat tésztát vág.	tésztacsík csavarása	gyapjúfonal csavarása
5437	Buli a belső udvarban!	Buli a konyhában!	fényes buli a belső udvarban	iskolai belső udvar szünetben
5438	Egy tál piros töltelék.	Egy tál zöld töltelék.	piros gyümölcstöltelék	tömés a fogorvosnál
5439	Négy férfi, egy szürke esernyő!	Négy férfi, egy piros esernyő!	szürke esős város	szürke télikabát
5440	Sárkányeregetés az unokaöccsével.	Sárkányeregetés a kutyájával.	sárkányeregetés az unokaöccsel	horgászás az unokaöccsel
5441	A nagybácsi hagyta nyerni a lányt.	A nagybácsi hagyta nyerni a fiút.	szkanderezés a nagybácsival	bokszolás a nagybácsival
5442	Minden ruhaujjal megküzd!	Minden cipzárral megküzd!	karok kihúzása a ruhaujjakból	a ruhaujjak feltűrése
5443	Szolidaritás tölti meg az utcát.	Szolidaritás tölti meg a stadiont.	a szolidaritás lánca	üzletlánc
5444	Együttműködnek egy térképen.	Együttműködnek egy autón.	együttműködés egy kirakóson	együttműködés a rendőrséggel
5445	Az esernyője most haszontalan.	Az aktatáskája most haszontalan.	haszontalan esernyő	haszontalan esernyő napsütésben
5446	A dombok ködösek.	A dombok napsütésesek.	ködös dombok egy tó felett	párás szemek egy esküvőn
5447	Ez az út nagyon távoli helyen van.	Ez az út nagyon forgalmas.	távoli sivatagi út	távirányító
5448	Óriásplakátok minden falon!	Festmények minden falon!	kivilágított óriásplakátok	óriásplakát egy mezőn
5449	Végre az ajtónyílásban van.	Végre a kertben van.	nyitott kő ajtónyílás	függönyös ajtónyílás
5450	Spórolás: kihúzza az eszközöket a konnektorból.	Spórolás: bedugja az eszközöket a konnektorba.	minden eszköz kihúzása	minden eszköz töltése
5451	Egy injekció, és már Hulk!	Egy tabletta, és már Hulk!	injekció a karba	injekció a lábba
5452	Békés tó a ködben.	Békés strand a ködben.	békés hegyi tó	békés hegyi falu
5453	Egy kék vázát tölt meg.	Egy piros vázát tölt meg.	virágok vázába rakása	virágváza összetörése
5454	Tinta fröccsen az egész útlevélre.	Víz fröccsen az egész útlevélre.	fekete tintacseppek	kék tinta az ujjakon
5455	Megkapta a jóváhagyást!	Nem kapott jóváhagyást!	útlevél jóváhagyása	jóváhagyás a szüleitől
5456	Kapott engedélyt.	Nem kapott engedélyt.	utazási engedély	parkolási engedély
5457	A látogatók tortát hoztak.	A látogatók kutyát hoztak.	látogatók tortával	látogatók egy múzeumban
5458	A vitamin őrülten pezseg!	A tej őrülten pezseg!	pezsgő vitamintabletta	olvadó vitamingumi
5459	Láva minden lejtőn.	Hó minden lejtőn.	izzó lávafolyamok	lávalámpa
5460	A forgó csészék rosszullétet okoznak!	Az óriáskerék rosszullétet okoz!	rosszullét egy menet után	rosszullét egy hajón
5461	Mindenki bedob egy szavazólapot.	Mindenki bedob egy levelet.	összehajtott szavazólap bedobása	hosszú szavazólap olvasása
5462	Demokrácia egyetlen műanyag dobozban.	Demokrácia egyetlen fadobozban.	demokrácia működés közben	demokrácia a tévében
5463	A tengeren naplót ír. Micsoda vibe.	Az ágyban naplót ír. Micsoda vibe.	úti napló írása	tudományos folyóirat olvasása
5464	A nő karcsú.	A férfi karcsú.	karcsú nő farmerben	karcsú nő rövidnadrágban
5465	Derék lemérve. Öv igazítva.	Kar lemérve. Öv igazítva.	a dereka lemérése	kötény a dereka körül
5466	A pincér nagyon formálisnak tűnik.	A pincér nagyon lazának tűnik.	formális pincéregyenruha	formális panaszlevél
5467	A fiú sokkos állapotban ébred fel!	A kutya sokkos állapotban ébred fel!	felébredés emeletes ágyban	felébredés egy sátorban
5468	A táblák világítanak.	A fák világítanak.	hatalmas világító táblák	stoptábla
5469	Ez a gyalogló 10 000 lépést tett meg!	Ez a gyalogló 100 lépést tett meg!	gyalogló nordic walking botokkal	gyalogló a hegyekben
5470	Gyors séta a belvárosban öltönyben.	Gyors séta a belvárosban farmerben.	munkába gyaloglás a belvárosban	belvárosi tetőbár
5471	A buborék szerint vízszintes.	A buborék szerint ferde.	vízszintes képkeret	vízszintes út
5472	Kiesnek a bankjegyek.	Kiesnek a kulcsok.	pénztárcából kieső bankjegyek	bankjegyek egy ATM-ben
5473	Egy „gazdag" férfi üres pénztárcával.	Egy „gazdag" férfi teli pénztárcával.	nem túl gazdag férfi	egy gazdag férfi nagy háza
5474	Válogatja az érméit.	Válogatja a kártyáit.	érmék egy pénztárcából	érmék egy szökőkútban
5475	Egy tank jön mögöttük!	Egy ló jön mögöttük!	tank a füstben	vízzel teli tank
5476	Törmeléken sétál át.	Virágokon sétál át.	séta a törmeléken át	a törmelék összesöprése
5477	Minden idők legjobb hóerőd-csatája.	Minden idők legjobb homokerőd-csatája.	hóból épített erőd	kőből épült erőd
5478	A cuccai megtámadják!	A könyvei megtámadják!	kihulló cuccok	cuccok az ágy alatt
5479	Egy köntös és egy „pici" gardrób.	Egy köntös és egy „pici" konyha.	hosszú szatén köntös	szállodai fürdőköntös
5480	A feladata egy tányértorony.	A feladata egy cipőtorony.	nehéz konyhai feladat	feladat a számítógépen
5481	Rózsaszín haj, fehér ing. Fú.	Rózsaszín haj, rózsaszín ing. Fú.	hosszú élénk rózsaszín haj	rózsaszín mosógép
5482	A kutya élvezi a fürdést. Wellnessnap!	A macska élvezi a fürdést. Wellnessnap!	kutya fürdés közben	kutya a medencében
5483	A strandot fürkészi. Vajon kit?	Az erdőt fürkészi. Vajon kit?	a part fürkészése	vonalkód beolvasása
5484	A tűzijátékot bámulják.	A tengert bámulják.	az eget bámulja	a képernyőt bámulja
5485	Locsolókannát használ.	Kerti slagot használ.	zöld locsolókanna	üres locsolókanna
5486	Meglocsolja a virágcserepet.	Lefesti a virágcserepet.	virágcserép az ablakpárkányon	törött virágcserép
5487	Szörfözés a hullám belsejében: menő!	Búvárkodás a hullám belsejében: menő!	szörfözés egy óriási hullámon	szörfözés a neten
5488	Ez a búcsú örökké tart.	Ez a fogadtatás örökké tart.	búcsú a kikötőben	búcsú a reptéren
5489	Minden kabátot olyan jól visel.	Minden öltönyt olyan jól visel.	tollas kalapot visel	szalmakalapot visel
5490	Kihúzott egy óriási gyomot!	Kihúzott egy óriási répát!	gyom kihúzása	gyom a járdán
5491	Itt annyira szívesen látott vendég!	Itt annyira magányos!	szívesen látott vendég	szívesen látott szünet a munkában
5492	A keréknek vékony küllői vannak.	A keréknek nincsenek küllői.	vékony fémküllők	vékony faküllők
5493	Imád minden kerékagyat, amit lát.	Imád minden autót, amit lát.	kerékagy közelről	a város központja
5494	Egy fogyatékos férfi gyorsan gurul.	Egy fogyatékos férfi lassan gurul.	kerekesszékes fogyatékos férfi	mankós fogyatékos férfi
5495	Pletyka a könyvtárban!	Pletyka a konyhában!	pletyka továbbadása	pletyka indítása a neten
5496	Megigazítja a nyakkendőjét.	Megigazítja a kalapját.	nyakkendőcsomó megigazítása	karóra megigazítása
5497	A jelölt nyert!	A jelölt veszített!	győztes jelölt	vesztes jelölt
5498	Minden ablak egy új kilátás!	Minden ajtó egy új kilátás!	kihajolás az ablakon	ablaktisztítás
5499	Egy piros ruhás nő pörög.	Egy piros ruhás nő kocog.	virágait locsoló nő	virágot vásárló nő
5500	Friss faanyag van egy halomban.	Friss faanyag van egy kamionon.	egy halom friss faanyag	egy kamionnyi friss faanyag
5501	A nehéziparban dolgozik.	Egy virágboltban dolgozik.	nehézipari gyár	idegenforgalmi ipar
5502	A dobozok tárolásra kerülnek.	A dobozok a kukába kerülnek.	dobozok tároláshoz	tárolás a telefonon
5503	Plank testhelyzetben van.	Lótusz testhelyzetben van.	magas plank testhelyzet	pozíció a cégnél
5504	Levelet küld.	Csomagot küld.	kézzel írt levél küldése	SMS küldése
5505	Egy röntgenfilmet tanulmányoz.	Egy papírtérképet tanulmányoz.	röntgenfilm	film a moziban
5506	Szó szerint mindenki eljött erre a táncos bulira.	Szó szerint senki sem jött el erre a táncos bulira.	utcai táncos buli naplementekor	iskolai táncóra
5507	Jól érzi magát az állatkertben.	Jól érzi magát a strandon.	egy nap az állatkertben	egy nap a farmon
