concept_id	concept_level	exercise_id	exercise_level	exercise_type_id
1	B	12	B1	42
1	B	22	B2	52
2	B	45	B1	36
2	B	68	B2	59
3	B	93	B1	45
3	B	114	B2	66
4	B	132	B1	45
4	B	151	B2	64
5	B	170	B1	44
5	B	191	B2	65
6	B	208	B1	43
6	B	229	B2	64
7	B	245	B1	41
7	B	263	B2	59
8	A	22111	A1	8
8	A	22120	A2	17
9	B	331	B1	49
9	B	347	B2	65
10	B	354	B1	33
10	B	382	B2	61
11	B	403	B1	43
11	B	410	B2	50
12	B	433	B1	34
12	B	466	B2	67
13	B	483	B1	45
13	B	494	B2	56
14	B	515	B1	38
14	B	541	B2	64
15	B	554	B1	38
15	B	580	B2	64
16	B	600	B1	45
16	B	615	B2	60
17	B	632	B1	38
17	B	656	B2	62
18	B	669	B1	36
18	B	687	B2	54
19	B	720	B1	48
19	B	733	B2	61
20	B	747	B1	36
20	B	775	B2	64
21	B	782	B1	32
21	B	817	B2	67
22	B	824	B1	35
22	B	844	B2	55
23	B	871	B1	43
23	B	884	B2	56
24	B	908	B1	41
24	B	927	B2	60
25	B	937	B1	31
25	B	969	B2	63
26	B	989	B1	44
26	B	1010	B2	65
27	B	1030	B1	46
27	B	1041	B2	57
28	B	1067	B1	44
28	B	1090	B2	67
29	B	1100	B1	38
29	B	1123	B2	61
30	B	1137	B1	36
30	B	1154	B2	53
31	B	1175	B1	35
31	B	1207	B2	67
32	B	1228	B1	49
32	B	1230	B2	51
33	B	1261	B1	43
33	B	1268	B2	50
34	B	1303	B1	46
34	B	1321	B2	64
35	B	1334	B1	38
35	B	1357	B2	61
36	B	1372	B1	37
36	B	1391	B2	56
37	B	1421	B1	47
37	B	1426	B2	52
38	B	1444	B1	31
38	B	1465	B2	52
39	B	1494	B1	42
39	B	1510	B2	58
40	B	1534	B1	43
40	B	1551	B2	60
41	B	1579	B1	49
41	B	1593	B2	63
42	B	1615	B1	46
42	B	1622	B2	53
43	B	1656	B1	48
43	B	1672	B2	64
44	B	1696	B1	49
44	B	1707	B2	60
45	B	1735	B1	49
45	B	1744	B2	58
46	B	1774	B1	49
46	B	1783	B2	58
47	B	1798	B1	34
47	B	1817	B2	53
48	B	1846	B1	43
48	B	1867	B2	64
49	B	1890	B1	48
49	B	1899	B2	57
50	B	1913	B1	32
50	B	1945	B2	64
51	B	1951	B1	31
51	B	1977	B2	57
52	B	2006	B1	47
52	B	2016	B2	57
53	B	2039	B1	41
53	B	2057	B2	59
54	B	2076	B1	39
54	B	2090	B2	53
55	B	2123	B1	47
55	B	2139	B2	63
56	B	2164	B1	49
56	B	2178	B2	63
57	B	2195	B1	41
57	B	2211	B2	57
58	B	2236	B1	43
58	B	2245	B2	52
59	B	2276	B1	44
59	B	2285	B2	53
60	B	2317	B1	46
60	B	2332	B2	61
61	B	2343	B1	33
61	B	2363	B2	53
62	B	2396	B1	47
62	B	2411	B2	62
63	B	2420	B1	32
63	B	2454	B2	66
64	B	2465	B1	38
64	B	2477	B2	50
65	B	2513	B1	47
65	B	2529	B2	63
66	B	2543	B1	38
66	B	2564	B2	59
67	B	2582	B1	38
67	B	2594	B2	50
68	B	2619	B1	36
68	B	2640	B2	57
69	B	2664	B1	42
69	B	2677	B2	55
70	B	2704	B1	43
70	B	2722	B2	61
71	B	2748	B1	48
71	B	2757	B2	57
72	B	2788	B1	49
72	B	2799	B2	60
73	B	2821	B1	43
73	B	2838	B2	60
74	B	2853	B1	36
74	B	2869	B2	52
75	B	2889	B1	33
75	B	2919	B2	63
76	B	2928	B1	33
76	B	2949	B2	54
77	B	2965	B1	31
77	B	2995	B2	61
78	B	3021	B1	48
78	B	3038	B2	65
79	B	3046	B1	34
79	B	3067	B2	55
80	B	3092	B1	41
80	B	3106	B2	55
81	B	3121	B1	31
81	B	3146	B2	56
82	B	3165	B1	36
82	B	3193	B2	64
83	B	3203	B1	35
83	B	3230	B2	62
84	B	3256	B1	49
84	B	3271	B2	64
85	B	3284	B1	38
85	B	3303	B2	57
86	B	3316	B1	31
86	B	3344	B2	59
87	B	3367	B1	43
87	B	3380	B2	56
88	B	3411	B1	48
88	B	3415	B2	52
89	B	3436	B1	34
89	B	3453	B2	51
90	B	3477	B1	36
90	B	3506	B2	65
91	B	3527	B1	47
91	B	3537	B2	57
92	B	3550	B1	31
92	B	3586	B2	67
93	B	3600	B1	42
93	B	3618	B2	60
94	B	3637	B1	40
94	B	3649	B2	52
95	B	3669	B1	33
95	B	3697	B2	61
96	B	3715	B1	40
96	B	3740	B2	65
97	B	3761	B1	47
97	B	3781	B2	67
98	B	3800	B1	47
98	B	3812	B2	59
99	B	3831	B1	39
99	B	3853	B2	61
100	B	3878	B1	47
100	B	3898	B2	67
101	B	3911	B1	41
101	B	3928	B2	58
102	B	3954	B1	45
102	B	3976	B2	67
103	B	3993	B1	45
103	B	4004	B2	56
104	B	4032	B1	45
104	B	4045	B2	58
105	B	4075	B1	49
105	B	4089	B2	63
106	B	4096	B1	31
106	B	4119	B2	54
107	B	4146	B1	42
107	B	4164	B2	60
108	B	4179	B1	36
108	B	4196	B2	53
109	B	4225	B1	43
109	B	4234	B2	52
110	B	4258	B1	37
110	B	4286	B2	65
111	B	4298	B1	38
111	B	4314	B2	54
112	B	4339	B1	40
112	B	4350	B2	51
113	B	4378	B1	40
113	B	4388	B2	50
114	B	4420	B1	43
114	B	4439	B2	62
115	B	4457	B1	41
115	B	4471	B2	55
116	B	4495	B1	40
116	B	4521	B2	66
117	B	4531	B1	37
117	B	4551	B2	57
118	B	4582	B1	49
118	B	4584	B2	51
119	B	4620	B1	48
119	B	4636	B2	64
120	B	4647	B1	36
120	B	4674	B2	63
121	B	4685	B1	35
121	B	4705	B2	55
122	B	4728	B1	39
122	B	4747	B2	58
123	B	4767	B1	39
123	B	4780	B2	52
124	B	4815	B1	48
124	B	4819	B2	52
125	B	4839	B1	33
125	B	4863	B2	57
126	B	4884	B1	39
126	B	4902	B2	57
127	B	4918	B1	34
127	B	4943	B2	59
128	B	4960	B1	37
128	B	4974	B2	51
129	B	4993	B1	31
129	B	5029	B2	67
130	B	5036	B1	35
130	B	5062	B2	61
131	B	5077	B1	37
131	B	5095	B2	55
132	B	5120	B1	41
132	B	5138	B2	59
133	B	5158	B1	40
133	B	5183	B2	65
134	B	5188	B1	31
134	B	5220	B2	63
135	B	36661	B1	34
137	B	37173	B1	35
137	B	37178	B2	65
139	B	37488	B1	39
139	B	37490	B2	61
144	A	34040	A1	2
144	A	34046	A2	24
145	A	32210	A1	4
145	A	32226	A2	20
149	B	41984	B1	46
154	B	36644	B1	44
159	A	27327	A1	7
159	A	27345	A2	25
165	B	36793	B2	60
170	A	15192	A1	11
170	A	15202	A2	21
172	B	36806	B1	49
172	B	36813	B2	56
174	B	36818	B1	43
174	B	36826	B2	51
179	A	27593	A1	3
179	A	27611	A2	21
181	B	36968	B1	34
181	B	36974	B2	65
183	B	37035	B1	39
183	B	37040	B2	67
188	B	37064	B1	47
188	B	37065	B2	62
189	A	11598	A1	9
189	A	11607	A2	18
192	B	37090	B1	45
192	B	37095	B2	66
194	B	37099	B1	42
194	B	37108	B2	51
196	B	37131	B1	35
196	B	37136	B2	66
199	A	28003	A1	7
199	A	28016	A2	20
206	B	37198	B1	42
210	B	37226	B1	44
210	B	37230	B2	65
213	B	37273	B1	48
213	B	37281	B2	61
216	B	37298	B1	49
216	B	37299	B2	50
218	B	37306	B1	42
218	B	37311	B2	62
220	B	37323	B1	44
220	B	37327	B2	65
221	B	37344	B1	47
221	B	37350	B2	53
223	A	28790	A1	7
223	A	28795	A2	12
224	B	37384	B1	39
224	B	37393	B2	65
232	B	37417	B1	42
232	B	37419	B2	67
234	A	29091	A1	10
234	A	29095	A2	14
237	B	37451	B1	31
237	B	37461	B2	67
239	B	37470	B1	35
240	B	37496	B1	31
240	B	37506	B2	67
245	B	37569	B2	61
246	B	37577	B1	31
246	B	37579	B2	59
253	A	12969	A1	3
253	A	12984	A2	18
254	B	37646	B1	49
254	B	37647	B2	51
255	A	12998	A1	5
255	A	13012	A2	19
257	A	13083	A1	9
257	A	13086	A2	12
261	B	37763	B1	39
263	A	13192	A1	6
263	A	13198	A2	12
270	A	13469	A1	3
270	A	13492	A2	26
272	A	13526	A1	5
272	A	13546	A2	25
278	A	30071	A1	10
278	A	30078	A2	17
283	B	37871	B1	47
283	B	37876	B2	52
286	B	37922	B1	41
287	B	37933	B1	46
287	B	37939	B2	66
292	B	38006	B1	45
292	B	38009	B2	65
297	B	5561	B1	41
297	B	5578	B2	58
298	B	38120	B1	31
298	B	38127	B2	64
299	B	5592	B1	31
299	B	5628	B2	67
301	B	38142	B1	47
301	B	38143	B2	65
302	B	38149	B1	39
303	A	30670	A1	11
303	A	30673	A2	14
304	B	38192	B1	37
304	B	38199	B2	53
306	B	38225	B1	47
306	B	38227	B2	66
308	A	13981	A1	6
308	A	14001	A2	26
317	B	38291	B1	32
318	B	38307	B1	48
318	B	38309	B2	50
320	A	30748	A1	8
320	A	30758	A2	18
321	B	38335	B1	44
321	B	38340	B2	66
325	B	38357	B1	32
325	B	38365	B2	65
326	A	14175	A1	7
326	A	14190	A2	22
327	B	38389	B1	43
332	B	5703	B1	39
332	B	5728	B2	64
333	B	5738	B1	35
333	B	5753	B2	50
334	B	5775	B1	33
334	B	5804	B2	62
335	B	5829	B1	48
335	B	5833	B2	52
337	A	31267	A1	10
337	A	31276	A2	19
338	B	38563	B2	55
340	B	38575	B1	34
340	B	38581	B2	66
341	B	5870	B1	40
341	B	5890	B2	60
342	B	5906	B1	37
342	B	5929	B2	60
345	B	38722	B1	38
346	A	14486	A1	3
346	A	14509	A2	26
347	B	38740	B1	47
347	B	38743	B2	50
349	B	5960	B1	40
349	B	5985	B2	65
350	B	38773	B1	32
350	B	38782	B2	67
351	B	38791	B1	40
351	B	38795	B2	67
357	B	6020	B1	47
357	B	6029	B2	56
358	B	38811	B1	31
358	B	38818	B2	61
360	B	6056	B1	40
360	B	6067	B2	51
361	B	38833	B1	38
361	B	38837	B2	66
363	B	38844	B1	35
363	B	38848	B2	61
367	A	32078	A1	9
367	A	32091	A2	22
370	B	38900	B1	48
370	B	38902	B2	50
373	B	6124	B1	45
373	B	6135	B2	56
377	A	15023	A1	7
377	A	15038	A2	22
379	B	6165	B1	37
379	B	6179	B2	51
380	B	38977	B1	32
380	B	38983	B2	60
381	B	6218	B1	49
381	B	6228	B2	59
383	B	6253	B1	43
383	B	6272	B2	62
384	B	39018	B1	31
384	B	39028	B2	67
386	B	6285	B1	32
386	B	6313	B2	60
387	A	32459	A1	10
387	A	32474	A2	25
395	A	32629	A1	1
395	A	32633	A2	15
401	B	6356	B1	36
401	B	6372	B2	52
403	B	39267	B1	31
403	B	39273	B2	63
406	B	39332	B1	31
406	B	39340	B2	62
408	B	39347	B2	53
409	B	39361	B1	31
409	B	39366	B2	59
411	B	39419	B1	37
411	B	39423	B2	66
413	B	39457	B1	39
415	B	39465	B1	31
415	B	39474	B2	63
416	A	15723	A1	2
416	A	15745	A2	24
417	B	39522	B1	42
419	B	6442	B1	49
419	B	6443	B2	50
420	B	39587	B1	38
420	B	39592	B2	51
421	A	32828	A2	18
422	A	15975	A1	8
422	A	15984	A2	17
424	B	39668	B1	42
424	B	39676	B2	50
428	B	39680	B1	32
428	B	39687	B2	62
430	B	39702	B1	46
431	B	39723	B1	36
431	B	39728	B2	66
433	B	39746	B1	33
433	B	39753	B2	63
434	B	39763	B2	62
438	A	16245	A1	1
438	A	16263	A2	19
440	B	39794	B1	42
440	B	39795	B2	66
444	B	6526	B1	46
444	B	6530	B2	50
446	B	39812	B1	48
446	B	39820	B2	61
451	A	16476	A1	8
451	A	16483	A2	15
452	A	33015	A1	9
452	A	33020	A2	22
455	B	6577	B1	38
455	B	6589	B2	50
456	B	39857	B1	45
456	B	39860	B2	65
459	A	16583	A1	4
459	A	16604	A2	25
460	A	33043	A1	1
460	A	33044	A2	12
463	B	39893	B1	47
463	B	39896	B2	66
465	B	6637	B1	41
465	B	6646	B2	50
466	B	6681	B1	46
466	B	6694	B2	59
467	B	6706	B1	32
467	B	6736	B2	62
473	B	39934	B1	34
473	B	39940	B2	63
479	B	39952	B1	43
479	B	39960	B2	51
480	B	39963	B1	34
481	B	6786	B1	47
481	B	6806	B2	67
484	B	39994	B1	44
484	B	39999	B2	66
485	B	6826	B1	42
485	B	6840	B2	56
490	B	6862	B1	31
490	B	6889	B2	58
491	B	40005	B1	31
491	B	40013	B2	65
492	B	40040	B2	62
498	A	17158	A1	2
498	A	17181	A2	25
499	B	40113	B1	47
499	B	40114	B2	65
501	A	33387	A1	3
501	A	33391	A2	21
502	B	6939	B1	47
502	B	6958	B2	66
503	B	6977	B1	46
503	B	6987	B2	56
505	B	40135	B1	48
505	B	40144	B2	57
507	B	7016	B1	40
507	B	7039	B2	63
512	B	40224	B1	49
512	B	40232	B2	57
519	A	17472	A1	6
519	A	17482	A2	16
522	B	7077	B1	34
522	B	7107	B2	64
524	B	7126	B1	42
524	B	7147	B2	63
527	B	7163	B1	36
527	B	7191	B2	64
528	B	40353	B1	40
528	B	40357	B2	67
532	B	40386	B1	31
532	B	40390	B2	60
537	B	40432	B1	44
537	B	40435	B2	62
540	A	33646	A1	10
540	A	33648	A2	12
541	B	40444	B1	48
541	B	40446	B2	50
545	B	7245	B1	45
545	B	7262	B2	62
546	B	40548	B1	31
546	B	40551	B2	59
548	B	40581	B1	41
548	B	40584	B2	67
550	A	18163	A1	1
550	A	18184	A2	22
552	B	40646	B2	60
553	A	18256	A1	11
553	A	18261	A2	16
556	B	7295	B1	36
556	B	7309	B2	50
560	B	40687	B1	49
560	B	40696	B2	63
561	A	18449	A1	9
561	A	18457	A2	17
566	B	7352	B1	36
566	B	7383	B2	67
567	A	33838	A1	6
567	A	33845	A2	13
570	B	40796	B2	65
572	B	7413	B1	48
572	B	7429	B2	64
576	B	7446	B1	36
576	B	7476	B2	66
579	B	7499	B1	46
579	B	7512	B2	59
580	B	40904	B1	37
580	B	40913	B2	66
584	B	7545	B1	45
584	B	7567	B2	67
591	B	7588	B1	37
591	B	7607	B2	56
595	B	41034	B1	46
598	B	41083	B1	49
598	B	41090	B2	62
601	B	41137	B1	35
601	B	41143	B2	66
604	A	19285	A1	3
604	A	19301	A2	19
605	B	41179	B1	44
605	B	41185	B2	50
606	B	41209	B1	47
606	B	41211	B2	66
607	B	41230	B1	40
607	B	41235	B2	61
611	B	7664	B1	36
611	B	7686	B2	58
613	B	7714	B1	45
613	B	7730	B2	61
619	B	7749	B1	31
619	B	7774	B2	56
620	A	19598	A1	2
620	A	19621	A2	25
622	B	41304	B1	31
622	B	41314	B2	66
623	B	7803	B1	40
623	B	7817	B2	54
624	A	19679	A1	2
624	A	19694	A2	17
625	B	7837	B1	33
625	B	7869	B2	65
628	B	7890	B1	43
628	B	7907	B2	60
630	B	7936	B1	48
630	B	7938	B2	50
631	B	41427	B1	31
631	B	41437	B2	67
632	A	19907	A1	6
632	A	19925	A2	24
633	B	41449	B1	34
633	B	41455	B2	63
636	B	7972	B1	35
636	B	7996	B2	59
638	B	41498	B1	49
640	B	41502	B1	32
640	B	41508	B2	61
641	B	41516	B1	33
641	B	41522	B2	61
642	B	8025	B1	39
642	B	8053	B2	67
645	B	8064	B1	35
645	B	8091	B2	62
646	B	8107	B1	39
646	B	8119	B2	51
651	B	8148	B1	33
651	B	8174	B2	59
653	B	41556	B1	35
654	B	8204	B1	46
654	B	8225	B2	67
657	A	34399	A1	11
657	A	34404	A2	18
658	B	41566	B1	31
658	B	41574	B2	65
659	B	41614	B1	46
661	B	8240	B1	31
661	B	8268	B2	59
663	B	8296	B1	46
663	B	8314	B2	64
664	B	8332	B1	43
664	B	8349	B2	60
667	B	8374	B1	42
667	B	8382	B2	50
669	B	8411	B1	38
669	B	8435	B2	62
670	B	8454	B1	42
670	B	8462	B2	50
672	B	8496	B1	43
672	B	8507	B2	54
673	A	20578	A1	4
673	A	20586	A2	12
674	B	41701	B1	33
677	B	41756	B1	47
677	B	41759	B2	50
679	B	8538	B1	34
679	B	8569	B2	65
681	A	20753	A1	10
681	A	20767	A2	24
682	B	8594	B1	47
682	B	8613	B2	66
683	B	8619	B1	33
683	B	8646	B2	60
687	B	8667	B1	36
687	B	8682	B2	51
688	B	8718	B1	48
688	B	8725	B2	55
690	B	8756	B1	45
690	B	8770	B2	59
691	A	20891	A1	6
691	A	20901	A2	16
692	B	8787	B1	35
692	B	8804	B2	52
693	B	8824	B1	33
693	B	8853	B2	62
695	B	8864	B1	32
695	B	8897	B2	65
696	B	41989	B1	48
696	B	41997	B2	56
700	B	8926	B1	47
700	B	8934	B2	55
701	B	42083	B1	48
701	B	42090	B2	60
708	B	8981	B1	49
708	B	8989	B2	57
710	B	9010	B1	37
710	B	9029	B2	56
711	A	21341	A1	7
711	A	21348	A2	14
714	B	42329	B1	43
715	B	42341	B1	42
715	B	42347	B2	62
716	B	9054	B1	32
716	B	9086	B2	64
718	B	42394	B2	52
721	A	34841	A1	3
721	A	34846	A2	20
722	B	42446	B1	32
722	B	42454	B2	65
725	B	42492	B2	59
727	B	42521	B1	48
727	B	42523	B2	51
728	B	42532	B1	31
728	B	42542	B2	67
730	B	9118	B1	31
730	B	9139	B2	52
737	A	22027	A1	7
737	A	22045	A2	25
740	B	42633	B1	32
740	B	42638	B2	60
741	A	22187	A1	3
741	A	22210	A2	26
743	B	42691	B2	61
744	B	42705	B1	47
744	B	42707	B2	66
746	A	34986	A1	5
746	A	34993	A2	12
748	A	35031	A1	10
748	A	35033	A2	16
754	B	42974	B1	39
754	B	42975	B2	60
755	B	9260	B1	49
755	B	9266	B2	55
756	B	9294	B1	44
756	B	9310	B2	60
757	B	43045	B1	41
759	B	9325	B1	32
759	B	9346	B2	53
763	B	43067	B1	37
763	B	43075	B2	65
764	B	43084	B1	49
764	B	43087	B2	52
768	B	9391	B1	43
768	B	9413	B2	65
771	B	43225	B1	48
771	B	43231	B2	59
772	B	9429	B1	36
772	B	9451	B2	58
774	B	43264	B1	33
774	B	43274	B2	62
775	A	23662	A1	3
775	A	23685	A2	26
778	B	43306	B1	44
778	B	43313	B2	66
780	B	43329	B1	31
780	B	43339	B2	66
784	A	23699	A1	11
784	A	23705	A2	17
788	B	9547	B1	48
788	B	9557	B2	58
790	B	43382	B1	48
790	B	43387	B2	57
791	B	43414	B1	46
791	B	43417	B2	65
794	B	43427	B1	42
796	B	9586	B1	34
796	B	9602	B2	50
797	A	35435	A2	14
799	B	43465	B2	61
800	A	23862	A1	5
800	A	23879	A2	22
801	B	9648	B1	49
801	B	9660	B2	61
804	B	43484	B1	49
804	B	43494	B2	59
805	B	43512	B1	38
805	B	43519	B2	65
807	B	9697	B1	49
807	B	9705	B2	57
808	A	35483	A1	2
808	A	35488	A2	23
810	A	24033	A1	9
810	A	24043	A2	19
812	B	43536	B1	43
812	B	43544	B2	51
815	B	9746	B1	45
815	B	9754	B2	53
820	A	24060	A1	7
820	A	24069	A2	16
821	A	35511	A1	9
821	A	35516	A2	22
826	B	9805	B1	45
826	B	9814	B2	54
827	A	24198	A1	7
827	A	24212	A2	21
830	A	24252	A1	6
830	A	24259	A2	13
831	B	43641	B1	32
831	B	43649	B2	63
832	B	9854	B1	45
832	B	9864	B2	55
834	B	43700	B1	44
834	B	43704	B2	65
836	B	9903	B1	49
836	B	9914	B2	60
838	A	35672	A1	2
838	A	35678	A2	20
839	B	43775	B1	34
839	B	43785	B2	62
841	B	9949	B1	48
841	B	9962	B2	61
842	A	24450	A1	1
842	A	24473	A2	24
846	B	9979	B1	31
846	B	10013	B2	65
847	B	10036	B1	49
847	B	10042	B2	55
848	B	43887	B1	42
848	B	43895	B2	50
853	A	24664	A1	9
853	A	24667	A2	12
854	A	24801	A1	3
854	A	24815	A2	17
855	A	35836	A1	7
855	A	35838	A2	19
857	B	10082	B1	38
857	B	10105	B2	61
858	B	44023	B1	44
858	B	44027	B2	65
859	B	10122	B1	37
859	B	10137	B2	52
860	B	10164	B1	40
860	B	10179	B2	55
862	B	10205	B1	40
862	B	10232	B2	67
864	B	44079	B1	49
864	B	44081	B2	65
866	B	44089	B1	49
866	B	44097	B2	62
867	B	10254	B1	42
867	B	10264	B2	52
868	B	44107	B1	34
868	B	44110	B2	63
879	B	10320	B1	47
879	B	10338	B2	65
881	B	10363	B1	49
881	B	10372	B2	58
883	A	34382	A1	4
883	A	34384	A2	17
887	A	34701	A1	9
887	A	34708	A2	23
889	A	15266	A1	4
889	A	15278	A2	16
890	B	43555	B1	41
894	B	44813	B1	34
894	B	44820	B2	66
896	B	44136	B1	37
896	B	44140	B2	66
901	B	10438	B1	47
901	B	10442	B2	51
902	A	35986	A1	9
903	B	10463	B1	31
903	B	10499	B2	67
904	A	36024	A1	1
904	A	36027	A2	14
905	A	36039	A1	11
905	A	36041	A2	13
906	B	44201	B1	47
906	B	44205	B2	51
907	B	44260	B1	38
908	A	25500	A1	6
908	A	25514	A2	20
911	B	10522	B1	37
911	B	10542	B2	57
912	B	10562	B1	38
912	B	10582	B2	58
914	B	44314	B1	37
914	B	44318	B2	66
915	B	44324	B1	34
915	B	44330	B2	62
917	B	10609	B1	38
917	B	10624	B2	53
919	B	44338	B1	32
919	B	44344	B2	64
923	B	10666	B1	46
923	B	10678	B2	58
930	B	44450	B1	45
931	B	44461	B2	55
932	A	25858	A1	4
932	A	25880	A2	26
933	B	10716	B1	39
933	B	10738	B2	61
934	B	44474	B1	32
934	B	44483	B2	67
939	B	10764	B1	38
939	B	10777	B2	51
943	B	10819	B1	48
943	B	10825	B2	54
947	B	10861	B1	45
947	B	10866	B2	50
949	B	44552	B1	37
949	B	44559	B2	53
951	A	25916	A1	1
951	A	25936	A2	21
953	B	44626	B1	38
953	B	44628	B2	65
958	A	26253	A1	11
958	A	26255	A2	13
959	B	44649	B1	44
959	B	44654	B2	65
963	A	26389	A1	5
963	A	26401	A2	17
967	B	44776	B1	44
967	B	44780	B2	62
970	A	26583	A1	2
970	A	26597	A2	16
971	B	44845	B1	36
971	B	44854	B2	65
973	B	10939	B1	34
973	B	10965	B2	60
975	B	10979	B1	33
975	B	11000	B2	54
977	B	44906	B1	34
979	A	26892	A1	4
979	A	26914	A2	26
981	A	11023	A1	1
981	A	11047	A2	25
982	A	11055	A1	6
982	A	11074	A2	25
984	A	27140	A1	9
984	A	27150	A2	19
987	A	27221	A1	9
987	A	27224	A2	12
988	A	11085	A1	4
988	A	11099	A2	18
989	A	27245	A1	6
989	A	27261	A2	22
990	A	27273	A1	7
990	A	27280	A2	14
991	A	11113	A1	3
991	A	11135	A2	25
993	A	11145	A1	7
993	A	11156	A2	18
994	A	11170	A1	5
994	A	11179	A2	14
995	A	11193	A1	1
995	A	11216	A2	24
1000	A	11226	A1	3
1000	A	11239	A2	16
1001	A	11261	A1	11
1001	A	11265	A2	15
1002	A	27437	A1	9
1002	A	27450	A2	22
1004	A	11288	A1	9
1004	A	11305	A2	26
1006	A	11313	A1	6
1006	A	11322	A2	15
1007	A	11345	A1	11
1007	A	11357	A2	23
1014	A	11378	A1	11
1014	A	11383	A2	16
1016	A	11401	A1	6
1016	A	11419	A2	24
1017	A	11429	A1	7
1017	A	11435	A2	13
1018	A	11453	A1	4
1018	A	11468	A2	19
1019	A	11478	A1	2
1019	A	11501	A2	25
1020	A	11509	A1	6
1020	A	11517	A2	14
1021	B	37007	B1	34
1021	B	37012	B2	65
1022	A	11535	A1	4
1022	A	11543	A2	12
1024	A	27730	A1	4
1024	A	27752	A2	26
1026	A	27764	A1	11
1026	A	27773	A2	20
1027	A	11565	A1	3
1027	A	11588	A2	26
1029	A	27840	A1	6
1029	A	27855	A2	21
1031	A	27863	A1	2
1031	A	27885	A2	24
1032	A	11628	A1	9
1032	A	11638	A2	19
1033	A	11657	A1	11
1033	A	11661	A2	15
1034	A	27978	A1	9
1034	A	27995	A2	26
1036	A	11681	A1	6
1036	A	11698	A2	23
1037	A	11710	A1	8
1037	A	11718	A2	16
1039	A	11741	A1	11
1039	A	11747	A2	17
1040	A	11768	A1	11
1040	A	11781	A2	24
1041	A	28028	A1	5
1041	A	28041	A2	18
1042	A	11792	A1	7
1042	A	11810	A2	25
1043	A	28088	A1	11
1043	A	28094	A2	17
1044	A	28107	A1	3
1044	A	28117	A2	13
1046	A	11822	A1	7
1046	A	11841	A2	26
1047	A	11853	A1	11
1047	A	11858	A2	16
1048	A	11875	A1	6
1048	A	11889	A2	20
1049	A	28198	A1	10
1049	A	28204	A2	16
1050	A	28253	A1	11
1050	A	28266	A2	24
1052	A	11909	A1	10
1052	A	11921	A2	22
1056	A	11936	A1	7
1056	A	11941	A2	12
1061	A	28379	A1	2
1061	A	28397	A2	20
1062	A	28408	A1	4
1062	A	28429	A2	25
1063	A	28433	A1	2
1063	A	28446	A2	15
1064	A	28549	A1	10
1064	A	28557	A2	18
1065	A	11970	A1	6
1065	A	11984	A2	20
1066	A	28571	A1	5
1066	A	28590	A2	24
1067	A	12002	A1	10
1067	A	12004	A2	12
1069	A	12027	A1	7
1069	A	12043	A2	23
1070	A	12051	A1	4
1070	A	12061	A2	14
1071	A	28594	A1	1
1071	A	28610	A2	17
1072	A	28625	A1	5
1072	A	28636	A2	16
1073	A	12077	A1	1
1073	A	12092	A2	16
1074	A	12111	A1	8
1074	A	12120	A2	17
1075	A	12131	A1	1
1075	A	12144	A2	14
1077	A	12168	A1	10
1077	A	12174	A2	16
1078	B	37336	B1	45
1078	B	37340	B2	65
1080	B	37359	B1	33
1080	B	37367	B2	62
1081	A	12193	A1	5
1081	A	12205	A2	17
1082	A	12218	A1	3
1082	A	12237	A2	22
1083	A	12251	A1	9
1083	A	12256	A2	14
1084	A	12280	A1	11
1084	A	12293	A2	24
1085	A	12299	A1	3
1085	A	12320	A2	24
1088	A	28820	A1	10
1088	A	28829	A2	19
1091	A	28896	A1	5
1091	A	28912	A2	21
1093	B	37401	B1	48
1093	B	37403	B2	51
1094	A	29003	A1	4
1094	A	29024	A2	25
1096	A	12335	A1	2
1096	A	12354	A2	21
1097	A	12362	A1	2
1097	A	12381	A2	21
1099	A	12397	A1	9
1099	A	12412	A2	24
1100	A	12424	A1	9
1100	A	12434	A2	19
1101	A	29054	A1	1
1101	A	29072	A2	19
1103	A	12453	A1	9
1103	A	12458	A2	14
1104	A	12473	A1	2
1104	A	12496	A2	25
1106	A	12510	A1	11
1106	A	12515	A2	16
1108	A	12537	A1	10
1108	A	12540	A2	13
1112	A	29171	A1	9
1112	A	29183	A2	21
1113	A	12568	A1	10
1113	A	12572	A2	14
1114	A	12594	A1	9
1114	A	12597	A2	12
1115	A	12619	A1	7
1115	A	12633	A2	21
1116	A	12647	A1	8
1116	A	12658	A2	19
1117	A	12674	A1	8
1117	A	12687	A2	21
1118	A	29199	A1	9
1118	A	29203	A2	13
1119	A	12703	A1	9
1119	A	12718	A2	24
1120	A	12723	A1	2
1120	A	12745	A2	24
1121	A	12758	A1	10
1121	A	12764	A2	16
1122	A	12784	A1	9
1122	A	12789	A2	14
1123	A	29284	A1	11
1123	A	29297	A2	24
1124	A	12814	A1	11
1124	A	12825	A2	22
1125	A	12836	A1	6
1125	A	12845	A2	15
1126	A	29383	A1	1
1126	A	29399	A2	17
1127	A	12864	A1	6
1127	A	12882	A2	24
1128	A	12896	A1	11
1128	A	12909	A2	24
1129	A	12916	A1	4
1129	A	12927	A2	15
1130	A	12950	A1	11
1130	A	12957	A2	18
1133	A	13025	A1	5
1133	A	13042	A2	22
1134	A	13052	A1	5
1134	A	13065	A2	18
1136	A	13112	A1	11
1136	A	13119	A2	18
1137	A	13130	A1	2
1137	A	13152	A2	24
1139	A	13157	A1	1
1139	A	13171	A2	15
1140	A	29607	A1	6
1140	A	29627	A2	26
1144	A	13223	A1	10
1144	A	13226	A2	13
1145	A	13242	A1	2
1145	A	13264	A2	24
1146	A	13269	A1	2
1146	A	13279	A2	12
1147	A	29632	A1	4
1147	A	29645	A2	17
1150	A	13302	A1	5
1150	A	13312	A2	15
1151	A	29661	A1	5
1151	A	29674	A2	18
1152	A	13334	A1	9
1152	A	13348	A2	23
1155	A	29693	A1	10
1155	A	29697	A2	14
1156	A	13359	A1	4
1156	A	13378	A2	23
1157	A	13391	A1	9
1157	A	13394	A2	12
1158	A	29713	A1	3
1158	A	29726	A2	16
1159	A	13416	A1	6
1159	A	29753	A2	16
1160	A	29774	A1	10
1160	A	29776	A2	12
1161	A	13440	A1	2
1161	A	13464	A2	26
1165	A	13501	A1	7
1165	A	13520	A2	26
1167	A	29849	A1	4
1167	A	29867	A2	22
1169	A	13558	A1	8
1169	A	13567	A2	17
1170	A	29903	A1	4
1170	A	29922	A2	23
1171	A	29937	A1	11
1171	A	29949	A2	23
1172	A	29960	A1	7
1172	A	29970	A2	17
1173	A	30036	A1	2
1173	A	30049	A2	15
1174	A	13583	A1	2
1174	A	13597	A2	16
1175	A	13609	A1	1
1175	A	13627	A2	19
1177	A	30094	A1	6
1177	A	30102	A2	14
1178	A	13646	A1	9
1178	A	13653	A2	16
1179	A	13666	A1	2
1179	A	13677	A2	13
1181	A	30207	A1	9
1181	A	30224	A2	26
1183	A	13699	A1	5
1183	A	13707	A2	13
1184	A	30261	A1	9
1184	A	30268	A2	16
1186	A	13725	A1	2
1186	A	13738	A2	15
1187	A	13754	A1	4
1187	A	13762	A2	12
1188	A	30454	A1	11
1188	A	30466	A2	23
1189	A	13787	A1	9
1189	A	13800	A2	22
1191	A	13807	A1	1
1191	A	13818	A2	12
1192	A	13841	A1	8
1192	A	13847	A2	14
1194	A	13863	A1	2
1194	A	13881	A2	20
1196	A	13896	A1	7
1196	A	13908	A2	19
1197	A	30640	A1	8
1197	A	30650	A2	18
1200	A	13921	A1	2
1200	A	13943	A2	24
1202	A	13952	A1	5
1202	A	13970	A2	23
1205	A	14003	A1	1
1205	A	14017	A2	15
1206	A	14036	A1	7
1206	A	14042	A2	13
1207	A	14061	A1	5
1207	A	14073	A2	17
1211	B	38343	B1	43
1211	B	38351	B2	51
1212	A	14091	A1	4
1212	A	14108	A2	21
1213	A	14116	A1	2
1213	A	14126	A2	12
1214	A	14145	A1	4
1214	A	14158	A2	17
1219	A	14207	A1	9
1219	A	14217	A2	19
1221	A	30885	A1	9
1221	A	30888	A2	12
1224	A	30964	A1	5
1224	A	30980	A2	21
1225	A	14232	A1	2
1225	A	14243	A2	13
1226	A	14263	A1	6
1226	A	14277	A2	20
1227	A	14290	A1	6
1227	A	14306	A2	22
1228	A	31018	A1	5
1228	A	31031	A2	18
1229	A	31104	A1	10
1229	A	31119	A2	25
1231	A	14315	A1	1
1231	A	14334	A2	20
1232	A	14350	A1	9
1232	A	14364	A2	23
1233	A	31237	A1	7
1233	A	31244	A2	14
1235	A	14375	A1	5
1235	A	14396	A2	26
1237	A	14409	A1	11
1237	A	14424	A2	26
1238	A	31537	A1	10
1238	A	31552	A2	25
1241	A	31673	A1	11
1241	A	31678	A2	16
1242	A	14435	A1	6
1242	A	14443	A2	14
1243	A	14460	A1	4
1243	A	14474	A2	18
1245	A	31720	A1	4
1245	A	31742	A2	26
1248	A	14524	A1	11
1248	A	14535	A2	22
1249	A	14546	A1	6
1249	A	14561	A2	21
1251	A	14574	A1	6
1251	A	14582	A2	14
1253	A	14600	A1	4
1253	A	14614	A2	18
1254	A	14624	A1	1
1254	A	14646	A2	23
1255	A	31886	A1	8
1255	A	31899	A2	21
1256	A	14655	A1	4
1256	A	14665	A2	14
1257	A	14680	A1	2
1257	A	14690	A2	12
1258	A	31940	A1	7
1258	A	31954	A2	21
1260	A	14711	A1	4
1260	A	14732	A2	25
1262	A	14741	A1	6
1262	A	14758	A2	23
1263	A	14764	A1	2
1263	A	14779	A2	17
1269	A	14798	A1	4
1269	A	14817	A2	23
1270	A	14823	A1	2
1270	A	14835	A2	14
1272	A	32052	A1	10
1272	A	32062	A2	20
1273	A	14855	A1	5
1273	A	14872	A2	22
1274	A	14883	A1	6
1274	A	14900	A2	23
1277	A	14916	A1	10
1277	A	14929	A2	23
1278	B	38879	B1	31
1278	B	38888	B2	66
1279	A	14940	A1	6
1279	A	14949	A2	15
1280	A	14968	A1	7
1280	A	14984	A2	23
1282	A	14998	A1	9
1282	A	15013	A2	24
1284	A	32186	A1	7
1284	A	32195	A2	16
1285	A	32265	A1	5
1285	A	32273	A2	13
1286	A	15052	A1	7
1286	A	15070	A2	25
1287	A	15076	A1	4
1287	A	15090	A2	18
1288	A	15106	A1	7
1288	A	15116	A2	17
1290	A	15133	A1	6
1290	A	15149	A2	22
1291	A	15158	A1	4
1291	A	15176	A2	22
1293	A	15212	A1	4
1293	A	15220	A2	12
1294	A	15245	A1	10
1294	A	15254	A2	19
1296	A	32427	A1	5
1296	A	32438	A2	16
1297	A	32484	A1	8
1297	A	32495	A2	19
1300	A	32505	A1	2
1300	A	32525	A2	22
1303	A	32532	A1	2
1303	A	32543	A2	13
1304	A	15300	A1	3
1304	A	15321	A2	24
1306	A	15333	A1	8
1306	A	15342	A2	17
1308	A	32643	A1	11
1308	A	32644	A2	12
1309	A	15363	A1	9
1309	A	15366	A2	12
1310	A	32649	A1	4
1310	A	32653	A2	25
1311	A	32674	A2	14
1313	A	15390	A1	6
1313	A	15405	A2	21
1315	A	32696	A1	6
1315	A	32698	A2	21
1317	A	15420	A1	6
1317	A	15428	A2	14
1318	A	15449	A1	8
1318	A	15462	A2	21
1319	B	39259	B2	55
1320	A	15472	A1	3
1320	A	15490	A2	21
1321	A	32742	A1	6
1321	A	32747	A2	16
1324	A	15502	A1	3
1324	A	15511	A2	12
1326	A	15531	A1	4
1326	A	15552	A2	25
1327	A	15558	A1	4
1327	A	15578	A2	24
1328	B	39400	B1	31
1328	B	39410	B2	66
1329	A	15588	A1	6
1329	A	15606	A2	24
1330	A	32753	A1	9
1330	A	32757	A2	13
1331	A	15616	A1	6
1331	A	15626	A2	16
1332	A	15642	A1	5
1332	A	15660	A2	23
1334	A	32763	A1	8
1334	A	32766	A2	21
1336	A	15668	A1	1
1336	A	15681	A2	14
1337	A	15703	A1	9
1337	A	15713	A2	19
1339	A	15752	A1	4
1339	A	15766	A2	18
1340	B	39512	B1	46
1340	B	39514	B2	65
1341	A	15785	A1	9
1341	A	15799	A2	23
1342	A	15808	A1	5
1342	A	15820	A2	17
1343	A	15835	A1	5
1343	A	15844	A2	14
1344	A	15868	A1	11
1344	A	15877	A2	20
1345	A	15885	A1	1
1345	A	15896	A2	12
1346	A	32799	A1	11
1346	A	32801	A2	13
1347	A	32809	A1	9
1347	A	32815	A2	15
1348	A	15917	A1	4
1348	A	15939	A2	26
1349	A	15941	A1	1
1349	A	15960	A2	20
1351	A	15997	A1	3
1351	A	16011	A2	17
1352	A	32871	A1	1
1352	A	32876	A2	16
1353	A	16027	A1	5
1353	A	16038	A2	16
1354	A	32890	A1	3
1354	A	32895	A2	25
1357	A	16057	A1	5
1357	A	16071	A2	19
1358	A	16085	A1	6
1358	A	16097	A2	18
1359	A	32928	A1	7
1360	A	16115	A1	8
1360	A	16130	A2	23
1361	A	32949	A1	8
1361	A	32952	A2	19
1362	A	16142	A1	7
1362	A	16160	A2	25
1363	A	16173	A1	11
1363	A	16176	A2	14
1364	A	16199	A1	10
1364	A	16203	A2	14
1365	A	16220	A1	4
1365	A	16231	A2	15
1368	A	32966	A1	3
1368	A	32969	A2	19
1371	A	32977	A1	7
1371	A	32980	A2	20
1372	A	16276	A1	1
1372	A	16293	A2	18
1373	A	16306	A1	4
1373	A	16326	A2	24
1375	A	32985	A1	9
1375	A	32990	A2	26
1376	A	16340	A1	9
1376	A	16346	A2	15
1377	A	16363	A1	5
1377	A	16375	A2	17
1380	A	16394	A1	7
1380	A	16407	A2	20
1381	A	16420	A1	6
1381	A	16433	A2	19
1382	A	16446	A1	5
1382	A	16453	A2	12
1384	A	16501	A1	6
1384	A	16515	A2	20
1386	A	16530	A1	7
1386	A	16539	A2	16
1388	A	16552	A1	1
1388	A	16569	A2	18
1389	A	33034	A1	6
1389	A	33039	A2	14
1391	A	16614	A1	8
1391	A	16626	A2	20
1393	A	33053	A1	9
1393	A	33057	A2	15
1394	A	33070	A1	1
1394	A	33074	A2	17
1395	A	16639	A1	3
1395	A	16659	A2	23
1396	A	33086	A1	7
1396	A	33088	A2	26
1397	A	33096	A2	24
1398	A	16673	A1	8
1398	A	16686	A2	21
1399	A	33109	A1	3
1399	A	33115	A2	26
1400	A	33122	A1	10
1400	A	33124	A2	21
1401	A	33127	A1	11
1401	A	33129	A2	15
1403	A	16704	A1	8
1403	A	16710	A2	14
1404	A	33137	A1	7
1404	A	33141	A2	19
1405	A	16731	A1	7
1405	A	16736	A2	12
1406	A	33148	A1	8
1406	A	33151	A2	21
1407	A	33156	A1	7
1407	A	33159	A2	20
1408	A	33162	A1	2
1408	A	33169	A2	21
1411	A	16766	A1	10
1411	A	16769	A2	13
1412	A	16791	A1	8
1412	A	16797	A2	14
1413	A	33186	A2	16
1414	A	16813	A1	2
1414	A	16823	A2	12
1418	B	39920	B1	43
1418	B	39928	B2	52
1419	A	16846	A1	4
1419	A	16862	A2	20
1420	A	33214	A1	8
1420	A	33219	A2	13
1422	A	16875	A1	4
1422	A	16885	A2	14
1424	A	33252	A1	8
1424	A	33255	A2	19
1425	A	16907	A1	7
1425	A	16914	A2	14
1426	A	33261	A1	9
1426	A	33264	A2	22
1428	A	16936	A1	7
1428	A	16942	A2	13
1429	A	16966	A1	10
1429	A	16972	A2	16
1430	A	33276	A1	4
1430	A	33278	A2	12
1431	A	33285	A1	7
1431	A	33291	A2	13
1433	A	33303	A1	3
1433	A	33306	A2	17
1434	A	16990	A1	3
1434	A	17009	A2	22
1436	A	17022	A1	7
1436	A	17036	A2	21
1437	A	33334	A2	18
1438	A	33344	A2	23
1439	A	17049	A1	5
1439	A	17062	A2	18
1440	A	17074	A1	3
1440	A	17097	A2	26
1441	B	40060	B1	31
1441	B	40068	B2	65
1443	A	33371	A1	10
1443	A	33373	A2	12
1444	A	17102	A1	1
1444	A	17121	A2	20
1445	A	17130	A1	2
1445	A	17154	A2	26
1448	A	17187	A1	4
1448	A	17209	A2	26
1450	A	17212	A1	1
1450	A	17234	A2	23
1451	A	33382	A1	10
1451	A	33384	A2	21
1452	A	17243	A1	4
1452	A	17262	A2	23
1456	A	33396	A1	3
1456	A	33401	A2	23
1457	A	17281	A1	11
1457	A	17287	A2	17
1458	A	17304	A1	7
1458	A	17315	A2	18
1459	B	40169	B1	40
1459	B	40170	B2	66
1461	A	17330	A1	4
1461	A	17343	A2	17
1462	A	17363	A1	10
1462	A	17366	A2	13
1463	A	17381	A1	1
1463	A	17404	A2	24
1464	A	17417	A1	10
1464	A	17430	A2	23
1468	A	17443	A1	6
1468	A	17461	A2	24
1469	A	33494	A1	5
1469	A	33496	A2	23
1473	A	17496	A1	2
1473	A	17516	A2	22
1474	A	17524	A1	3
1474	A	17537	A2	16
1476	A	17559	A1	10
1476	A	17570	A2	21
1481	A	17589	A1	9
1481	A	17605	A2	25
1482	A	17618	A1	11
1482	A	17629	A2	22
1484	A	17643	A1	8
1484	A	17653	A2	18
1485	A	17673	A1	11
1485	A	17685	A2	23
1486	A	33547	A2	23
1487	A	33551	A1	6
1487	A	33555	A2	20
1488	A	17698	A1	7
1488	A	17711	A2	20
1489	A	17724	A1	6
1489	A	17741	A2	23
1490	A	17747	A1	2
1490	A	17769	A2	24
1491	A	33599	A1	3
1491	A	33601	A2	20
1492	A	33608	A2	16
1493	A	17780	A1	6
1493	A	17794	A2	20
1494	A	33617	A1	3
1494	A	33623	A2	26
1495	A	17813	A1	11
1495	A	17822	A2	20
1497	A	17831	A1	1
1497	A	17852	A2	22
1498	A	33630	A1	11
1498	A	33631	A2	12
1499	A	17865	A1	7
1499	A	17871	A2	13
1500	A	17894	A1	9
1500	A	17906	A2	21
1502	A	33637	A2	17
1503	A	17916	A1	2
1503	A	17935	A2	21
1504	A	17946	A1	5
1504	A	17962	A2	21
1506	B	40483	B1	34
1506	B	40490	B2	66
1507	A	33683	A1	6
1508	A	17977	A1	6
1508	A	17993	A2	22
1509	A	18001	A1	3
1509	A	18014	A2	16
1510	A	33694	A1	9
1510	A	33696	A2	13
1511	A	18027	A1	1
1511	A	18041	A2	15
1512	A	18059	A1	6
1512	A	18068	A2	15
1513	A	18082	A1	2
1513	A	18092	A2	12
1514	A	18108	A1	1
1514	A	18119	A2	12
1515	A	18145	A1	11
1515	A	18149	A2	15
1516	A	33719	A1	10
1516	A	33726	A2	17
1518	B	40618	B1	48
1518	B	40622	B2	52
1519	A	18196	A1	6
1519	A	18202	A2	12
1520	A	18219	A1	2
1520	A	18238	A2	21
1523	A	18273	A1	1
1523	A	18296	A2	24
1524	A	18309	A1	10
1524	A	18319	A2	20
1525	A	18332	A1	6
1525	A	18352	A2	26
1528	A	33748	A1	9
1528	A	33752	A2	15
1529	A	18364	A1	8
1529	A	18369	A2	13
1530	A	33778	A1	7
1530	A	33782	A2	19
1531	A	18387	A1	3
1531	A	18405	A2	21
1533	A	18415	A1	3
1533	A	18434	A2	22
1540	A	18474	A1	3
1540	A	18494	A2	23
1541	B	40759	B1	37
1541	B	40764	B2	53
1543	A	18511	A1	11
1543	A	18516	A2	16
1545	A	18539	A1	11
1545	A	18554	A2	26
1547	A	18558	A1	2
1547	A	18568	A2	12
1549	A	18587	A1	3
1549	A	18607	A2	23
1550	A	18614	A1	3
1550	A	18634	A2	23
1551	A	18642	A1	4
1551	A	18654	A2	16
1554	A	18673	A1	6
1554	A	18686	A2	19
1556	A	18705	A1	10
1556	A	18714	A2	19
1558	A	18734	A1	11
1558	A	18749	A2	26
1559	A	18754	A1	4
1559	A	18765	A2	15
1560	A	18784	A1	7
1560	A	18791	A2	14
1561	A	33885	A1	2
1561	A	33888	A2	20
1562	A	18809	A1	4
1562	A	18818	A2	13
1563	B	40960	B1	44
1563	B	40965	B2	66
1567	A	18841	A1	5
1567	A	18854	A2	18
1569	A	18873	A1	9
1569	A	18889	A2	25
1570	A	18899	A1	8
1570	A	18917	A2	26
1571	A	18928	A1	10
1571	A	18941	A2	23
1573	A	18973	A1	1
1573	A	18984	A2	12
1574	B	41053	B1	40
1574	B	41062	B2	66
1576	A	19010	A1	9
1576	A	19015	A2	14
1579	A	19038	A1	8
1579	A	19054	A2	24
1580	A	33962	A2	20
1581	A	33968	A1	10
1581	A	33971	A2	17
1582	A	33981	A1	6
1582	A	33984	A2	26
1583	A	19063	A1	3
1583	A	19083	A2	23
1584	A	19094	A1	7
1584	A	19105	A2	18
1585	A	33995	A1	3
1585	A	34002	A2	26
1586	B	41146	B1	31
1586	B	41152	B2	60
1587	A	34014	A1	5
1588	A	19128	A1	11
1588	A	19134	A2	17
1589	A	34023	A1	3
1589	A	34028	A2	24
1590	A	19151	A1	6
1590	A	19159	A2	14
1591	A	34038	A2	23
1592	A	19184	A1	11
1592	A	19189	A2	16
1593	A	19204	A1	4
1593	A	19220	A2	20
1594	A	19229	A1	2
1594	A	19251	A2	24
1595	A	19261	A1	7
1595	A	19276	A2	22
1596	B	41170	B1	47
1596	B	41172	B2	66
1598	A	34058	A2	14
1599	A	19312	A1	2
1599	A	19327	A2	17
1601	A	19348	A1	10
1601	A	19354	A2	16
1605	A	19374	A1	6
1605	A	19388	A2	20
1606	A	19397	A1	2
1606	A	19407	A2	12
1609	A	19429	A1	5
1609	A	19436	A2	12
1610	A	34078	A1	6
1610	A	34081	A2	19
1612	A	19464	A1	11
1612	A	19474	A2	21
1614	A	19492	A1	11
1614	A	19494	A2	13
1615	A	19512	A1	4
1615	A	19526	A2	18
1616	A	34114	A1	4
1616	A	34118	A2	23
1617	A	34122	A1	7
1617	A	34127	A2	12
1618	A	19548	A1	11
1618	A	19556	A2	19
1619	A	34130	A1	1
1619	A	34136	A2	24
1622	A	19578	A1	11
1622	A	19588	A2	21
1624	A	34166	A1	1
1624	A	34171	A2	15
1626	A	19625	A1	2
1626	A	19648	A2	25
1627	A	19661	A1	11
1627	A	19676	A2	26
1629	A	19710	A1	6
1629	A	19718	A2	14
1630	A	19733	A1	2
1630	A	19755	A2	24
1631	A	19761	A1	3
1631	A	19774	A2	16
1632	A	34197	A1	11
1632	A	34200	A2	14
1634	A	19793	A1	6
1634	A	19801	A2	14
1635	A	34228	A1	11
1635	A	34229	A2	12
1637	A	19826	A1	10
1637	A	19832	A2	16
1640	A	19848	A1	3
1640	A	19864	A2	19
1641	A	34236	A1	6
1641	A	34240	A2	26
1643	A	19876	A1	2
1643	A	19892	A2	18
1645	A	19936	A1	8
1645	A	19945	A2	17
1646	A	19965	A1	10
1646	A	19979	A2	24
1647	A	34270	A1	11
1647	A	34271	A2	14
1648	A	19994	A1	11
1648	A	20006	A2	23
1649	A	20017	A1	7
1649	A	20029	A2	19
1651	A	34282	A2	19
1652	A	34299	A1	3
1652	A	34304	A2	25
1653	A	20044	A1	4
1653	A	20055	A2	15
1654	A	20069	A1	2
1654	A	20081	A2	14
1655	A	20102	A1	8
1655	A	20113	A2	19
1656	A	20126	A1	5
1656	A	20142	A2	21
1657	A	34308	A1	10
1657	A	34310	A2	12
1658	A	20155	A1	6
1658	A	20163	A2	14
1659	A	20186	A1	10
1659	A	20199	A2	23
1661	A	34325	A1	4
1662	A	34350	A1	10
1663	A	20213	A1	7
1663	A	20224	A2	18
1664	A	34355	A1	5
1664	A	34361	A2	13
1665	A	34373	A1	8
1665	A	34379	A2	23
1668	A	20244	A1	7
1668	A	20257	A2	20
1669	A	20273	A1	9
1669	A	20279	A2	15
1671	A	20293	A1	1
1671	A	20314	A2	22
1672	A	20330	A1	11
1672	A	20340	A2	21
1675	A	34408	A1	1
1675	A	34414	A2	22
1677	A	34420	A1	10
1677	A	34424	A2	21
1678	A	20354	A1	3
1678	A	20367	A2	16
1679	A	34440	A1	5
1679	A	34441	A2	21
1681	A	20388	A1	8
1681	A	20401	A2	21
1682	A	20416	A1	9
1682	A	20430	A2	23
1683	A	20443	A1	9
1683	A	20460	A2	26
1684	A	20468	A1	7
1684	A	20479	A2	18
1685	A	20497	A1	9
1685	A	20508	A2	20
1686	A	20518	A1	3
1686	A	20532	A2	17
1688	A	20547	A1	4
1688	A	20568	A2	25
1689	A	34458	A1	4
1689	A	34464	A2	26
1694	A	20602	A1	1
1694	A	20614	A2	13
1695	A	34477	A1	2
1695	A	34483	A2	20
1698	A	34487	A1	3
1698	A	34492	A2	24
1699	A	34504	A1	4
1699	A	34511	A2	21
1700	A	20644	A1	11
1700	A	20647	A2	14
1701	A	20669	A1	9
1701	A	20672	A2	12
1703	A	20694	A1	6
1703	A	20706	A2	18
1704	A	20717	A1	2
1704	A	20737	A2	22
1714	A	20786	A1	9
1714	A	20792	A2	15
1715	A	20815	A1	11
1715	A	20826	A2	22
1716	A	20837	A1	6
1716	A	20848	A2	17
1717	A	20863	A1	5
1717	A	20884	A2	26
1719	A	20918	A1	6
1719	A	20934	A2	22
1721	A	20945	A1	5
1721	A	20954	A2	14
1722	A	34571	A1	1
1722	A	34575	A2	23
1723	A	34582	A1	9
1723	A	34586	A2	24
1724	A	20971	A1	2
1724	A	20985	A2	16
1725	A	21004	A1	8
1725	A	21017	A2	21
1728	A	21034	A1	9
1728	A	21049	A2	24
1729	A	21056	A1	4
1729	A	21074	A2	22
1731	A	21084	A1	4
1731	A	21105	A2	25
1733	B	42042	B1	48
1733	B	42050	B2	56
1734	A	21115	A1	6
1734	A	21129	A2	20
1736	A	34618	A1	2
1736	A	34624	A2	24
1738	A	21146	A1	7
1738	A	21158	A2	19
1739	A	21172	A1	6
1739	A	21185	A2	19
1740	B	42095	B2	52
1741	A	34648	A1	4
1741	A	34651	A2	18
1742	A	21205	A1	10
1742	A	21210	A2	15
1743	A	21233	A1	11
1743	A	21244	A2	22
1744	A	34663	A1	9
1745	A	21258	A1	8
1745	A	21267	A2	17
1746	A	34674	A1	1
1746	A	34679	A2	15
1747	A	21286	A1	8
1747	A	21303	A2	25
1750	A	21309	A1	2
1750	A	21333	A2	26
1752	A	34787	A1	9
1752	A	34791	A2	15
1753	A	21372	A1	10
1753	A	21385	A2	23
1754	A	21392	A1	3
1754	A	21406	A2	17
1755	A	21424	A1	8
1755	A	21431	A2	15
1756	A	21444	A1	1
1756	A	21466	A2	23
1757	A	34817	A2	21
1758	B	42409	B1	35
1758	B	42416	B2	62
1759	A	21476	A1	4
1759	A	21492	A2	20
1761	A	21509	A1	9
1761	A	21514	A2	14
1762	A	34851	A1	6
1762	A	34855	A2	20
1763	A	34858	A1	10
1763	A	34865	A2	26
1764	A	21540	A1	11
1764	A	21552	A2	23
1765	A	21557	A1	1
1765	A	21569	A2	13
1766	A	21587	A1	4
1766	A	21601	A2	18
1767	A	21619	A1	9
1767	A	21634	A2	24
1768	A	21645	A1	8
1768	A	21663	A2	26
1769	A	21670	A1	6
1769	A	21684	A2	20
1770	A	21698	A1	7
1770	A	21711	A2	20
1771	A	21721	A1	3
1771	A	21743	A2	25
1773	A	34896	A1	1
1773	A	34900	A2	16
1774	A	21754	A1	7
1774	A	21771	A2	24
1775	A	21784	A1	10
1775	A	21791	A2	17
1778	A	21806	A1	3
1778	A	21825	A2	22
1779	A	21841	A1	11
1779	A	21845	A2	15
1780	A	21868	A1	11
1780	A	21869	A2	12
1781	A	21894	A1	10
1781	A	21910	A2	26
1782	A	21920	A1	9
1782	A	21932	A2	21
1783	A	21939	A1	1
1783	A	21959	A2	21
1785	A	21976	A1	10
1785	A	21989	A2	23
1786	A	22002	A1	9
1786	A	22018	A2	25
1788	A	22058	A1	11
1788	A	22062	A2	15
1789	A	22077	A1	3
1789	A	22097	A2	23
1790	A	34933	A1	3
1790	A	34937	A2	23
1793	A	22131	A1	1
1793	A	22153	A2	23
1794	A	22159	A1	2
1794	A	22183	A2	26
1796	A	22213	A1	2
1796	A	22228	A2	17
1799	A	22251	A1	11
1799	A	22263	A2	23
1800	A	22269	A1	2
1800	A	22293	A2	26
1801	A	34954	A1	10
1801	A	34956	A2	19
1802	A	22300	A1	5
1802	A	22311	A2	16
1803	A	22325	A1	3
1803	A	22348	A2	26
1805	A	34999	A2	16
1806	B	42749	B1	44
1806	B	42755	B2	50
1807	A	22362	A1	10
1807	A	22364	A2	12
1808	A	22385	A1	6
1808	A	22402	A2	23
1810	A	22411	A1	4
1810	A	22422	A2	15
1811	A	35040	A1	3
1811	A	35046	A2	24
1812	A	22441	A1	6
1812	A	22452	A2	17
1813	A	22468	A1	6
1813	A	22484	A2	22
1814	A	22491	A1	2
1814	A	22509	A2	20
1815	A	22524	A1	8
1815	A	22528	A2	12
1816	A	22546	A1	3
1816	A	22557	A2	14
1817	A	35050	A1	8
1817	A	35054	A2	19
1818	A	35062	A2	16
1819	B	42900	B1	47
1819	B	42901	B2	65
1820	A	35068	A1	5
1820	A	35072	A2	19
1821	A	22576	A1	2
1821	A	22588	A2	14
1822	A	35079	A1	9
1822	A	35082	A2	25
1824	A	22608	A1	5
1824	A	22621	A2	18
1825	A	35087	A1	3
1825	A	35088	A2	15
1826	A	22642	A1	11
1826	A	22653	A2	22
1829	A	22671	A1	11
1829	A	22686	A2	26
1830	A	35096	A1	7
1830	A	35101	A2	12
1831	A	35105	A1	2
1831	A	35112	A2	21
1832	A	35118	A1	11
1832	A	35119	A2	12
1833	A	22695	A1	5
1833	A	22712	A2	22
1834	A	35145	A1	10
1834	A	35147	A2	13
1835	A	22726	A1	8
1835	A	22738	A2	20
1836	A	22748	A1	3
1836	A	22759	A2	14
1837	A	22779	A1	7
1837	A	22785	A2	13
1838	A	35164	A1	10
1838	A	35166	A2	21
1839	A	35173	A2	18
1840	A	22811	A1	10
1840	A	22817	A2	16
1841	A	35201	A2	23
1842	A	22835	A1	6
1842	A	22846	A2	17
1843	A	22858	A1	2
1843	A	22881	A2	25
1845	A	22887	A1	3
1845	A	22908	A2	24
1847	A	22916	A1	4
1847	A	22927	A2	15
1848	A	35206	A1	9
1848	A	35210	A2	24
1849	A	22941	A1	1
1849	A	22960	A2	20
1850	A	35217	A2	15
1851	A	22974	A1	6
1851	A	22992	A2	24
1853	A	23004	A1	8
1853	A	23008	A2	12
1854	A	23026	A1	3
1854	A	23042	A2	19
1856	A	23058	A1	7
1856	A	23076	A2	25
1858	A	35235	A1	9
1858	A	35241	A2	17
1859	A	23088	A1	8
1859	A	23099	A2	19
1860	A	23110	A1	3
1860	A	23127	A2	20
1861	B	43106	B2	57
1862	A	23145	A1	10
1862	A	23161	A2	26
1863	A	35250	A1	7
1867	B	43183	B1	46
1868	A	23178	A1	11
1868	A	23190	A2	23
1869	A	23199	A1	5
1869	A	23213	A2	19
1870	A	23224	A1	3
1870	A	23243	A2	22
1871	A	23259	A1	11
1871	A	23267	A2	19
1872	A	23284	A1	9
1872	A	23290	A2	15
1873	A	23310	A1	8
1873	A	23321	A2	19
1874	A	23337	A1	8
1874	A	23355	A2	26
1875	A	23363	A1	7
1875	A	23372	A2	16
1876	A	23388	A1	5
1876	A	23409	A2	26
1877	A	23415	A1	5
1877	A	23425	A2	15
1878	A	23440	A1	3
1878	A	23449	A2	12
1879	A	35311	A1	11
1879	A	35317	A2	23
1881	A	35321	A1	9
1881	A	35324	A2	14
1882	A	23476	A1	9
1882	A	23487	A2	20
1883	A	23495	A1	1
1883	A	23519	A2	25
1884	A	35333	A1	6
1884	A	35338	A2	21
1885	A	23528	A1	6
1885	A	23536	A2	14
1887	A	23553	A1	3
1887	A	23566	A2	16
1888	A	35359	A1	11
1888	A	35365	A2	17
1889	A	23589	A1	11
1889	A	23601	A2	23
1890	A	23606	A1	1
1890	A	23629	A2	24
1891	A	23638	A1	6
1891	A	23650	A2	18
1896	A	35406	A1	3
1896	A	35411	A2	20
1898	A	23720	A1	3
1898	A	23731	A2	14
1899	A	23753	A1	9
1899	A	23757	A2	13
1900	A	35417	A1	10
1900	A	35419	A2	19
1901	A	23774	A1	2
1901	A	23798	A2	26
1905	A	23812	A1	10
1905	A	23815	A2	13
1907	A	23837	A1	7
1907	A	23843	A2	13
1909	B	43505	B1	44
1910	A	23889	A1	4
1910	A	23908	A2	23
1911	A	23921	A1	9
1911	A	23938	A2	26
1912	A	23949	A1	10
1912	A	23958	A2	19
1913	A	35455	A1	7
1913	A	35459	A2	14
1915	A	35476	A1	6
1915	A	35481	A2	20
1917	A	23981	A1	11
1917	A	23985	A2	15
1918	A	23998	A1	1
1918	A	24009	A2	12
1921	B	43568	B1	49
1921	B	43570	B2	51
1923	A	35532	A1	8
1923	A	35535	A2	21
1924	A	24085	A1	4
1924	A	24098	A2	17
1925	A	24115	A1	7
1925	A	24121	A2	13
1927	A	24140	A1	4
1927	A	24157	A2	21
1928	A	24164	A1	1
1928	A	24180	A2	17
1931	A	24229	A1	11
1931	A	24237	A2	19
1934	A	35579	A1	11
1934	A	35580	A2	19
1936	A	24284	A1	9
1936	A	24296	A2	21
1937	A	24308	A1	6
1937	A	24326	A2	24
1939	A	35593	A1	4
1939	A	35597	A2	25
1940	A	24341	A1	10
1940	A	24343	A2	12
1942	A	24368	A1	9
1942	A	24380	A2	21
1944	A	24395	A1	8
1944	A	24409	A2	22
1945	A	24425	A1	11
1945	A	24429	A2	15
1946	A	35629	A1	6
1946	A	35634	A2	21
1947	A	35640	A1	11
1947	A	35642	A2	20
1948	A	35646	A1	11
1948	A	35649	A2	14
1949	A	35661	A1	9
1950	A	35663	A1	2
1950	A	35666	A2	20
1953	A	35699	A1	2
1953	A	35706	A2	19
1955	A	24480	A1	4
1955	A	24501	A2	25
1956	A	24512	A1	9
1956	A	24522	A2	19
1957	A	24540	A1	10
1957	A	24542	A2	12
1958	B	43859	B1	35
1958	B	43869	B2	65
1959	A	24568	A1	10
1959	A	24584	A2	26
1960	A	35710	A1	2
1961	A	35730	A1	9
1961	A	35732	A2	13
1966	B	43900	B1	33
1966	B	43908	B2	66
1970	A	24603	A1	9
1970	A	24618	A2	24
1971	A	35738	A1	6
1971	A	35743	A2	17
1973	A	24635	A1	11
1973	A	24644	A2	20
1976	A	35764	A1	1
1976	A	35770	A2	22
1979	A	24693	A1	11
1979	A	24697	A2	15
1981	A	24714	A1	4
1981	A	24730	A2	20
1983	A	35803	A1	8
1983	A	35806	A2	19
1985	A	24744	A1	4
1985	A	24763	A2	23
1986	A	35811	A1	6
1988	A	24779	A1	10
1988	A	24789	A2	20
1992	A	24835	A1	10
1992	A	24838	A2	13
1993	B	44008	B1	35
1993	B	44014	B2	62
1995	A	24864	A1	10
1995	A	24873	A2	19
2000	A	24893	A1	8
2000	A	24899	A2	14
2001	A	24923	A1	11
2001	A	24934	A2	22
2002	B	44053	B1	44
2004	A	35873	A1	9
2004	A	35875	A2	13
2006	A	24952	A1	9
2006	A	24958	A2	15
2008	A	24976	A1	5
2008	A	24994	A2	23
2009	A	25001	A1	3
2009	A	25017	A2	19
2010	A	35900	A1	6
2010	A	35904	A2	20
2011	A	25032	A1	6
2011	A	25040	A2	14
2012	A	25064	A1	11
2012	A	25075	A2	22
2013	A	27704	A1	5
2013	A	27711	A2	12
2014	A	28766	A1	11
2014	A	28770	A2	15
2019	A	31854	A1	3
2019	A	31870	A2	19
2020	A	32397	A1	2
2020	A	32418	A2	23
2021	B	39319	B1	31
2021	B	39323	B2	60
2022	A	32881	A1	4
2022	A	32887	A2	26
2025	A	18949	A1	4
2025	A	18957	A2	12
2029	A	33673	A1	4
2029	A	33679	A2	26
2032	A	34139	A1	3
2032	A	34144	A2	23
2033	B	41635	B1	35
2033	B	41639	B2	65
2036	A	34562	A1	9
2036	A	34565	A2	14
2042	B	42950	B1	49
2042	B	42953	B2	66
2048	B	43170	B1	31
2048	B	43175	B2	61
2054	B	43950	B1	35
2054	B	43955	B2	65
2059	A	36259	A1	3
2059	A	36274	A2	24
2061	A	36382	A1	3
2061	A	36386	A2	14
2062	A	36468	A2	17
2063	A	25134	A1	4
2063	A	25151	A2	21
2064	A	35910	A1	5
2064	A	35912	A2	19
2065	A	35916	A1	1
2065	A	35922	A2	22
2066	A	25167	A1	8
2066	A	25173	A2	14
2067	B	44150	B1	45
2067	B	44153	B2	62
2068	A	25189	A1	2
2068	A	25208	A2	21
2069	A	35948	A2	19
2070	A	35954	A1	4
2070	A	35957	A2	23
2071	A	25227	A1	11
2071	A	25234	A2	18
2072	A	25246	A1	3
2072	A	25268	A2	25
2075	A	25275	A1	3
2075	A	25295	A2	23
2078	A	36010	A1	11
2078	A	36013	A2	21
2079	A	25312	A1	10
2079	A	25327	A2	25
2081	A	36044	A1	2
2081	A	36051	A2	21
2082	A	25333	A1	2
2082	A	25345	A2	14
2083	A	36055	A1	10
2083	A	36057	A2	15
2084	A	25362	A1	3
2084	A	25381	A2	22
2085	A	25394	A1	8
2085	A	25401	A2	15
2086	A	25419	A1	6
2086	A	25439	A2	26
2087	A	25450	A1	10
2087	A	25454	A2	14
2088	A	25473	A1	6
2088	A	25488	A2	21
2090	A	25531	A1	10
2090	A	25539	A2	18
2093	A	25552	A1	2
2093	A	25562	A2	12
2094	A	36094	A2	20
2097	A	25587	A1	7
2097	A	25597	A2	17
2098	A	25613	A1	6
2098	A	25622	A2	15
2099	A	25636	A1	2
2099	A	25657	A2	23
2101	A	36127	A1	3
2101	A	36130	A2	17
2102	A	25666	A1	3
2102	A	25675	A2	12
2103	A	25701	A1	11
2103	A	25705	A2	15
2104	A	36136	A1	2
2104	A	36142	A2	20
2105	A	25727	A1	9
2105	A	25731	A2	13
2106	A	36146	A2	15
2107	A	25755	A1	9
2107	A	25765	A2	19
2108	A	25782	A1	9
2108	A	25796	A2	23
2109	A	25802	A1	2
2109	A	25814	A2	14
2110	A	25828	A1	1
2110	A	25841	A2	14
2112	A	36167	A1	6
2112	A	36172	A2	14
2114	A	36185	A1	6
2114	A	36188	A2	19
2116	A	25894	A1	9
2116	A	25905	A2	20
2117	A	36196	A1	8
2119	A	36225	A1	11
2119	A	36226	A2	12
2121	B	44598	B1	42
2122	A	25954	A1	11
2122	A	25955	A2	12
2123	A	25974	A1	4
2123	A	25989	A2	19
2124	A	36240	A1	5
2124	A	36244	A2	19
2125	A	26004	A1	6
2125	A	26017	A2	19
2126	A	26032	A1	7
2126	A	26049	A2	24
2127	A	26061	A1	9
2127	A	26068	A2	16
2128	A	36250	A1	6
2128	A	36253	A2	19
2129	A	26090	A1	10
2129	A	26101	A2	21
2130	A	26115	A1	8
2130	A	26127	A2	20
2131	A	26142	A1	8
2131	A	26159	A2	25
2132	A	26169	A1	8
2132	A	26174	A2	13
2133	A	26191	A1	3
2133	A	26207	A2	19
2134	A	26223	A1	8
2134	A	26236	A2	21
2136	A	26277	A1	8
2136	A	26284	A2	15
2137	A	36287	A1	5
2137	A	36293	A2	19
2138	A	26306	A1	9
2138	A	26323	A2	26
2139	A	36297	A1	9
2139	A	36302	A2	16
2140	A	36306	A2	12
2141	A	26337	A1	11
2141	A	26350	A2	24
2143	A	26362	A1	8
2143	A	26373	A2	19
2144	A	36347	A1	3
2144	A	36353	A2	25
2146	A	36357	A1	6
2146	A	36361	A2	20
2149	A	26413	A1	1
2149	A	26435	A2	23
2151	A	26450	A1	10
2151	A	26454	A2	14
2153	A	26471	A1	3
2153	A	26493	A2	25
2154	A	36395	A1	7
2154	A	36406	A2	24
2155	A	36411	A1	4
2155	A	36416	A2	26
2156	A	26499	A1	2
2156	A	26516	A2	19
2157	B	44784	B1	49
2157	B	44794	B2	67
2159	A	26531	A1	5
2159	A	26550	A2	24
2160	A	26557	A1	4
2160	A	26569	A2	16
2163	A	36429	A1	11
2163	A	36433	A2	15
2164	A	36447	A1	1
2164	A	36449	A2	13
2166	A	26614	A1	3
2166	A	26634	A2	23
2167	A	26643	A1	5
2167	A	26662	A2	24
2168	A	36476	A1	6
2168	A	36481	A2	21
2169	A	26673	A1	7
2169	A	26685	A2	19
2170	A	26698	A1	5
2170	A	26708	A2	15
2171	A	26729	A1	9
2171	A	26742	A2	22
2173	A	26759	A1	11
2173	A	26769	A2	21
2176	A	36492	A1	1
2176	A	36499	A2	25
2177	A	26787	A1	9
2177	A	26794	A2	16
2179	A	26809	A1	3
2179	A	26830	A2	24
2180	A	26835	A1	2
2180	A	26858	A2	25
2181	A	36529	A2	18
2182	A	26865	A1	4
2182	A	26875	A2	14
2184	A	26924	A1	9
2184	A	26932	A2	17
2185	A	26943	A1	1
2185	A	26959	A2	17
2186	A	26970	A1	1
2186	A	26985	A2	16
2187	A	27001	A1	5
2187	A	27015	A2	19
2188	A	27032	A1	9
2188	A	27046	A2	23
2189	A	27060	A1	10
2189	A	27068	A2	18
2190	A	27078	A1	1
2190	A	27092	A2	15
2191	A	27111	A1	7
2191	A	27119	A2	15
2193	A	27165	A1	7
2193	A	27176	A2	18
2194	A	27195	A1	10
2194	A	27199	A2	14
2198	A	27303	A1	10
2198	A	27307	A2	14
2200	A	27348	A1	1
2200	A	27364	A2	17
2201	A	27382	A1	8
2201	A	27387	A2	13
2202	A	27412	A1	11
2202	A	27418	A2	17
2204	A	27466	A1	11
2204	A	27472	A2	17
2205	A	27490	A1	8
2205	A	27494	A2	12
2206	A	27519	A1	10
2206	A	27521	A2	12
2207	A	27540	A1	4
2207	A	27559	A2	23
2208	A	27564	A1	1
2208	A	27588	A2	25
2210	A	32605	A2	22
2211	A	27629	A1	11
2211	A	27641	A2	23
2212	A	27654	A1	9
2212	A	27661	A2	16
2213	A	27678	A1	6
2213	A	27693	A2	21
2217	A	27789	A1	9
2217	A	27801	A2	21
2218	A	27815	A1	8
2218	A	27819	A2	12
2221	A	27889	A1	1
2221	A	27912	A2	24
2222	A	27918	A1	3
2222	A	27932	A2	17
2223	A	27949	A1	7
2223	A	27964	A2	22
2227	A	28051	A1	1
2227	A	28062	A2	12
2230	A	28141	A1	10
2230	A	28144	A2	13
2231	A	32590	A1	6
2232	A	28164	A1	5
2232	A	28179	A2	20
2233	A	32595	A2	12
2234	A	32592	A1	8
2236	A	28225	A1	10
2236	A	28236	A2	21
2238	A	28278	A1	9
2238	A	28286	A2	17
2239	A	28304	A1	8
2239	A	28311	A2	15
2240	A	28325	A1	2
2240	A	28344	A2	21
2241	A	28352	A1	2
2241	A	28369	A2	19
2245	A	28461	A1	3
2245	A	28481	A2	23
2246	A	28491	A1	6
2246	A	28502	A2	17
2247	A	28519	A1	7
2247	A	28532	A2	20
2252	A	28654	A1	7
2252	A	28662	A2	15
2253	A	28680	A1	6
2253	A	28693	A2	19
2254	A	28705	A1	4
2254	A	28715	A2	14
2255	A	28731	A1	3
2255	A	28753	A2	25
2257	A	32586	A1	2
2260	A	28839	A1	2
2260	A	28854	A2	17
2261	A	28874	A1	10
2261	A	28881	A2	17
2263	A	28925	A1	7
2263	A	28930	A2	12
2264	A	28946	A1	1
2264	A	28961	A2	16
2265	A	28976	A1	4
2265	A	28988	A2	16
2267	A	29033	A1	7
2267	A	29038	A2	12
2269	A	32606	A2	23
2271	A	29109	A1	1
2271	A	29132	A2	24
2272	A	29138	A1	3
2272	A	29157	A2	22
2274	A	32608	A2	24
2276	A	29220	A1	3
2276	A	29234	A2	17
2277	A	29246	A1	2
2277	A	29258	A2	14
2278	A	32591	A1	7
2279	A	32598	A2	14
2281	A	29302	A1	2
2281	A	29315	A2	15
2282	A	29330	A1	3
2282	A	29351	A2	24
2283	A	29356	A1	2
2283	A	29368	A2	14
2284	A	32602	A2	18
2286	A	32596	A2	12
2287	A	32589	A1	5
2288	A	29421	A1	10
2288	A	29426	A2	15
2289	A	32610	A2	26
2290	A	29441	A1	2
2290	A	29455	A2	16
2291	A	29474	A1	8
2291	A	29483	A2	17
2292	A	29497	A1	4
2292	A	29515	A2	22
2293	A	29521	A1	1
2293	A	29540	A2	20
2294	A	29556	A1	9
2294	A	29566	A2	19
2295	A	29576	A1	2
2295	A	29593	A2	19
2298	A	32603	A2	19
2304	A	29795	A1	4
2304	A	29805	A2	14
2305	A	29820	A1	2
2305	A	29839	A2	21
2307	A	29880	A1	8
2307	A	29897	A2	25
2311	A	29989	A1	9
2311	A	29998	A2	18
2312	A	30017	A1	10
2312	A	30029	A2	22
2316	A	30116	A1	1
2316	A	30136	A2	21
2317	A	30150	A1	8
2317	A	30164	A2	22
2318	A	32585	A1	2
2319	A	32609	A2	26
2320	A	30182	A1	11
2320	A	30195	A2	24
2322	A	30229	A1	4
2322	A	30250	A2	25
2324	A	32604	A2	20
2325	A	30285	A1	5
2325	A	30295	A2	15
2326	A	30308	A1	1
2326	A	30322	A2	15
2327	A	30335	A1	1
2327	A	30359	A2	25
2328	A	30366	A1	5
2328	A	30373	A2	12
2329	A	30395	A1	7
2329	A	30410	A2	22
2330	A	32597	A2	13
2331	A	30427	A1	11
2331	A	30430	A2	14
2333	A	30475	A1	5
2333	A	30484	A2	14
2334	A	30508	A1	11
2334	A	30516	A2	19
2335	A	30531	A1	7
2335	A	30550	A2	26
2336	A	30557	A1	6
2336	A	30570	A2	19
2337	A	30588	A1	10
2337	A	30594	A2	16
2338	A	30616	A1	11
2338	A	30625	A2	20
2341	A	30697	A1	11
2341	A	30700	A2	14
2342	A	30721	A1	8
2342	A	30734	A2	21
2344	A	30775	A1	8
2344	A	30792	A2	25
2345	A	32599	A2	15
2346	A	30799	A1	4
2346	A	30820	A2	25
2347	A	30832	A1	10
2347	A	30835	A2	13
2348	A	30860	A1	11
2348	A	30862	A2	13
2350	A	32600	A2	16
2351	A	30910	A1	6
2351	A	30923	A2	19
2352	A	30936	A1	5
2352	A	30946	A2	15
2353	A	32588	A1	4
2355	A	30993	A1	7
2355	A	31010	A2	24
2357	A	31045	A1	5
2357	A	31060	A2	20
2358	A	31073	A1	6
2358	A	31079	A2	12
2360	A	31132	A1	11
2360	A	31135	A2	14
2361	A	31156	A1	8
2361	A	31168	A2	20
2362	A	32607	A2	23
2363	A	31182	A1	6
2363	A	31197	A2	21
2364	A	31204	A1	1
2364	A	31221	A2	18
2367	A	31293	A1	9
2367	A	31300	A2	16
2368	A	31319	A1	8
2368	A	31333	A2	22
2369	A	31339	A1	1
2369	A	31350	A2	12
2370	A	31366	A1	1
2370	A	31377	A2	12
2371	A	31399	A1	7
2371	A	31405	A2	13
2372	A	31424	A1	5
2372	A	31432	A2	13
2373	A	31457	A1	11
2373	A	31458	A2	12
2374	A	31482	A1	9
2374	A	31492	A2	19
2375	A	31502	A1	2
2375	A	31521	A2	21
2377	A	31557	A1	3
2377	A	31580	A2	26
2378	A	31592	A1	11
2378	A	31595	A2	14
2379	A	31611	A1	3
2379	A	31620	A2	12
2380	A	31646	A1	11
2380	A	31648	A2	13
2382	A	31695	A1	6
2382	A	31708	A2	19
2384	A	31747	A1	4
2384	A	31761	A2	18
2385	A	31777	A1	7
2385	A	31784	A2	14
2386	A	31804	A1	7
2386	A	31811	A2	14
2387	A	31832	A1	8
2387	A	31846	A2	22
2390	A	31909	A1	4
2390	A	31917	A2	12
2391	A	32601	A2	17
2393	A	31964	A1	4
2393	A	31972	A2	12
2394	A	32593	A1	9
2395	A	31993	A1	5
2395	A	32007	A2	19
2396	A	32023	A1	8
2396	A	32038	A2	23
2399	A	32099	A1	3
2399	A	32116	A2	20
2400	A	32594	A2	12
2401	A	32587	A1	3
2402	A	32136	A1	11
2402	A	32146	A2	21
2403	A	32162	A1	10
2403	A	32172	A2	20
2406	A	32236	A1	3
2406	A	32258	A2	25
2408	A	32290	A1	3
2408	A	32308	A2	21
2409	A	32320	A1	6
2409	A	32338	A2	24
2410	A	32345	A1	4
2410	A	32354	A2	13
2411	A	32375	A1	7
2411	A	32384	A2	16
2418	A	32567	A1	10
2418	A	32569	A2	12
2419	A	32611	A1	1
2419	A	32617	A2	23
2420	A	32621	A1	6
2420	A	32627	A2	20
2424	A	32656	A1	1
2424	A	32663	A2	25
2425	A	32666	A1	9
2425	A	32672	A2	25
2427	A	32688	A2	18
2429	A	32701	A1	11
2430	A	32704	A2	15
2431	A	32712	A2	17
2432	A	32714	A1	1
2432	A	32719	A2	16
2433	A	32725	A1	9
2433	A	32726	A2	17
2434	A	32734	A1	9
2434	A	32739	A2	26
2438	A	32770	A1	9
2438	A	32771	A2	12
2439	A	32778	A1	4
2439	A	32781	A2	13
2440	A	32786	A1	4
2441	A	32789	A1	4
2441	A	32792	A2	18
2442	A	32797	A1	2
2445	A	32817	A1	1
2445	A	32824	A2	25
2447	A	32835	A1	1
2447	A	32839	A2	17
2448	A	32847	A1	5
2448	A	32851	A2	26
2449	A	32858	A2	17
2450	A	32863	A1	7
2450	A	32867	A2	19
2454	A	32904	A1	11
2454	A	32905	A2	16
2455	A	32907	A1	1
2455	A	32910	A2	13
2456	A	32920	A1	11
2456	A	32922	A2	20
2458	A	32934	A1	9
2459	A	32939	A2	16
2461	A	32956	A1	9
2461	A	32959	A2	23
2462	A	32963	A2	20
2466	A	32992	A2	12
2467	A	32994	A2	18
2468	A	32996	A1	2
2468	A	33001	A2	23
2469	A	33005	A1	1
2469	A	33009	A2	23
2471	A	33029	A2	18
2473	A	33041	A2	22
2476	A	33062	A2	16
2478	A	33079	A1	3
2481	A	33104	A2	23
2489	A	33172	A1	7
2489	A	33176	A2	14
2490	A	33180	A2	13
2492	A	33191	A2	15
2493	A	33195	A1	4
2493	A	33199	A2	24
2494	A	33202	A1	7
2495	A	33204	A1	1
2495	A	33207	A2	22
2497	A	33222	A1	5
2497	A	33229	A2	12
2498	A	33232	A1	9
2498	A	33236	A2	15
2499	A	33240	A1	3
2499	A	33247	A2	26
2502	A	33269	A1	4
2502	A	33274	A2	21
2505	A	33294	A1	1
2505	A	33298	A2	18
2507	A	33314	A1	4
2507	A	33315	A2	22
2508	A	33321	A1	2
2508	A	33326	A2	19
2511	A	33350	A1	8
2511	A	33355	A2	21
2512	A	33360	A1	8
2512	A	33364	A2	20
2513	A	33366	A2	24
2518	A	33404	A1	1
2518	A	33411	A2	25
2519	A	33413	A1	9
2519	A	33418	A2	16
2520	A	33428	A1	11
2520	A	33429	A2	14
2521	A	33437	A2	23
2522	A	33441	A1	11
2522	A	33444	A2	18
2523	A	33449	A2	22
2524	A	33452	A1	9
2524	A	33456	A2	15
2525	A	33460	A1	9
2525	A	33465	A2	16
2526	A	33469	A2	26
2527	A	33471	A1	1
2527	A	33473	A2	14
2528	A	33480	A2	16
2529	A	33484	A1	9
2529	A	33488	A2	15
2531	A	33500	A1	2
2532	A	33502	A1	2
2532	A	33509	A2	26
2533	A	33511	A1	8
2534	A	33514	A1	4
2534	A	33519	A2	24
2535	A	33522	A2	14
2536	A	33533	A1	11
2536	A	33535	A2	13
2539	A	33558	A1	7
2540	A	33560	A1	10
2541	A	33563	A1	4
2541	A	33569	A2	25
2542	A	33572	A1	9
2542	A	33575	A2	12
2543	A	33586	A1	8
2543	A	33587	A2	26
2544	A	33589	A1	11
2544	A	33592	A2	19
2551	A	33652	A1	5
2552	A	33654	A1	1
2552	A	33655	A2	17
2553	A	33663	A1	1
2553	A	33668	A2	24
2556	A	33690	A2	26
2558	A	33702	A1	4
2558	A	33704	A2	12
2559	A	33713	A1	10
2559	A	33716	A2	20
2561	A	33728	A1	1
2562	A	33731	A1	11
2562	A	33732	A2	18
2563	A	33741	A1	6
2563	A	33744	A2	19
2565	A	33757	A1	1
2565	A	33761	A2	18
2566	A	33768	A1	4
2566	A	33773	A2	26
2568	A	33788	A1	8
2568	A	33791	A2	21
2569	A	33794	A1	3
2569	A	33800	A2	26
2570	A	33803	A1	5
2571	A	33818	A2	23
2572	A	33820	A1	1
2572	A	33823	A2	12
2573	A	33830	A1	3
2573	A	33832	A2	20
2575	A	33847	A1	2
2576	A	33851	A1	6
2576	A	33853	A2	20
2577	A	33858	A1	9
2577	A	33862	A2	15
2578	A	33868	A1	10
2578	A	33873	A2	24
2579	A	33876	A1	1
2579	A	33882	A2	23
2581	A	33896	A1	9
2581	A	33899	A2	14
2582	A	33905	A1	11
2582	A	33910	A2	20
2583	A	33915	A1	8
2583	A	33919	A2	18
2584	A	33921	A1	2
2584	A	33927	A2	20
2585	A	33933	A1	7
2585	A	33937	A2	21
2586	A	33941	A1	4
2586	A	33943	A2	21
2587	A	33951	A1	9
2587	A	33954	A2	25
2588	A	33957	A2	14
2592	A	33986	A2	12
2594	A	34007	A1	5
2594	A	34008	A2	21
2599	A	34049	A1	1
2599	A	34053	A2	22
2601	A	34070	A1	10
2601	A	34072	A2	19
2603	A	34088	A1	10
2603	A	34092	A2	18
2604	A	34095	A2	13
2605	A	34104	A1	4
2605	A	34109	A2	24
2610	A	34151	A1	5
2611	A	34157	A1	1
2611	A	34163	A2	23
2613	A	34175	A1	3
2614	A	34179	A1	6
2614	A	34183	A2	20
2615	A	34186	A1	9
2616	A	34192	A1	8
2616	A	34195	A2	19
2618	A	34209	A2	17
2619	A	34219	A1	6
2622	A	34246	A1	8
2622	A	34247	A2	19
2623	A	34255	A1	10
2623	A	34257	A2	20
2624	A	34261	A1	9
2624	A	34265	A2	15
2627	A	34288	A1	4
2627	A	34293	A2	24
2628	A	34296	A1	5
2631	A	34318	A1	6
2631	A	34323	A2	19
2633	A	34334	A1	3
2633	A	34338	A2	18
2635	A	34352	A1	9
2637	A	34364	A1	5
2637	A	34370	A2	21
2640	A	34392	A1	4
2640	A	34395	A2	19
2644	A	34426	A1	4
2645	A	34428	A1	7
2645	A	34432	A2	19
2647	A	34446	A1	8
2648	A	34450	A1	8
2648	A	34453	A2	19
2650	A	34467	A1	3
2650	A	34473	A2	21
2651	A	34475	A2	22
2654	A	34498	A1	7
2654	A	34502	A2	19
2656	A	34513	A1	1
2656	A	34515	A2	18
2657	A	34523	A1	4
2657	A	34526	A2	13
2658	A	34531	A1	3
2658	A	34534	A2	17
2659	A	34540	A2	23
2660	A	34547	A1	11
2660	A	34548	A2	19
2661	A	34552	A1	3
2661	A	34557	A2	24
2662	A	34560	A1	6
2666	A	34589	A1	9
2666	A	34594	A2	16
2667	A	34598	A1	1
2667	A	34601	A2	14
2668	A	34607	A2	22
2669	A	34612	A2	16
2671	A	34630	A1	5
2671	A	34633	A2	24
2672	A	34637	A1	3
2672	A	34641	A2	24
2673	A	34645	A2	13
2676	A	34666	A1	4
2676	A	34670	A2	23
2678	A	34687	A1	8
2678	A	34690	A2	21
2679	A	34692	A1	3
2679	A	34695	A2	17
2681	A	34710	A1	3
2681	A	34714	A2	13
2682	A	34719	A1	1
2683	A	34727	A2	21
2684	A	34730	A2	17
2685	A	34739	A2	15
2686	A	34741	A1	3
2686	A	34744	A2	16
2687	A	34750	A1	9
2687	A	34754	A2	13
2688	A	34759	A1	9
2688	A	34760	A2	12
2689	A	34768	A1	3
2689	A	34775	A2	26
2690	A	34780	A1	10
2690	A	34784	A2	16
2692	A	34799	A1	11
2692	A	34800	A2	19
2693	A	34804	A1	3
2693	A	34809	A2	23
2695	A	34823	A1	4
2695	A	34826	A2	13
2696	A	34833	A1	9
2696	A	34835	A2	13
2700	A	34870	A1	9
2700	A	34871	A2	12
2701	A	34876	A1	3
2701	A	34879	A2	12
2702	A	34887	A1	10
2702	A	34889	A2	19
2703	A	34894	A1	2
2705	A	34905	A1	1
2705	A	34912	A2	26
2706	A	34920	A1	11
2706	A	34921	A2	12
2707	A	34923	A1	3
2707	A	34927	A2	18
2709	A	34943	A1	4
2711	A	34959	A1	10
2711	A	34962	A2	17
2712	A	34970	A2	17
2713	A	34977	A1	4
2713	A	34979	A2	12
2716	A	35004	A1	1
2716	A	35006	A2	12
2717	A	35013	A1	1
2717	A	35017	A2	18
2718	A	35022	A1	3
2718	A	35026	A2	13
2725	A	35085	A1	6
2730	A	35125	A1	10
2730	A	35129	A2	14
2731	A	35136	A2	18
2733	A	35152	A1	9
2733	A	35156	A2	24
2736	A	35178	A1	11
2736	A	35184	A2	17
2737	A	35186	A1	1
2737	A	35191	A2	18
2740	A	35213	A1	7
2742	A	35224	A1	2
2742	A	35228	A2	21
2743	A	35233	A1	9
2745	A	35244	A1	3
2747	A	35256	A1	9
2747	A	35262	A2	25
2748	A	35265	A1	9
2748	A	35266	A2	12
2749	A	35277	A1	8
2749	A	35278	A2	19
2750	A	35282	A1	2
2750	A	35288	A2	20
2751	A	35294	A1	9
2751	A	35298	A2	26
2752	A	35303	A1	8
2752	A	35307	A2	20
2753	A	35309	A2	23
2756	A	35329	A2	26
2758	A	35340	A1	1
2758	A	35341	A2	15
2759	A	35349	A1	9
2759	A	35350	A2	12
2761	A	35372	A1	10
2761	A	35373	A2	20
2762	A	35377	A1	3
2762	A	35381	A2	22
2763	A	35386	A1	3
2763	A	35392	A2	26
2764	A	35396	A1	9
2764	A	35397	A2	12
2765	A	35403	A2	21
2768	A	35427	A1	10
2768	A	35430	A2	13
2769	A	35432	A2	18
2771	A	35447	A2	16
2773	A	35461	A2	24
2774	A	35463	A2	16
2775	A	35470	A2	17
2778	A	35493	A1	4
2778	A	35497	A2	23
2779	A	35501	A1	3
2779	A	35508	A2	26
2781	A	35523	A1	8
2781	A	35526	A2	21
2783	A	35541	A2	20
2784	A	35548	A2	16
2785	A	35558	A1	8
2785	A	35562	A2	16
2786	A	35564	A1	1
2786	A	35567	A2	13
2788	A	35582	A1	2
2788	A	35589	A2	16
2790	A	35603	A1	7
2790	A	35605	A2	19
2791	A	35609	A1	3
2791	A	35615	A2	24
2792	A	35621	A1	8
2792	A	35625	A2	21
2799	A	35681	A1	1
2799	A	35687	A2	25
2800	A	35690	A1	5
2800	A	35697	A2	20
2802	A	35708	A1	3
2804	A	35719	A1	1
2804	A	35723	A2	15
2807	A	35746	A1	5
2807	A	35752	A2	19
2808	A	35761	A2	24
2810	A	35776	A1	10
2810	A	35780	A2	21
2811	A	35782	A1	3
2811	A	35789	A2	21
2812	A	35792	A1	4
2812	A	35795	A2	21
2815	A	35823	A1	11
2815	A	35825	A2	15
2816	A	35827	A2	23
2817	A	35829	A2	19
2818	A	35831	A2	17
2820	A	35844	A1	9
2820	A	35848	A2	24
2821	A	35851	A1	2
2822	A	35853	A1	1
2822	A	35854	A2	15
2823	A	35862	A1	1
2823	A	35865	A2	22
2825	A	35881	A1	11
2825	A	35886	A2	23
2826	A	35889	A1	1
2826	A	35893	A2	15
2830	A	35925	A1	2
2830	A	35932	A2	26
2831	A	35934	A1	6
2831	A	35941	A2	13
2834	A	35964	A1	10
2834	A	35966	A2	19
2835	A	35974	A1	6
2835	A	35977	A2	21
2837	A	35988	A1	11
2837	A	35991	A2	18
2838	A	35997	A1	3
2838	A	36003	A2	24
2840	A	36015	A1	2
2840	A	36022	A2	26
2842	A	36033	A1	10
2846	A	36064	A1	6
2846	A	36069	A2	21
2847	A	36072	A1	3
2847	A	36078	A2	26
2848	A	36082	A1	6
2848	A	36087	A2	21
2850	A	36099	A1	4
2850	A	36101	A2	17
2851	A	36110	A1	5
2851	A	36111	A2	19
2852	A	36116	A1	4
2853	A	36124	A2	18
2857	A	36154	A1	1
2857	A	36155	A2	12
2858	A	36163	A1	11
2860	A	36176	A1	8
2860	A	36179	A2	19
2863	A	36202	A1	8
2863	A	36205	A2	19
2864	A	36211	A1	4
2864	A	36216	A2	24
2866	A	36229	A1	5
2866	A	36235	A2	21
2867	A	36237	A2	12
2870	A	36257	A1	9
2873	A	36280	A2	15
2875	A	36295	A2	14
2878	A	36315	A2	26
2879	A	36322	A2	23
2880	A	36326	A2	12
2881	A	36335	A1	9
2882	A	36341	A1	8
2882	A	36344	A2	16
2885	A	36369	A2	19
2886	A	36374	A1	3
2886	A	36380	A2	25
2891	A	36420	A1	9
2891	A	36423	A2	23
2893	A	36440	A2	18
2894	A	36445	A1	3
2896	A	36456	A1	2
2896	A	36462	A2	24
2899	A	36485	A1	4
2899	A	36488	A2	21
2901	A	36506	A1	10
2901	A	36508	A2	12
2902	A	36510	A1	1
2902	A	36516	A2	24
2903	A	36523	A1	8
2903	A	36526	A2	19
2905	B	36538	B1	32
2905	B	36542	B2	57
2906	B	36550	B1	36
2906	B	36557	B2	51
2907	B	36563	B1	45
2907	B	36568	B2	50
2908	B	36585	B2	60
2909	B	36589	B1	38
2910	B	36592	B1	36
2911	B	36596	B1	38
2912	B	36610	B1	33
2912	B	36618	B2	66
2913	B	36628	B1	38
2913	B	36631	B2	66
2915	B	36652	B1	40
2917	B	36673	B2	51
2918	B	36687	B1	37
2918	B	36696	B2	66
2919	B	36702	B1	39
2919	B	36709	B2	62
2920	B	36717	B1	38
2921	B	36733	B1	48
2921	B	36735	B2	50
2922	B	36739	B1	33
2922	B	36748	B2	62
2923	B	36760	B2	64
2924	B	36773	B1	46
2925	B	36781	B1	35
2925	B	36786	B2	66
2929	B	36832	B1	39
2930	B	36842	B1	31
2930	B	36845	B2	53
2931	B	36860	B1	39
2931	B	36865	B2	67
2932	B	36872	B1	46
2932	B	36878	B2	52
2933	B	36881	B1	37
2934	B	36886	B1	41
2934	B	36893	B2	65
2935	B	36905	B1	47
2935	B	36907	B2	66
2936	B	36911	B1	38
2936	B	36916	B2	56
2937	B	36925	B1	49
2937	B	36926	B2	51
2938	B	36943	B1	45
2938	B	36946	B2	65
2939	B	36950	B1	32
2939	B	36954	B2	59
2940	B	36962	B2	50
2942	B	36981	B1	42
2942	B	36987	B2	65
2943	B	36991	B1	31
2943	B	36999	B2	62
2945	B	37021	B1	46
2945	B	37026	B2	51
2947	B	37048	B1	44
2947	B	37053	B2	66
2949	B	37072	B1	42
2949	B	37078	B2	65
2950	B	37082	B1	34
2953	B	37112	B1	49
2953	B	37118	B2	60
2954	B	37124	B1	43
2956	B	37145	B1	48
2956	B	37147	B2	50
2957	B	37160	B1	49
2957	B	37162	B2	65
2958	B	37166	B1	42
2960	B	37187	B1	40
2960	B	37192	B2	62
2962	B	37214	B1	45
2962	B	37218	B2	66
2964	B	37242	B1	42
2964	B	37244	B2	67
2965	B	37251	B1	35
2965	B	37257	B2	66
2966	B	37267	B1	45
2968	B	37286	B2	62
2971	B	37315	B1	40
2976	B	37376	B1	39
2980	B	37422	B1	44
2981	B	37428	B1	34
2981	B	37435	B2	67
2982	B	37441	B1	34
2982	B	37446	B2	65
2984	B	37464	B1	38
2985	B	37467	B1	46
2989	B	37515	B1	46
2989	B	37518	B2	65
2990	B	37522	B1	31
2990	B	37527	B2	61
2991	B	37536	B1	32
2991	B	37545	B2	67
2992	B	37555	B1	42
2994	B	37574	B1	39
2996	B	37593	B1	49
2996	B	37596	B2	52
2997	B	37604	B1	33
2998	B	37616	B1	31
2998	B	37625	B2	63
2999	B	37635	B1	40
2999	B	37638	B2	66
3001	B	37655	B1	35
3002	B	37664	B1	46
3002	B	37667	B2	51
3003	B	37673	B1	38
3003	B	37679	B2	57
3004	B	37684	B1	36
3005	B	37687	B1	40
3006	B	37692	B1	35
3007	B	37710	B1	45
3007	B	37713	B2	62
3008	B	37722	B1	40
3008	B	37726	B2	67
3009	B	37736	B2	57
3010	B	37748	B1	40
3010	B	37751	B2	66
3011	B	37755	B1	45
3013	B	37771	B1	37
3014	B	37784	B1	45
3015	B	37795	B1	44
3015	B	37797	B2	62
3016	B	37804	B1	35
3016	B	37809	B2	66
3017	B	37819	B2	58
3018	B	37826	B1	41
3019	B	37832	B1	49
3019	B	37838	B2	63
3020	B	37842	B1	34
3021	B	37855	B2	64
3022	B	37858	B1	31
3022	B	37866	B2	65
3024	B	37884	B1	31
3025	B	37887	B2	67
3026	B	37890	B2	53
3027	B	37904	B1	39
3027	B	37913	B2	65
3030	B	37944	B1	48
3030	B	37948	B2	56
3031	B	37955	B1	35
3031	B	37965	B2	65
3032	B	37968	B1	49
3032	B	37976	B2	57
3033	B	37988	B1	46
3033	B	37990	B2	65
3034	B	37994	B2	66
3035	B	37997	B2	63
3037	B	38014	B1	49
3037	B	38020	B2	57
3038	B	38026	B1	31
3038	B	38031	B2	62
3039	B	38042	B1	34
3039	B	38043	B2	56
3040	B	38053	B1	35
3040	B	38058	B2	59
3041	B	38073	B1	45
3042	B	38078	B2	54
3043	B	38081	B1	36
3043	B	38090	B2	65
3045	B	38107	B1	36
3045	B	38112	B2	51
3049	B	38160	B1	37
3050	B	38172	B2	55
3051	B	38176	B1	47
3051	B	38185	B2	56
3052	B	38188	B2	52
3054	B	38213	B1	44
3056	B	38230	B2	53
3057	B	38233	B1	36
3057	B	38243	B2	66
3058	B	38246	B1	39
3059	B	38257	B1	47
3060	B	38264	B1	33
3060	B	38268	B2	63
3061	B	38275	B2	56
3062	B	38283	B1	44
3062	B	38287	B2	65
3065	B	38318	B1	49
3065	B	38324	B2	60
3069	B	38369	B1	36
3069	B	38379	B2	66
3071	B	38395	B1	48
3072	B	38398	B1	41
3073	B	38401	B1	33
3073	B	38411	B2	62
3074	B	38414	B1	33
3075	B	38417	B2	57
3076	B	38420	B1	49
3077	B	38423	B1	43
3078	B	38429	B2	56
3079	B	38440	B1	32
3079	B	38444	B2	61
3080	B	38452	B1	47
3080	B	38456	B2	51
3081	B	38473	B1	47
3081	B	38474	B2	65
3082	B	38478	B1	36
3082	B	38484	B2	53
3083	B	38493	B1	49
3083	B	38497	B2	53
3084	B	38510	B1	46
3084	B	38513	B2	65
3085	B	38524	B1	43
3086	B	38530	B2	65
3087	B	38539	B1	37
3087	B	38542	B2	65
3088	B	38546	B1	40
3088	B	38556	B2	50
3091	B	38585	B2	51
3092	B	38606	B1	43
3092	B	38608	B2	62
3093	B	38619	B1	49
3093	B	38620	B2	65
3094	B	38631	B1	41
3094	B	38633	B2	62
3095	B	38637	B1	44
3096	B	38643	B2	59
3097	B	38663	B2	66
3098	B	38666	B1	47
3099	B	38669	B2	51
3100	B	38672	B1	35
3101	B	38675	B1	32
3102	B	38678	B1	36
3102	B	38686	B2	51
3103	B	38691	B2	59
3104	B	38701	B1	38
3104	B	38704	B2	66
3105	B	38714	B1	42
3105	B	38717	B2	67
3108	B	38747	B1	32
3108	B	38755	B2	65
3109	B	38761	B2	53
3112	B	38800	B1	38
3112	B	38808	B2	60
3114	B	38824	B2	64
3117	B	38858	B1	41
3118	B	38872	B1	45
3118	B	38876	B2	66
3121	B	38905	B2	61
3122	B	38910	B1	46
3122	B	38915	B2	51
3123	B	38924	B1	47
3123	B	38928	B2	53
3124	B	38934	B2	58
3125	B	38944	B1	40
3125	B	38947	B2	62
3126	B	38954	B1	47
3126	B	38957	B2	51
3127	B	38968	B1	40
3127	B	38973	B2	62
3129	B	38989	B2	60
3130	B	38992	B1	31
3130	B	39000	B2	65
3131	B	39010	B1	45
3131	B	39015	B2	66
3133	B	39032	B1	32
3133	B	39040	B2	65
3134	B	39048	B1	35
3134	B	39053	B2	65
3135	B	39058	B1	32
3135	B	39065	B2	65
3136	B	39070	B1	31
3137	B	39078	B1	36
3137	B	39083	B2	66
3138	B	39094	B2	60
3139	B	39104	B1	39
3139	B	39108	B2	63
3140	B	39112	B1	42
3141	B	39121	B1	40
3141	B	39125	B2	62
3142	B	39128	B1	33
3143	B	39131	B1	31
3143	B	39135	B2	56
3144	B	39148	B1	41
3144	B	39153	B2	65
3145	B	39158	B1	48
3145	B	39164	B2	59
3146	B	39171	B1	32
3146	B	39179	B2	65
3147	B	39185	B1	33
3147	B	39192	B2	63
3148	B	39197	B1	32
3149	B	39209	B1	47
3149	B	39219	B2	57
3150	B	39222	B1	31
3150	B	39231	B2	63
3151	B	39235	B1	45
3152	B	39238	B1	32
3153	B	39243	B1	33
3153	B	39251	B2	66
3156	B	39285	B1	44
3156	B	39290	B2	66
3157	B	39303	B1	45
3158	B	39306	B1	36
3158	B	39315	B2	59
3162	B	39358	B2	59
3164	B	39378	B1	49
3164	B	39379	B2	51
3165	B	39390	B1	45
3165	B	39397	B2	66
3168	B	39431	B1	39
3168	B	39435	B2	66
3169	B	39443	B1	39
3172	B	39480	B1	48
3172	B	39488	B2	61
3173	B	39493	B1	33
3173	B	39500	B2	63
3176	B	39531	B1	32
3176	B	39538	B2	65
3177	B	39543	B1	31
3177	B	39547	B2	60
3178	B	39556	B1	42
3179	B	39563	B1	49
3179	B	39567	B2	54
3180	B	39572	B1	37
3180	B	39578	B2	56
3182	B	39600	B1	33
3182	B	39607	B2	63
3183	B	39611	B1	31
3183	B	39620	B2	65
3184	B	39625	B1	37
3184	B	39633	B2	65
3185	B	39640	B1	40
3185	B	39647	B2	62
3186	B	39650	B1	44
3187	B	39655	B1	39
3191	B	39712	B1	41
3191	B	39713	B2	62
3193	B	39732	B1	40
3196	B	39777	B1	41
3197	B	39783	B2	58
3199	B	39804	B1	48
3199	B	39809	B2	53
3201	B	39825	B1	48
3201	B	39827	B2	50
3202	B	39839	B1	41
3202	B	39848	B2	66
3204	B	39864	B2	65
3205	B	39867	B1	43
3206	B	39870	B2	53
3207	B	39873	B1	31
3207	B	39879	B2	63
3209	B	39899	B2	52
3210	B	39909	B1	38
3210	B	39911	B2	65
3211	B	39915	B1	31
3214	B	39944	B1	33
3215	B	39947	B1	41
3218	B	39977	B1	32
3220	B	40002	B1	38
3222	B	40019	B1	32
3222	B	40022	B2	60
3224	B	40044	B2	50
3225	B	40047	B1	33
3227	B	40074	B1	48
3227	B	40080	B2	54
3228	B	40086	B1	35
3229	B	40092	B1	34
3229	B	40099	B2	67
3230	B	40102	B1	38
3232	B	40118	B1	34
3233	B	40121	B2	57
3235	B	40151	B1	44
3235	B	40157	B2	66
3237	B	40179	B1	42
3238	B	40189	B1	34
3238	B	40196	B2	66
3239	B	40199	B2	56
3240	B	40202	B1	38
3240	B	40209	B2	59
3241	B	40215	B1	36
3242	B	40218	B1	40
3243	B	40221	B1	43
3245	B	40245	B1	47
3245	B	40247	B2	66
3246	B	40250	B1	40
3247	B	40253	B1	38
3247	B	40260	B2	59
3248	B	40273	B1	43
3248	B	40276	B2	67
3249	B	40279	B1	49
3249	B	40287	B2	57
3250	B	40301	B1	43
3251	B	40308	B1	47
3251	B	40311	B2	50
3252	B	40321	B1	49
3252	B	40325	B2	53
3253	B	40331	B1	31
3253	B	40339	B2	65
3254	B	40344	B2	57
3256	B	40368	B1	47
3256	B	40370	B2	66
3257	B	40373	B1	31
3257	B	40383	B2	66
3259	B	40405	B1	40
3259	B	40409	B2	67
3260	B	40412	B1	33
3260	B	40422	B2	62
3263	B	40451	B1	31
3263	B	40455	B2	61
3264	B	40474	B1	46
3265	B	40477	B1	34
3267	B	40493	B1	41
3268	B	40500	B1	40
3269	B	40512	B1	34
3269	B	40518	B2	66
3270	B	40524	B1	33
3270	B	40525	B2	59
3271	B	40539	B1	35
3271	B	40543	B2	65
3273	B	40563	B1	33
3273	B	40570	B2	63
3275	B	40592	B1	44
3275	B	40596	B2	65
3276	B	40608	B1	47
3276	B	40609	B2	65
3278	B	40627	B1	32
3280	B	40652	B1	48
3281	B	40655	B2	62
3282	B	40661	B1	42
3282	B	40668	B2	66
3283	B	40675	B1	46
3283	B	40679	B2	50
3284	B	40684	B2	55
3286	B	40700	B1	39
3287	B	40705	B1	33
3287	B	40713	B2	67
3288	B	40718	B1	41
3288	B	40726	B2	66
3289	B	40729	B1	31
3290	B	40734	B1	37
3291	B	40750	B1	45
3291	B	40754	B2	65
3293	B	40771	B1	32
3294	B	40784	B2	51
3296	B	40804	B1	35
3296	B	40806	B2	59
3297	B	40813	B1	47
3298	B	40823	B1	41
3298	B	40826	B2	67
3299	B	40834	B1	43
3299	B	40839	B2	65
3300	B	40848	B1	46
3300	B	40851	B2	65
3301	B	40855	B1	31
3301	B	40859	B2	57
3302	B	40868	B1	32
3303	B	40871	B1	49
3304	B	40882	B2	60
3305	B	40887	B2	61
3306	B	40894	B1	42
3308	B	40918	B1	38
3308	B	40924	B2	56
3309	B	40930	B1	32
3309	B	40939	B2	67
3310	B	40942	B1	36
3310	B	40951	B2	65
3312	B	40968	B1	32
3313	B	40977	B1	45
3313	B	40980	B2	62
3314	B	40984	B1	37
3315	B	40993	B1	41
3316	B	41004	B1	46
3316	B	41009	B2	65
3317	B	41020	B1	46
3317	B	41023	B2	66
3319	B	41039	B1	48
3319	B	41048	B2	62
3321	B	41065	B1	44
3321	B	41071	B2	50
3322	B	41078	B1	33
3324	B	41102	B2	59
3325	B	41114	B1	41
3325	B	41117	B2	67
3326	B	41121	B1	33
3329	B	41159	B1	35
3332	B	41191	B2	55
3334	B	41217	B1	39
3334	B	41224	B2	62
3336	B	41240	B1	39
3337	B	41250	B2	58
3338	B	41256	B2	64
3339	B	41259	B2	63
3340	B	41265	B1	34
3340	B	41271	B2	65
3341	B	41279	B1	35
3341	B	41283	B2	62
3342	B	41290	B2	55
3343	B	41301	B2	60
3345	B	41317	B1	46
3346	B	41327	B1	44
3346	B	41330	B2	62
3347	B	41333	B1	39
3347	B	41343	B2	65
3348	B	41352	B1	47
3348	B	41355	B2	50
3349	B	41360	B1	37
3349	B	41365	B2	51
3350	B	41379	B1	46
3350	B	41381	B2	65
3351	B	41388	B1	41
3352	B	41398	B2	54
3353	B	41403	B1	38
3353	B	41408	B2	53
3354	B	41420	B1	40
3354	B	41424	B2	67
3356	B	41440	B2	67
3357	B	41443	B1	37
3359	B	41464	B2	55
3360	B	41478	B1	45
3360	B	41482	B2	66
3361	B	41485	B1	45
3365	B	41531	B1	43
3365	B	41536	B2	65
3366	B	41543	B2	56
3369	B	41581	B1	33
3369	B	41589	B2	66
3370	B	41593	B1	42
3370	B	41602	B2	51
3372	B	41621	B1	34
3372	B	41628	B2	67
3374	B	41646	B1	38
3374	B	41651	B2	51
3375	B	41665	B2	63
3376	B	41674	B1	44
3376	B	41679	B2	65
3377	B	41687	B1	39
3377	B	41693	B2	62
3378	B	41696	B2	66
3380	B	41714	B1	33
3380	B	41716	B2	53
3381	B	41728	B1	42
3381	B	41734	B2	62
3382	B	41738	B1	48
3382	B	41740	B2	50
3384	B	41768	B1	38
3385	B	41781	B1	49
3385	B	41784	B2	56
3386	B	41793	B1	34
3386	B	41796	B2	60
3387	B	41804	B1	49
3387	B	41807	B2	52
3388	B	41816	B1	36
3389	B	41832	B1	34
3389	B	41839	B2	67
3390	B	41843	B1	38
3391	B	41860	B1	45
3391	B	41865	B2	66
3392	B	41868	B1	36
3392	B	41878	B2	66
3393	B	41884	B1	48
3393	B	41889	B2	57
3394	B	41899	B1	46
3394	B	41904	B2	66
3395	B	41917	B1	45
3396	B	41929	B1	42
3397	B	41933	B1	42
3398	B	41937	B1	37
3398	B	41942	B2	56
3399	B	41953	B2	55
3400	B	41969	B1	46
3400	B	41971	B2	65
3403	B	42010	B2	64
3404	B	42017	B1	43
3404	B	42024	B2	66
3405	B	42033	B1	42
3407	B	42058	B1	39
3407	B	42062	B2	66
3408	B	42066	B1	36
3409	B	42069	B1	36
3409	B	42077	B2	53
3412	B	42109	B1	38
3412	B	42117	B2	60
3413	B	42126	B1	45
3413	B	42129	B2	62
3414	B	42134	B1	49
3414	B	42142	B2	57
3415	B	42148	B1	32
3415	B	42156	B2	66
3416	B	42168	B1	47
3416	B	42169	B2	65
3417	B	42173	B2	54
3418	B	42184	B1	42
3418	B	42186	B2	67
3419	B	42192	B1	34
3419	B	42198	B2	63
3420	B	42202	B1	31
3420	B	42211	B2	66
3421	B	42215	B1	34
3422	B	42226	B1	47
3422	B	42228	B2	66
3423	B	42233	B1	45
3423	B	42238	B2	50
3424	B	42248	B1	44
3424	B	42254	B2	66
3425	B	42258	B1	32
3425	B	42266	B2	66
3426	B	42270	B1	36
3426	B	42280	B2	66
3427	B	42285	B1	38
3427	B	42290	B2	56
3428	B	42297	B1	32
3428	B	42304	B2	62
3429	B	42309	B1	31
3429	B	42319	B2	67
3430	B	42322	B2	55
3433	B	42355	B1	35
3433	B	42360	B2	66
3434	B	42369	B1	36
3434	B	42374	B2	66
3435	B	42377	B1	47
3436	B	42381	B1	37
3436	B	42389	B2	65
3439	B	42421	B1	49
3439	B	42423	B2	51
3440	B	42436	B2	57
3442	B	42459	B1	33
3443	B	42471	B1	37
3444	B	42481	B1	46
3446	B	42500	B1	41
3447	B	42505	B1	33
3447	B	42509	B2	59
3448	B	42516	B1	32
3451	B	42545	B1	34
3452	B	42554	B2	61
3453	B	42564	B1	45
3453	B	42570	B2	65
3454	B	42574	B1	36
3455	B	42577	B1	39
3456	B	42583	B1	44
3456	B	42589	B2	50
3457	B	42597	B2	54
3458	B	42609	B1	34
3458	B	42616	B2	67
3459	B	42619	B1	31
3459	B	42623	B2	61
3461	B	42650	B1	40
3462	B	42658	B1	31
3462	B	42668	B2	67
3463	B	42673	B1	34
3466	B	42710	B2	63
3467	B	42715	B1	33
3467	B	42721	B2	62
3468	B	42726	B2	50
3469	B	42734	B1	36
3469	B	42738	B2	65
3470	B	42742	B1	36
3472	B	42759	B1	38
3473	B	42778	B2	59
3474	B	42785	B1	38
3475	B	42803	B1	41
3475	B	42805	B2	65
3476	B	42814	B1	46
3476	B	42820	B2	52
3477	B	42823	B1	31
3477	B	42832	B2	63
3478	B	42838	B1	40
3479	B	42849	B1	49
3479	B	42859	B2	59
3480	B	42862	B1	32
3481	B	42865	B1	31
3481	B	42875	B2	66
3482	B	42881	B1	34
3482	B	42886	B2	65
3484	B	42906	B1	33
3484	B	42914	B2	67
3485	B	42917	B1	31
3485	B	42927	B2	66
3486	B	42936	B1	48
3486	B	42939	B2	65
3488	B	42963	B1	41
3490	B	42983	B1	32
3490	B	42987	B2	59
3491	B	42995	B1	48
3491	B	43001	B2	58
3492	B	43013	B1	46
3492	B	43017	B2	50
3493	B	43021	B1	31
3494	B	43034	B1	45
3496	B	43050	B2	65
3497	B	43056	B1	48
3497	B	43063	B2	66
3500	B	43092	B1	49
3500	B	43101	B2	63
3502	B	43127	B1	46
3503	B	43136	B1	48
3503	B	43139	B2	51
3504	B	43151	B1	44
3505	B	43157	B1	45
3505	B	43165	B2	54
3508	B	43199	B1	42
3508	B	43206	B2	66
3509	B	43213	B1	36
3511	B	43236	B1	32
3511	B	43245	B2	67
3512	B	43248	B1	40
3513	B	43253	B1	41
3513	B	43259	B2	65
3515	B	43281	B1	35
3515	B	43287	B2	67
3516	B	43290	B1	31
3516	B	43293	B2	60
3518	B	43316	B1	48
3518	B	43326	B2	67
3520	B	43349	B1	46
3520	B	43352	B2	66
3521	B	43359	B1	35
3521	B	43363	B2	61
3522	B	43368	B1	31
3522	B	43377	B2	65
3527	B	43433	B2	61
3528	B	43436	B1	44
3529	B	43439	B1	40
3530	B	43450	B1	47
3530	B	43451	B2	65
3531	B	43455	B1	35
3533	B	43471	B1	36
3533	B	43480	B2	59
3537	B	43527	B1	47
3537	B	43533	B2	66
3541	B	43583	B1	42
3542	B	43591	B1	34
3542	B	43598	B2	67
3543	B	43602	B1	49
3543	B	43603	B2	50
3544	B	43618	B1	35
3544	B	43624	B2	66
3545	B	43633	B1	41
3547	B	43653	B1	46
3548	B	43658	B1	38
3548	B	43666	B2	66
3549	B	43670	B1	37
3549	B	43679	B2	66
3550	B	43688	B1	42
3552	B	43712	B2	58
3553	B	43721	B1	44
3554	B	43724	B1	35
3555	B	43735	B1	47
3555	B	43737	B2	66
3556	B	43740	B1	43
3557	B	43747	B1	35
3557	B	43752	B2	66
3558	B	43757	B1	32
3558	B	43765	B2	66
3559	B	43769	B1	38
3560	B	43772	B1	49
3562	B	43790	B1	36
3563	B	43801	B1	31
3563	B	43811	B2	67
3564	B	43814	B1	33
3565	B	43817	B1	33
3565	B	43827	B2	62
3566	B	43830	B1	48
3567	B	43835	B1	49
3567	B	43836	B2	51
3568	B	43856	B2	64
3570	B	43881	B1	44
3573	B	43911	B1	45
3574	B	43916	B1	39
3575	B	43927	B2	66
3576	B	43930	B1	42
3577	B	43933	B1	31
3577	B	43943	B2	62
3579	B	43959	B2	64
3580	B	43962	B1	32
3580	B	43972	B2	62
3581	B	43976	B1	32
3581	B	43985	B2	67
3582	B	43992	B1	42
3582	B	43998	B2	65
3583	B	44001	B2	53
3586	B	44032	B1	33
3586	B	44039	B2	63
3587	B	44043	B1	37
3589	B	44063	B1	49
3589	B	44067	B2	57
3591	B	44085	B2	60
3593	B	44101	B1	45
3595	B	44118	B1	49
3595	B	44119	B2	51
3598	B	44158	B1	41
3598	B	44166	B2	66
3599	B	44174	B1	45
3599	B	44179	B2	66
3600	B	44182	B1	31
3600	B	44184	B2	53
3601	B	44195	B1	31
3602	B	44198	B2	56
3604	B	44216	B1	39
3605	B	44229	B1	41
3605	B	44237	B2	66
3606	B	44249	B2	60
3608	B	44266	B1	31
3608	B	44272	B2	63
3609	B	44282	B1	47
3609	B	44287	B2	52
3610	B	44292	B1	39
3611	B	44303	B1	47
3611	B	44304	B2	65
3614	B	44334	B1	38
3616	B	44357	B1	41
3617	B	44367	B1	49
3617	B	44373	B2	66
3618	B	44376	B1	45
3618	B	44381	B2	50
3619	B	44395	B2	60
3620	B	44407	B1	43
3621	B	44416	B1	37
3621	B	44425	B2	66
3622	B	44433	B1	39
3622	B	44438	B2	67
3624	B	44454	B1	41
3626	B	44470	B2	59
3628	B	44492	B2	57
3629	B	44500	B1	41
3629	B	44507	B2	62
3630	B	44513	B1	32
3630	B	44519	B2	64
3631	B	44528	B1	43
3631	B	44535	B2	50
3632	B	44544	B1	43
3634	B	44565	B1	32
3634	B	44573	B2	66
3635	B	44577	B2	63
3636	B	44590	B1	48
3638	B	44606	B1	38
3638	B	44613	B2	60
3640	B	44632	B1	48
3640	B	44634	B2	50
3642	B	44658	B1	31
3643	B	44671	B1	43
3644	B	44676	B2	52
3645	B	44690	B1	43
3645	B	44697	B2	50
3646	B	44700	B1	42
3646	B	44710	B2	52
3647	B	44713	B1	38
3647	B	44723	B2	62
3648	B	44734	B1	42
3648	B	44735	B2	63
3649	B	44739	B2	67
3650	B	44742	B1	31
3650	B	44746	B2	57
3651	B	44755	B1	48
3651	B	44763	B2	56
3652	B	44768	B1	33
3655	B	44807	B2	67
3657	B	44823	B2	51
3658	B	44826	B2	52
3659	B	44829	B2	57
3660	B	44832	B1	31
3660	B	44839	B2	61
3662	B	44860	B1	38
3662	B	44865	B2	56
3663	B	44871	B2	58
3664	B	44875	B1	32
3664	B	44883	B2	63
3665	B	44891	B1	44
3665	B	44897	B2	66
3666	B	44900	B1	42
