57	Sie lieben die Plätze im hinteren Teil!	Sie lieben die Plätze im vorderen Teil!	im hinteren Teil sitzen	der hintere Teil der Bühne
118	Zusammenbauen erledigt, Zeit für ein High Five!	Zusammenbauen erledigt, Zeit für eine Gruppenumarmung!	ein Hochbeet zusammenbauen	ein hohes Bürogebäude
138	Eine Kappe, endlich Schatten.	Ein Baum, endlich Schatten.	korallenrote Kappe gegen die Sonne	eine Kappe auf der Flasche
184	Sie befiehlt, alle rennen.	Sie befiehlt, alle schlafen.	einer Reihe Rekruten Befehle geben	ein Schiff befehligen
196	Mut hat sie rübergebracht!	Eine Seilrutsche hat sie rübergebracht!	Mut beim Überqueren	Mut beim Runterspringen
199	Er kracht in alle rein!	Er kracht gegen eine Wand!	krachende Autoscooter	krachende echte Autos
222	Diese Verspätung dauert ewig.	Dieser Zug braucht ewig.	eine Verspätung am Bahnhof	eine Verspätung am Flughafen
227	Dieser Diamant funkelt wie verrückt!	Dieser Rubin funkelt wie verrückt!	ein funkelnder Diamantring	eine Diamantkette
292	Das Kissen hat den Kampf verloren.	Die Lampe hat den Kampf verloren.	eine Kissenschlacht im Bett	eine Schneeballschlacht
347	Für Klatsch sind sie immer zu haben.	Für Fußball sind sie immer zu haben.	saftigen Klatsch flüstern	Klatsch aus einer Zeitschrift
381	Er ist viel zu verschreckt, um eine Traube zu essen.	Er ist viel zu verschreckt, um einen Apfel zu essen.	einen Freund erschrecken	Vögel erschrecken
383	Wandern bis ganz nach oben!	Skifahren bis ganz nach oben!	auf einen Berg wandern	durch die Wüste wandern
412	Sie hat das Trikot mit der Nummer 7 bekommen!	Sie hat das Trikot mit der Nummer 9 bekommen!	neues Trikot mit Nummer 7	neues Trikot mit Nummer 10
422	Beim Treten kickt sie mega hoch.	Beim Treten kickt sie mega tief.	gegen einen Boxsack treten	gegen einen Fußball treten
432	Sie führt die Gruppe mit einer Laterne.	Sie führt die Gruppe mit einer Taschenlampe.	Wanderer mit einer Laterne führen	Wanderer mit einer Karte führen
479	Sie ist mit ihrem Verstand zwei Züge voraus.	Sie ist mit ihrem Verstand zwei Züge hinterher.	Züge im Kopf planen	ihre Meinung ändern
561	Ein Croissant voller Genuss.	Ein Bagel voller Genuss.	der Genuss eines Croissants	der Genuss eines Muffins
860	Das Auto hatte „ein bisschen“ Waschen nötig.	Das Fahrrad hatte „ein bisschen“ Waschen nötig.	ein schlammiges Auto waschen	einen schlammigen Hund waschen
862	Fernsehabend: Beim Zuschauen muss Popcorn her.	Fernsehabend: Beim Zuschauen muss Pizza her.	gemütliches Zuschauen vorm Fernseher	gemütliches Vogelbeobachten im Wald
1009	Der Kompass ist schlauer als ich.	Das alte Handy ist schlauer als ich.	ein Messingkompass in der Hand	eine Messinguhr in der Hand
1161	Er kühlt sein Knie mit Eis.	Er kühlt seinen Kopf mit Eis.	Eis auf dem gebeugten Knie	auf ein Knie gehen
1373	Sommer-Vibes: großer Sprung in den See.	Sommer-Vibes: großer Sprung in den Pool.	sommerlicher Sprung in den See	eine sommerliche Poolparty
1413	Laufband: Rennen ins Nirgendwo.	Laufband: Spazieren ins Nirgendwo.	auf dem Laufband rennen	ein kaputtes Laufband reparieren
1535	Er balanciert kopfüber. Voll easy.	Er liegt einfach rum. Voll easy.	kopfüber balancieren	kopfüber hängen
1855	Der Pfau hat riesige Schwanzfedern!	Der Pfau hat kurze Schwanzfedern!	ein Pfau mit aufgestellten Schwanzfedern	ein Pfau mit angelegten Schwanzfedern	Schwanz alone reads as a sexual double entendre; used Schwanzfedern
1919	Die Gasse ist sehr schmal.	Die Gasse ist sehr breit.	eine schmale Kopfsteingasse	eine schmale Brücke
1974	Die Ballerina steht auf den Zehenspitzen.	Die Ballerina kniet auf dem Boden.	eine Ballerina im Tutu	ein Ballettschuh
1992	Sie hört Musik über große grüne Kopfhörer.	Sie hört Musik über große rote Kopfhörer.	Musik hören	einer Lehrerin zuhören
2013	Ihr Make-up? Total Gothic.	Ihr Make-up? Total pink.	ein Gothic-Look	eine gotische Kirche	gotisch = architecture only; goth style is Gothic
2079	Alles hier ist aus Holz.	Alles hier ist aus Plastik.	hohe hölzerne Bücherregale	hohe hölzerne Leitern	predicative hölzern means stiff; TS uses aus Holz
2156	Die Sonne steht tief am Horizont.	Der Mond steht tief am Horizont.	die Sonne am Horizont	ein Schiff am Horizont
2161	Das Genie hat eine neue Idee.	Das Genie hat eine neue Katze.	ein Genie, das Sterne beobachtet	ein Genie, das Formeln schreibt
2162	Rothaarig – und die Haare sitzen perfekt.	Schwarzhaarig – und die Haare sitzen perfekt.	rothaarig mit langen Locken	rothaarig mit Dutt
2246	In der Vitrine steht ein Miniaturhäuschen.	In der Vitrine steht ein Miniaturschloss.	ein Miniatur-Nachtgarten	eine Miniatur-Eisenbahn	miniaturhaft wrong for a miniature copy; used Miniatur-
2310	Eine Melodie steigt aus dem Klavier auf.	Eine Melodie steigt aus der Trommel auf.	eine aufsteigende goldene Melodie	eine sinkende goldene Melodie
2602	Sie fahren Ski, mega schnell bergab.	Sie fahren Ski, mega schnell bergauf.	steil bergab Ski fahren	auf flacher Straße Ski fahren
2660	Kletterpflanzen hängen über dem Bogen.	Fahnen hängen über dem Bogen.	Kletterpflanzen über einem Steinbogen	eine Kletterpflanze voller Trauben
2794	Der Tierarzt hält eine Katze.	Der Tierarzt hält einen Hund.	Tierarzt beim Katzenknuddeln	Tierarzt auf dem Bauernhof
3061	Sie schwebt über einer Schallplatte.	Sie schwebt über einem Klavier.	eine sich drehende Schallplatte	einen Weltrekord brechen
3589	Der Gorilla chillt einfach.	Der Gorilla isst einfach.	ein Gorilla im Bambus	ein brusttrommelnder Gorilla
3590	Ein Strauß läuft über den Sand.	Ein Kamel läuft über den Sand.	ein Strauß in der Wüste	ein Strauß mit verstecktem Kopf
3598	Ihr lockiges Haar ist mit blauem Stift gemalt.	Ihr lockiges Haar ist mit rotem Stift gemalt.	lockiges Haar mit blauem Stift	lockiges Haar mit roter Farbe
3640	Die Lampe leuchtet ins All.	Die Lampe leuchtet auf ein Schiff.	ins All leuchten	ein Licht auf einem Schiff
3828	Der Schimpanse und das Streichholz: keine gute Idee.	Der Schimpanse und das Messer: keine gute Idee.	ein brennendes Streichholz in der Hand	ein Fußballspiel im Fernsehen
4035	Er tritt auf die Blöcke über dem Wasser.	Er tritt auf die Blöcke über dem Feuer.	auf schwimmende Blöcke treten	auf einen fahrenden Zug steigen
4160	Schwupps! Das rote Auto ist verschwunden.	Schwupps! Der rote Van ist verschwunden.	im Sand verschwinden	im Schnee verschwinden
4199	Er lässt die Füße durch den See schleifen.	Er lässt die Hände durch den See schleifen.	die Füße durchs Wasser ziehen	ein Boot ins Wasser schleppen	schleppen = trudge for trailing feet; used schleifen/ziehen
4271	Der Sportler ist so schnell!	Der Sportler ist so langsam!	ein Sportler mit Höchstgeschwindigkeit	ein Sportler im Ziel
4285	Als Erwachsener gibt's nur Rechnungen.	Als Erwachsener gibt's nur Games.	ein Erwachsener auf dem Arbeitsweg	ein Erwachsener beim Schlafengehen
4298	Die Jungs stellen sich in einer geraden Reihe auf.	Die Mädchen stellen sich in einer geraden Reihe auf.	in gerader Reihe aufstellen	geradewegs nach Hause gehen
4316	Es tut ihm leid. Tulpen helfen bestimmt.	Es tut ihm leid. Rosen helfen bestimmt.	Entschuldigung für den Kaffee	Entschuldigung für den Kuchen	reuig is archaic; used es tut ihm leid / Entschuldigung
4319	Die Streifen vermischen sich.	Die Streifen werden breiter.	Creme in die Haut einarbeiten	Obst im Mixer vermischen
4333	Sie ist auf die Plattform gestiegen.	Sie ist in den Bus gestiegen.	ein belebter Bahnsteig	eine Sprungplattform	station platform = Bahnsteig in TP
4384	Sie ist vom Bett hochgefedert!	Sie ist vom Sofa hochgefedert!	auf dem Bett hüpfen	einen Ball abprallen lassen	abprallen wrong for bouncing on a bed; used hochfedern/hüpfen
4418	Der Dampf schoss ihr ins Gesicht.	Das Wasser schoss ihr ins Gesicht.	aus dem Topf schießender Dampf	ein geplatztes Wasserrohr	steam cannot platzen; used schießen
4425	Der Roboter gibt ihnen Befehle.	Der Roboter bestellt eine große Pizza.	das Team herumkommandieren	einen Kaffee bestellen	ordering around = Befehle geben/herumkommandieren
4578	Die Felder bilden ein Flickenmuster.	Die Parkplätze bilden ein Flickenmuster.	grüne Felder vor der Ernte	eine Apfelernte	Ernte (harvest) cannot form a patchwork; TS uses Felder
4627	Alle gehen weg. Er winkt!	Alle bleiben. Er winkt!	winken, während das Schiff ablegt	mit dem Fahrrad wegfahren
4666	Kürbis zerschmettert. Ups!	Ei zerschmettert. Ups!	ein auf Beton zerschmetterter Kürbis	ein vom Kürbis zerschmettertes Fenster
4711	Sein Gesicht ist pure Anstrengung.	Sein Gesicht ist pure Langeweile.	mit aller Kraft rudern	mit aller Kraft rennen	Mühe unidiomatic here; used Anstrengung/Kraft
4729	Die Maske hat sie ganz ängstlich gemacht!	Der Clown hat sie ganz ängstlich gemacht!	ängstlich im Geisterhaus	Angst vor einer Spinne
4757	Endlich Freiheit im Sommer!	Endlich Freiheit im Winter!	Freiheit auf der offenen Landstraße	Freiheit in einer Großstadt
4773	Die Musik hat eine Menschenansammlung ausgelöst.	Die Musik hat eine Schlägerei ausgelöst.	eine Menschenansammlung um einen Straßenmusiker	ein Familientreffen zu Hause	Versammlung = formal meeting; used Menschenansammlung
4776	So höflich: Er lüftet seinen Hut.	So höflich: Er hebt seinen Stock.	ein höflicher Gruß	ein höflicher Brief
4799	Eine Fliege binden? Nervensache!	Die Schuhe binden? Nervensache!	eine schwarze Fliege binden	den Koffer zubinden
4835	In der Stadt läuft eine Verfolgungsjagd!	In der Stadt läuft eine Parade!	eine Stadtstraße bei Nacht	eine Stadtstraße zur Mittagszeit
4864	Die Band ist in Uniform!	Die Band ist im Schlafanzug!	eine Band in Uniform	eine Schuluniform
4865	Seine Kamera hat ein langes Objektiv.	Seine Kamera hat ein kurzes Objektiv.	ein langes Kameraobjektiv	eine Linse in ihrer Brille	camera lens = Objektiv, not Linse
4873	Sie ist völlig ins Lernen vertieft.	Sie hat sich völlig im Wald verlaufen.	ins Lernen vertieft	eine medizinische Studie	Studium = university studies; used Lernen
4981	Alle haben den Impfstoff bekommen. Juhu!	Keiner hat den Impfstoff bekommen. Juhu!	Impfstoff in den Oberarm	Impfstoff ins Bein
5012	Paris ist voller Romanzen!	Paris ist voller Schnee!	Romanze in Paris	ein Liebesroman
5032	Sie geht dem Team voraus.	Sie geht dem Team hinterher.	der Gruppe vorausgehen	für die Reise vorausplanen
5045	Die Boxen machen ein lautes Geräusch!	Die Trommeln machen ein lautes Geräusch!	ein Geräusch aus einem Ghettoblaster	ein Geräusch aus einem Autoradio
5146	Die Schale besteht aus einem einzigen langen Streifen!	Die Schale besteht aus zwei kurzen Streifen!	ein langer Streifen Schale	ein Streifen Klebeband
5186	Das Publikum ist auf dem Platz.	Das Publikum ist in der Kirche.	das Publikum auf dem Platz	das Publikum im Theater	Öffentlichkeit is abstract, cannot stand in a square; used Publikum
5196	Ihr Dutt und ihr Buch sind immer dabei.	Ihr Dutt und ihr Hund sind immer dabei.	ein hoher blonder Dutt	ein süßes Brötchen
5199	Das Rezept Schritt für Schritt befolgt.	Der Karte Schritt für Schritt gefolgt.	ein handgeschriebenes Rezept befolgen	einem Freund online folgen
5226	Er hat es in den Waggon geschafft!	Er hat es ins Taxi geschafft!	in einen Zugwaggon springen	eine Pferdekutsche
5236	Die Stadt ist in einiger Entfernung zu sehen.	Das Kamel ist in einiger Entfernung zu sehen.	Türme in einiger Entfernung	ein Ferngespräch
5256	Ein Richter spricht zu ihnen.	Eine Krankenschwester spricht zu ihnen.	vor vollem Saal sprechen	einen Brief adressieren	ansprechen = approach someone; addressing a group = sprechen zu/vor
5260	Mit Kuchen erwischt. Vor Scham im Boden versinken!	Mit Pizza erwischt. Vor Scham im Boden versinken!	Scham wegen eines Kuchens	Scham wegen eines kaputten Tellers
5300	Die Viper ist eine echte Bedrohung.	Die Eidechse ist eine echte Bedrohung.	eine Bedrohung auf den Felsen	eine Drohung in einem Brief
5367	Sie stopft sich den Mund voll!	Sie stopft ihre Tasche voll!	einen Cheeseburger reinstopfen	einen Truthahn füllen
5380	Er hat sogar die Kiste genommen!	Sie hat sogar die Kiste genommen!	Sachen aus einer Kiste nehmen	eine Kiste zur Schule mitnehmen
5426	Beide Delegationen haben sich geeinigt.	Keine der Delegationen hat sich geeinigt.	zwei Delegationen beim Treffen	eine Delegation am Flughafen
5470	Im Anzug schnell durch die Innenstadt.	In Jeans schnell durch die Innenstadt.	Arbeitsweg durch die Innenstadt	eine Rooftop-Bar in der Innenstadt
