2652	Alles ist grau, nur ihr Mantel nicht!	Alles ist rot, nur ihr Mantel nicht!	graue Mäntel im Regen	graue Mäntel im Schnee
2654	Riemen fest, bereit für den Mond.	Riemen fest, bereit fürs Meer.	breite weiße Riemen	ein Uhrenriemen aus Leder
2656	Zwei rote Busse. Sehr London.	Zwei rote Straßenbahnen. Sehr London.	ein roter Doppeldeckerbus	eine rote Doppeldecker-Straßenbahn
2657	Der Vogel ist Teil einer Collage.	Die Katze ist Teil einer Collage.	ein Vogel in einer Collage	eine Collage aus alten Fotos
2658	Er reckt die Faust!	Er reckt das Schwert!	eine erhobene Faust	eine Faust voller Münzen
2660	Kletterpflanzen hängen über den Bogen.	Fahnen hängen über den Bogen.	Kletterpflanzen über einem Steinbogen	eine Kletterpflanze voller Trauben
2661	Die Fliesen bilden ein Schachbrett.	Die Fliesen bilden einen Regenbogen.	schwarz-weiße Bodenfliesen	blau-weiße Wandfliesen
2663	Sein Schatten ist so lang!	Sein Schatten ist so kurz!	der lange Schatten eines Cowboys	ein Schatten an der Wand
2664	Da ertrinkt jemand für einen neuen Follower.	Da schwimmt jemand für einen neuen Follower.	im Ozean ertrinken	in Hausaufgaben ertrinken
2666	Blumentöpfe säumen die Stufen.	Kerzen säumen die Stufen.	Blumentöpfe auf Steinstufen	Blumentöpfe auf der Fensterbank
2669	Eine Million Teekannen, ich schwör's.	Eine Million Lampen, ich schwör's.	Regale voller Porzellan-Teekannen	eine Teekanne auf dem Herd
2670	Der Tisch hat eine Schublade.	Der Tisch hat drei Schubladen.	eine Schublade mit Knauf	eine Schublade voller Socken
2673	Er sitzt im Käfig, der Vogel ist frei.	Der Vogel sitzt im Käfig, er ist frei.	im Käfig sitzen	einen Käfig putzen
2675	Die Katze hat eine Pfote auf dem Buch, wie ein Professor.	Die Katze hat eine Pfote auf der Tasse, wie ein Professor.	eine Pfote auf dem Buch	eine Pfote auf dem Bleistift
2678	Papier frisst den Laptop.	Papier frisst das Bett.	Stapel von Papier	ein Papierflieger
2679	Er ist in riesiger Eile!	Er ist überhaupt nicht in Eile!	in Eile rennen	in Eile zum Essen
2682	Der Tiger greift an!	Der Löwe greift an!	ein angreifender Tiger	ein angegriffener Tiger
2683	Ihre Gesichtsbemalung ist ein Mandala.	Ihre Gesichtsbemalung ist eine Spinne.	ein Mandala als Gesichtsbemalung	Gesichtsbemalung bei einem Clown
2684	Diese Masken sind für den Karneval.	Diese Masken sind für die OP.	Augenmasken für den Karneval	ein Karnevalsumzug
2685	Die Masken für den Maskenball sind golden.	Die Masken für den Maskenball sind rot.	goldene Masken für den Maskenball	eine Einladung zum Maskenball
2686	Die Brünette wirkt so entspannt.	Die Blondine wirkt so entspannt.	eine Brünette in Blau	eine Brünette in Rot
2687	Villa mit Schwimmbecken. Sehr exklusiv.	Villa mit Tennisplatz. Sehr exklusiv.	ein türkises Schwimmbecken	ein Schwimmbecken in der Halle
2688	Seine Dreadlocks sind sehr lang.	Seine Dreadlocks sind sehr kurz.	lange Dreadlocks bis über die Brust	kurze Dreadlocks unter einer Mütze
2690	Ihre Krone ist voller Diamanten.	Ihre Krone ist voller Federn.	eine Krone aus Diamanten	ein Diamantring
2691	Sie trägt einen Trenchcoat.	Sie trägt eine Skijacke.	ein beiger Trenchcoat	ein nasser Trenchcoat
2693	Ein Baum wächst aus einem Buch!	Ein Baum wächst aus einer Tasse!	aus einem Buch wachsen	aus einem Topf wachsen
2694	Sie denkt angestrengt nach.	Sie lacht herzhaft.	im Dunkeln denken	ans Abendessen denken
2698	Offene Fensterläden, heißer Kaffee, perfekt.	Offene Fensterläden, kaltes Bier, perfekt.	grüne, aufgeklappte Fensterläden	nachts geschlossene Fensterläden
2702	Natur-Paket: Wasserfall inklusive.	Natur-Paket: Schloss inklusive.	Natur mit Wasserfall	Natur mit viel befahrener Straße
2703	Ein riesiger Obelisk im Schnee.	Ein riesiger Obelisk in der Wüste.	ein schwarzer Obelisk im Schnee	ein Obelisk auf einem Platz
2704	Nur Schutt und Nebel bleiben.	Nur Schnee und Nebel bleiben.	Schutt im Nebel	Schutt mit dem Bagger räumen
2708	Der Affengott sieht stark aus.	Der Affengott sieht winzig aus.	starke Arme und Brust	ein starker Kaffee
2709	Er trägt eine Girlande aus Ringelblumen.	Er trägt eine Girlande aus Rosen.	eine Girlande aus Ringelblumen	Ringelblumen im Topf
2711	Seerosenblätter treiben um sie herum.	Boote treiben um sie herum.	Seerosenblätter auf einem Teich	Seerosenblätter mit Fröschen
2712	Es ist halb Gesicht, halb Anatomie.	Es ist halb Gesicht, halb Blumen.	eine Anatomiezeichnung	eine Anatomieprüfung
2714	Zitronen, Meer und ein Strohhut.	Orangen, Meer und ein Strohhut.	ein breiter Strohhut	der Strohhut einer Vogelscheuche
2716	Big Ben hinter den Bäumen, nice.	Big Ben hinter den Schiffen, nice.	Blick auf Big Ben	Big Ben um Mitternacht
2717	Das Parlament liegt an der Themse.	Das Parlament liegt an der Seine.	das Parlament in London	ein Parlament am Meer
2718	Das Klavier ist halb Bauplan.	Die Harfe ist halb Bauplan.	ein Bauplan für ein Klavier	ein Bauplan für ein Haus
2722	Die Spirale ist unter dem Cowboy.	Die Spirale ist über dem Cowboy.	eine Spirale aus Sternen	eine Wendeltreppe
2723	Er ist total wütend!	Sie ist total wütend!	ein wütender Krieger	ein wütender Drache
2724	Er herrscht über diesen nebligen Dschungel.	Er herrscht über diese neblige Wüste.	ein nebliger grüner Dschungel	ein Dschungel voller Tiger
2725	Er kauert auf einem Felsen.	Er kauert auf einem Baum.	hoch oben auf einem Felsen kauern	tief in einer Höhle kauern
2726	Er trägt zwei Ketten aus Perlen.	Er trägt zwei Ketten aus Glöckchen.	Ketten aus orangen Perlen	Perlen an einer Schnur zählen
2728	Ein Hase kuschelt mit einem Fuchs.	Ein Hase kuschelt mit einer Katze.	mit einem Fuchsbaby kuscheln	mit einem Hasenbaby kuscheln
2729	Ihre Kristallkugel leuchtet.	Ihre Kristallkugel ist kaputt.	eine Kristallkugel berühren	eine kaputte Kristallkugel
2731	Fakt: Die Pupille ist schwarz.	Fakt: Die Pupille ist weiß.	eine schwarze Pupille	ein Schüler in der Klasse	FP pun pupil/school pupil does not exist in German; used a plain schoolkid label
2732	Der Enkel sitzt auf seinem Schoß.	Der Enkel sitzt auf einem Stuhl.	ein Enkel auf Opas Schoß	ein Enkel am Strand
2733	Die Armee stürmt los!	Die Armee zieht sich zurück!	eine Armee zu Pferd	eine Armee zu Fuß
2734	Die Katze hat eine winzige rosa Nase.	Die Katze hat eine winzige schwarze Nase.	eine kleine rosa Nase	eine kleine schwarze Nase
2735	Die Explosion macht so viel Spaß!	Die Flut macht so viel Spaß!	eine Explosion im Labor	eine Explosion von Farben
2736	Der Astronom ist ein alter Mann.	Der Astronom ist ein junger Mann.	ein alter Astronom	ein Astronom am Teleskop
2737	Das ist ein Schwarzes Loch im All.	Das ist ein schwarzer Mond im All.	ein Schwarzes Loch im All	ein Schwarzes Loch aus Schulden
2738	Dieser exotische Vogel trägt Kopfhörer, um dich zu ignorieren.	Dieser exotische Vogel trägt eine Sonnenbrille, um dich zu ignorieren.	ein exotischer Vogel mit Kopfhörern	exotische Vögel im Käfig
2740	Sein Schnurrbart ist weiß wie Schnee.	Sein Schnurrbart ist schwarz wie Kohle.	ein dicker weißer Schnurrbart	ein dünner schwarzer Schnurrbart
2741	Der Programmierer codet nachts.	Der Programmierer codet mittags.	ein Programmierer beim Coden	ein Programmierer im Fitnessstudio
2742	Er konzentriert sich auf Code.	Er konzentriert sich auf ein Buch.	sich auf einen Bildschirm konzentrieren	sich auf ein Spiel konzentrieren
2743	Steile Felswände? Nope.	Steile Sandwände? Nope.	steile Felswände	eine steile Straße in der Stadt
2744	Fakt: Pfauen haben eine Federhaube.	Fakt: Pfauen haben keine Federhaube.	eine zarte Federhaube	eine Federhaube auf einem Helm	FP crest-on-a-shield (heraldry) has no Federhaube equivalent; used a helmet plume instead
2745	Alte Steine füllen den Innenhof.	Alte Autos füllen den Innenhof.	ein gepflasterter Innenhof	ein Innenhof-Café mit Tischen
2747	Das pummelige Kleinkind hat eine Keule.	Das pummelige Kleinkind hat einen Bogen.	ein pummeliger Babygott	ein pummeliger Welpe
2749	Sie sitzt stilvoll an der Bar.	Sie sitzt stilvoll im Auto.	an einer Bar sitzen	ein Schokoriegel
2750	Die Zimmerpflanze steht auf Büchern.	Die Zimmerpflanze steht auf einem Fernseher.	eine Zimmerpflanze im Regal	eine Zimmerpflanze auf dem Boden
2751	Diese Pflanze ist mega stachelig.	Diese Pflanze ist mega weich.	eine stachelige Topfpflanze	eine stachelige Kaktuskugel
2752	Die Maus spielt für Deutschland!	Die Katze spielt für Deutschland!	ein Fan von Deutschland	eine Karte von Deutschland
2753	Dieses Sparschwein ist reich!	Dieses Sparschwein ist pleite!	ein großes rosa Sparschwein	ein kaputtes Sparschwein
2754	So viel Dampf im Sonnenuntergang!	So viel Schnee im Sonnenuntergang!	weißer Dampf aus dem Schlot	weißer Rauch aus dem Kamin
2757	Ein Klavier voller Inspiration.	Eine Küche voller Inspiration.	ein Funke Inspiration	Inspiration aus einem Buch
2758	Eine Büste aus Stein in der Wüste.	Eine Büste aus Stein im Dschungel.	eine riesige Steinbüste	eine Büste im Museum
2759	Er steht da wie ein echter Held.	Er sitzt da wie ein echter Held.	ein Held auf einem Felsen	ein Held auf einem Pferd
2762	Eine Gestalt läuft durch den Weizen.	Eine Gestalt läuft durch den Schnee.	ein Feld mit reifem Weizen	ein Laib Weizenbrot
2765	Das Baby lächelt.	Das Baby weint.	mit einer Flöte lächeln	seine Mutter anlächeln
2766	Eine Kobra ist an seiner Schulter!	Ein Tiger ist an seiner Schulter!	eine aufgerichtete Kobra	eine Kobra im Korb
2770	Nummer 3 schwitzt ohne Ende!	Nummer 7 schwitzt ohne Ende!	nach dem Laufen schwitzen	in der Sauna schwitzen
2771	Die Maus isst Eis!	Die Maus isst Käse!	eine Eiswaffel essen	ein Käsesandwich essen
2774	Die Architektur ist gotisch.	Die Architektur ist modern.	gotische Kathedralen-Architektur	moderne Glasarchitektur
2776	Sie hält die Fackel hoch in die Luft.	Sie hält die Fahne hoch in die Luft.	eine hochgehaltene brennende Fackel	eine Fackel in einer Höhle
2777	Ihr Kopftuch hat eine große Brosche.	Ihr Kopftuch hat eine große Blume.	eine große Silberbrosche	eine Brosche am Mantel
2779	Ihre Iris ist blaugrün.	Ihre Iris ist dunkelbraun.	eine blaugrüne Iris	eine lila Irisblüte
2781	Sie trägt so viel Zeug!	Er trägt so viel Zeug!	eine schwere Tasche tragen	eine schwere Kiste tragen
2782	Dieser Kupferstich besteht nur aus Linien.	Dieser Kupferstich besteht nur aus Punkten.	ein feiner Kupferstich	eine Gravur auf einem Ring
2788	Sie pustet Blütenblätter.	Sie pustet Kerzen aus.	Blütenblätter und Schmetterlinge pusten	Kerzen auspusten
2791	Ihr Kopf ist durchsichtig. Cool!	Ihr Kopf ist golden. Cool!	eine durchsichtige Schädelkuppel	eine durchsichtige Regenjacke
2793	Zwei Geschäftsmänner stehen ganz oben.	Fünf Geschäftsmänner stehen ganz oben.	ein Geschäftsmann auf der Treppe	ein Geschäftsmann im Aufzug
2794	Der Tierarzt hält eine Katze.	Der Tierarzt hält einen Hund.	ein Tierarzt knuddelt eine Katze	ein Tierarzt auf dem Bauernhof
2795	Er klettert kopfüber!	Er schläft kopfüber!	unter einer Klippe klettern	eine Leiter hochklettern
2800	Darf ich die große Seifenblase platzen lassen?	Darf ich den großen Luftballon platzen lassen?	eine Seifenblase am Himmel	eine Seifenblase im Glas
2801	Seine Scheinwerfer leuchten orange.	Seine Scheinwerfer leuchten blau.	orange Scheinwerfer im Schnee	Scheinwerfer an einem verschneiten Auto
2803	Sein Gesicht sieht psychedelisch aus!	Sein Gesicht sieht grau und öde aus!	ein psychedelisches Porträt	ein psychedelisches Auto
2805	Er zeichnet gleich ein Meisterwerk.	Sie zeichnet gleich ein Meisterwerk.	ein Bild zeichnen	die Vorhänge zuziehen
2806	Ein Kleinkind mit goldenem Turban.	Ein Kleinkind mit goldenem Helm.	ein Kleinkind mit Feder	ein Kleinkind im Buggy
2808	Die Geschäftsfrau lächelt.	Die Geschäftsfrau weint.	eine Geschäftsfrau an ihrem Auto	eine Geschäftsfrau im Zug
2809	Sie hält eine kleine Teetasse.	Sie hält eine kleine Teekanne.	eine Teetasse in beiden Händen	eine Teetasse auf einer Untertasse
2810	Zwei Kaffees an einem Arbeitsplatz!	Zwei Laptops an einem Arbeitsplatz!	ein gemütlicher Arbeitsplatz	ein Arbeitsplatz im Großraumbüro
2811	Er berührt ein Hologramm-Auto.	Er berührt ein Spielzeugauto.	ein Hologramm eines Autos	ein Hologramm auf einer Karte
2812	Eine Drohne ist auf der großen Leinwand.	Ein Flugzeug ist auf der großen Leinwand.	eine Drohne auf dem Bildschirm	eine Drohne über einem Feld
2814	Er lehnt sich in den Wolken zurück.	Er lehnt sich im Meer zurück.	sich auf einem geschnitzten Sitz zurücklehnen	sich auf dem Sofa zurücklehnen
2815	Er ist bereit für die Schlacht.	Er ist bereit fürs Bett.	bereit für die Schlacht	eine Schlacht auf See
2817	Die Gießkanne hat Blumen.	Die Teekanne hat Blumen.	eine Gießkanne mit Blumen	eine Gießkanne voll Wasser
2818	Es regnet Geld!	Es regnet Münzen!	ein Tisch voller Geld	ein Tisch voller Essen
2819	Ihre Ringe sind leuchtend golden.	Ihre Ringe sind leuchtend grün.	leuchtende goldene Ringe	leuchtende rote Augen
2820	Sie teilen sich ein Buch.	Sie teilen sich eine Pizza.	ein Buch teilen	einen Tisch teilen
2823	Null Wind: Das Wasser ist still.	Null Wind: Das Wasser ist wellig.	ein Boot auf stillem Wasser	eine stille Nacht in der Stadt
2824	Der Nachtclub ist jetzt voll.	Der Nachtclub ist jetzt leer.	ein Neon-Nachtclub	ein Türsteher vom Nachtclub
2825	Er ist von Büchern umgeben!	Er ist von Spielzeug umgeben!	von Wänden aus Büchern umgeben	von Wänden aus Spielzeug umgeben
2826	Das gelbe Band steht ihr.	Das rote Band steht ihr.	ein gelbes Haarband	ein gelbes Geschenkband
2827	Er ist eingedöst. Kunst ist anstrengend.	Er ist eingedöst. Mathe ist anstrengend.	am Schreibtisch eindösen	auf dem Sofa eindösen
2829	Sie stöbert in einer Bibliothek.	Sie stöbert in einem Laden.	in Bibliotheksregalen stöbern	im Internet stöbern
2831	Sogar die Sonne ist fröhlich!	Sogar der Regen ist fröhlich!	eine fröhlich lächelnde Sonne	ein fröhlicher Regentag
2833	Burnout: Sein Kopf dampft.	Burnout: Sein Tee dampft.	Burnout am Schreibtisch	Burnout im Fitnessstudio
2837	Sie ist in einer Buchhandlung.	Sie ist in einem Spielzeugladen.	eine volle Buchhandlung	die Café-Theke einer Buchhandlung
2838	Regenbogen-Glitzer auf ihren Wangen.	Schwarzer Glitzer auf ihren Wangen.	Regenbogen-Glitzer auf den Wangen	Glitzer auf einer Karte
2840	Eine ganze Stadt auf einer Schriftrolle!	Ein ganzer Wald auf einer Schriftrolle!	eine Stadt auf einer Schriftrolle	eine Schriftrolle in einer Flasche
2847	Lungenflügel wie Bäume. Sehr poetisch.	Lungenflügel wie Sterne. Sehr poetisch.	Lungenflügel wie Äste	Lungenflügel auf dem Röntgenbild
2850	Seine Trommeln sind riesig!	Seine Gitarre ist riesig!	ein großes Set Trommeln	eine Öltrommel
2856	So viele Klimaanlagen!	So viele Blumenkästen!	Klimaanlagen an der Wand	eine Klimaanlage im Auto
2859	Sie meditiert in einer Höhle.	Sie meditiert am Strand.	in einer Höhle meditieren	auf einem Berg meditieren
2861	Rate mal, wer ein Buch liest?	Rate mal, wer eine Karte liest?	auf dem Sofa lesen	im Bett lesen
2867	Die Kugel ist voller Funken!	Die Kugel ist voller Wasser!	eine riesige Glaskugel	eine Kugel aus Stein
2877	Er klettert am Seil hoch.	Er klettert eine Leiter hoch.	an einem Seil klettern	auf einen Baum klettern
2887	Das Feuerwerk begrüßt 2025!	Das Feuerwerk begrüßt 2024!	Feuerwerk über den Dächern	Feuerwerk über dem Meer
2890	Heute keine Rentiere, also fährt der Weihnachtsmann Ski.	Heute keine Rentiere, also geht der Weihnachtsmann zu Fuß.	einen Hang hinunter Ski fahren	über einen See Ski fahren
2892	Er hält eine Wunderkerze.	Er hält eine Kerze.	eine brennende Wunderkerze halten	eine Wunderkerze auf einer Torte
2894	Der Mann trägt ein Lamm.	Der Mann trägt einen Hund.	ein weißes Lamm tragen	ein Lamm mit seiner Mutter
2897	Wo ist der Weihnachtsmann? Er hat seinen Schlitten stehen lassen.	Wo ist der Weihnachtsmann? Er hat sein Auto stehen lassen.	ein Schlitten voller Geschenke	ein Schlitten mit Rentieren
2898	Eine Sphinx bewacht die Wüste.	Ein Kamel bewacht die Wüste.	Pyramiden in der Wüste	ein Roadtrip durch die Wüste
2900	Ein riesiger Wolf steht ihr gegenüber.	Ein riesiger Bär steht ihr gegenüber.	ein riesiger leuchtender Wolf	nachts heulende Wölfe
2906	Sie trägt eine große Kiste.	Sie trägt eine große Pflanze.	eine große Kiste tragen	ein Baby tragen
2908	Ein riesiges Buch schwebt.	Ein riesiger Ballon schwebt.	ein riesiges schwebendes Buch	ein Riese aus dem Märchen
2909	Der Wissenschaftler liebt Lila.	Der Wissenschaftler liebt Grün.	das Labor eines verrückten Wissenschaftlers	ein Wissenschaftler im Fernsehen
2910	So viele Bücher! Das Bücherregal ist voll!	So viele Spielsachen! Das Bücherregal ist voll!	ein buntes Bücherregal	ein leeres Bücherregal
2914	Jemand dehnt sich ganz nach oben.	Jemand springt ganz nach oben.	die Arme nach oben dehnen	sich vor dem Laufen dehnen
2915	Das Team pflanzt Blumen.	Das Team pflückt Blumen.	orange Blumen pflanzen	orange Blumen pflücken
2925	Der Schnabel ist lang. So lang.	Der Schnabel ist kurz. So kurz.	ein langer spitzer Schnabel	ein kurzer gebogener Schnabel
2928	Ein Raumschiff fliegt über sie hinweg.	Ein großer Drache fliegt über sie hinweg.	ein riesiges blasses Raumschiff	ein landendes Raumschiff
2937	Der Astronaut schwebt.	Der Astronaut rennt.	ein Astronaut im tiefen All	ein Astronaut auf dem Mond
2942	Da ist ein orangefarbener Planet.	Da ist ein grüner Planet.	ein leuchtend orangefarbener Planet	ein Planet mit Ringen
2949	Ein Astronaut sieht eine Sonnenfinsternis.	Ein Astronaut sieht einen Regenbogen.	eine Sonnenfinsternis beobachten	eine Mondfinsternis
2950	Schmetterlinge fliegen aus dem Radio!	Bienen fliegen aus dem Radio!	ein altes Radio	ein Radiosender
2951	Zwei Hände berühren sich fast!	Zwei Füße berühren sich fast!	zwei Hände, die sich fast berühren	zwei Hände beim Händeschütteln
2952	Gelber Umhang heißt Superheld. Easy.	Roter Umhang heißt Superheld. Easy.	ein Superheld in schwarzer Rüstung	ein Superheld mit Maske
2964	Sie atmet mit geschlossenen Augen.	Sie schläft mit geschlossenen Augen.	im Dunkeln atmen	gegen eine Fensterscheibe atmen
2967	Dieser Tierarzt hat einen glücklichen Patienten!	Dieser Tierarzt hat ein glückliches Kätzchen!	ein Tierarzt mit einer Bulldogge	ein Tierarzt mit einem Kätzchen
2971	So viele Haftnotizen. So „organisiert“.	So viele Fotos. So „organisiert“.	Haftnotizen am Fenster	Haftnotizen am Kühlschrank
2973	Jemand hatte gerade eine Idee!	Jemand hatte gerade einen Kaffee!	eine geniale neue Idee	eine Idee fürs Abendessen
2980	Er benutzt ein riesiges Teleskop.	Er benutzt eine riesige Kamera.	ein riesiges Messingteleskop	ein kleines Plastikteleskop
2981	Dieser Tornado besteht aus Code.	Dieser Tornado besteht aus Staub.	ein Tornado aus Code	ein Tornado über einem Bauernhof
2987	Der goldene Roboter ist „bescheiden“.	Der silberne Roboter ist „bescheiden“.	ein Roboter in goldener Rüstung	ein goldener Ehering
3003	Die Menschenmenge hat die Hände oben.	Die Menschenmenge hat die Hände unten.	eine Menschenmenge mit erhobenen Händen	eine Menschenmenge im Stadion
3019	Das Mädchen lächelt uns an.	Der Junge lächelt uns an.	in die Kamera lächeln	einen Hund anlächeln
3022	Schach ist ein kleines bisschen schwierig.	Poker ist ein kleines bisschen schwierig.	eine Partie Schach	ein Schachclub
3024	Sie halten Händchen.	Sie klatschen in die Hände.	von hinten Händchen halten	am Tisch Händchen halten
3027	Er heilt den alten Mann.	Er heilt den jungen Mann.	die Augen eines alten Mannes heilen	das Bein eines jungen Mannes heilen
3034	Sie lernt allein.	Sie schläft allein.	im Unterricht lernen	in der Bibliothek lernen
3035	Die Schüler schreiben einen Test.	Die Schüler spielen ein Spiel.	einen Test schreiben	eine Führerscheinprüfung
3040	Dieser Stapel Arbeit ist krass!	Dieser Stapel Essen ist krass!	ein Stapel Papiere	ein Stapel Klamotten
3041	Er sieht an seinem Schreibtisch besorgt aus.	Er sieht in seinem Bett besorgt aus.	ein besorgter Junge bei der Arbeit	besorgt wegen des Wetters
3049	Er hat eine große Frage.	Er hat ein großes Sandwich.	eine Frage in einer Sprechblase	eine Frage im Test
3052	Er denkt nach, statt zu arbeiten.	Er schläft, statt zu arbeiten.	an einem Schultisch denken	an einem Küchentisch denken
3057	Er geht durch den Park.	Er rennt durch den Park.	einen Weg entlanggehen	einen Strand entlanggehen
3059	Nordlichter sind ein Vibe.	Das Feuerwerk ist ein Vibe.	Nordlichter über Bergen	Nordlichter über einer Stadt
3061	Sie schwebt über einer Schallplatte.	Sie schwebt über einem Klavier.	eine drehende Schallplatte	einen Weltrekord brechen
3062	Der DJ mixt Platten.	Der DJ signiert Platten.	ein DJ an den Plattentellern	ein DJ im Radio
3063	Sie hört Musik.	Sie hört auf dem Sofa Musik.	mit Kopfhörern Musik hören	einem Lehrer zuhören
3064	Sie öffnet die Vorhänge!	Sie schließt die Vorhänge!	die Vorhänge öffnen	die Haustür öffnen
3070	Über den Händen ist ein Baum.	Über den Händen ist eine Katze.	zwei offene, hohle Hände	zwei Hände in den Hosentaschen
3072	Moment. Katzen können Laub harken?	Moment. Hunde können Laub harken?	Herbstlaub harken	den Sand glatt harken
3078	Sie brät Eier wie ein Profi.	Sie brät Fisch wie ein Profi.	Eier in der Pfanne braten	Eier im Topf kochen
3079	Er trinkt aus einem Becher.	Er trinkt aus einer Flasche.	aus einem Becher trinken	aus der Flasche trinken
3082	Die Ballerina steht auf einer Zehenspitze!	Die Ballerina steht auf beiden Füßen!	eine Ballerina auf einer Zehenspitze	eine Ballerina auf der Bühne
3087	Sie schüttet Tierfutter ein.	Sie schüttet Orangensaft ein.	Tierfutter einschütten	heißen Tee eingießen	loc gießen is for liquids; dry pet food takes schütten
3089	Sie hat Kekse gebacken. Für mich?	Sie hat einen Kuchen gebacken. Für mich?	gebackene Schokokekse	gebackene Brötchen
3090	Sie trägt ihre Lebensmittel nach Hause.	Sie trägt ihre Wäsche nach Hause.	eine Tüte mit Lebensmitteln	Lebensmittel auf dem Fahrrad
3098	Zwei Burger beim Barbecue.	Zwei Steaks beim Barbecue.	ein Barbecue im Garten	ein Barbecue am Strand
3101	Sie springt so hoch!	Sie schwimmt so schnell!	über ein Seil springen	in einen See springen
3118	Er schwingt seine Axt!	Er schwingt seinen Schläger!	eine Axt im Baum	eine Axt an der Wand
3119	Die Fee hat goldene Flügel.	Die Fee hat schwarze Flügel.	eine Fee mit goldenen Flügeln	eine Fee mit Zauberstab
3122	Nur acht Stücke Pizza.	Nur sechs Stücke Pizza.	eine Pizza in acht Stücken	eine Pizza im Karton
3124	Der Hotdog hat Senf.	Der Hotdog hat Ketchup.	ein Hotdog mit Senf	ein Hotdog mit Ketchup
3125	Heiße Schokolade mit Sahne!	Heißer Kaffee mit Sahne!	ein Becher heiße Schokolade	ein heißer Schokoladenkuchen
3126	Der Boxer guckt mega ernst.	Der Boxer guckt mega müde.	ein Boxer mit roten Handschuhen	mit einem Boxer Gassi gehen
3127	Er wirft ihn gleich superschnell!	Er tritt ihn gleich superschnell!	einen Baseball werfen	den Handschuh wegwerfen
3132	Er wandert mit einem Stock.	Er wandert mit einem Hund.	einen Berg hinaufwandern	am Strand entlangwandern	FP pun hike up the prices does not travel; used a wrong-place hiking label
3135	Sie gewinnt das Rennen!	Sie verliert das Rennen!	ein Laufrennen gewinnen	ein Schwimmrennen gewinnen
3136	Sie schwimmt in einem See.	Sie schwimmt in einem Pool.	in einem See schwimmen	im Meer schwimmen
3141	Die Gruppe hat ein Meeting.	Die Gruppe hat eine Party.	eine Gruppe im Kreis	eine Gruppe in einer Reihe
3143	Er färbt Stoff blau.	Er färbt Stoff rot.	Stoff blau färben	sich die Haare blau färben
3144	Er webt Stoff.	Er webt einen Korb.	am Webstuhl weben	sich durch den Stau schlängeln
3145	Er arbeitet an einem hohen Webstuhl.	Er arbeitet an einem hohen Schreibtisch.	an einem Holzwebstuhl weben	an einer Nähmaschine nähen
3147	Blaues Tuch trocknet auf einer Leine über der Gasse.	Blaues Papier trocknet auf einer Leine über der Gasse.	blaues Tuch auf der Leine	ein Tuch für den Tisch
3148	Die Frauen ernten.	Die Frauen tanzen.	goldene Halme ernten	Äpfel ernten
3157	Er hält einen roten Ziegel hoch.	Er hält einen roten Helm hoch.	eine halb fertige Ziegelmauer	ein Ziegelhaus am Meer
3158	Der Arbeiter schweißt Stahl.	Der Arbeiter lackiert Stahl.	eine Stahlplatte schweißen	ein kaputtes Fahrrad schweißen
3163	Sie wäscht sich die Hände.	Sie wäscht sich das Gesicht.	sich die Hände waschen	das Geschirr abwaschen
3164	Zeit, dir die Zähne zu putzen!	Zeit, dir die Haare zu bürsten!	sich die Zähne putzen	sich die Haare bürsten
3171	So ein „hilfreicher“ Wegweiser.	So eine „hilfreiche“ Karte.	ein alter hölzerner Wegweiser	ein alter hölzerner Zaunpfahl
3176	Sie sitzt unter einem Baum.	Sie sitzt in einem Baum.	unter einem Baum sitzen	auf einem Ast sitzen
3180	Sie läuft auf einem Bein Schlittschuh!	Sie fährt auf einem Bein Ski!	auf einem See Schlittschuh laufen	im Park Schlittschuh laufen
3188	Jemand betet auf einer Matte.	Jemand schläft auf einer Matte.	auf einer Matte beten	in einer Kirche beten
3191	Die Katze wollte nicht umarmt werden.	Der Hund wollte nicht umarmt werden.	eine große Katze umarmen	einen großen Hund umarmen
3192	Nur ihre Augen sind zu sehen.	Nur ihr Mund ist zu sehen.	nur die Augen sichtbar	im Schlaf geschlossene Augen
3194	Der Zahnarzt hat einen Bohrer. Hilfe!	Der Zahnarzt hat ein Messer. Hilfe!	ein Zahnarzt mit Bohrer	eine Zahnärztin beim Zähneputzen
3195	Er arbeitet immer noch. Armer Kerl.	Er isst immer noch. Armer Kerl.	spätabends arbeiten	spätabends trainieren
3197	Sie tagträumt von Tee, Büchern und Musik.	Sie tagträumt von Autos, Büchern und Musik.	am Tisch tagträumen	im Bett tagträumen
3198	Ihr Fernseher ist ein Aquarium.	Ihr Fernseher ist ein Kamin.	Fische im Aquarium	Fisch auf dem Teller
3199	Diese Doppelspirale ist DNA.	Diese Doppelspirale ist ein Seil.	eine leuchtende DNA-Spirale	ein DNA-Testkit
3200	Der Brief ist in der Mitte.	Das Handy ist in der Mitte.	ein handgeschriebener Brief	ein gedruckter Brief
3207	Wer braucht eine Lampe? Die Pflanze leuchtet.	Wer braucht eine Lampe? Das Buch leuchtet.	eine leuchtende kleine Pflanze	ein leuchtendes Feuer
3216	Sie rennen Seite an Seite.	Sie tanzen Seite an Seite.	Seite an Seite rennen	zum Bus rennen
3222	Eine Katze schläft wie ein König.	Ein Hund schläft wie ein König.	im Sessel schlafen	im Körbchen schlafen
3235	Guck mal, der Koala hat Rosen.	Guck mal, der Koala hat Karotten.	ein Koala mit Rosen	ein Koala, der Blätter frisst
3240	Er schreit uns an!	Er singt uns an!	in ein Megafon schreien	einen Hund anschreien
3242	Popcorn im Bett mit Fernbedienung? Diese Katzen haben's verstanden.	Pizza im Bett mit Fernbedienung? Diese Katzen haben's verstanden.	Popcorn im Bett	Popcorn im Kino
3243	Das Netzwerk leuchtet blau.	Das Netzwerk leuchtet rot.	ein leuchtend blaues Netzwerk	ein TV-Netzwerk
3256	Die Band rockt den Club!	Die Band rockt den Strand!	eine Band auf der Bühne	eine Band im Stadion
3266	Sie fährt an der Bucht entlang.	Sie fährt am Fluss entlang.	am Meer entlangfahren	an den Gleisen entlangfahren
3269	Sie entspannt auf dem Dach.	Sie entspannt am Strand.	im Liegestuhl entspannen	in der Badewanne entspannen
3272	High Heels, Aktentasche: absolute Chefin!	High Heels, Rucksack: absolute Chefin!	eine Aktentasche aus Leder tragen	eine Aktentasche voller Geld
3274	Der Tischtennisschläger ist rot.	Der Tischtennisschläger ist schwarz.	eine Tischtennisplatte	Tischtennis im Fernsehen
3277	Das Kind hält einen Stern!	Das Kind hält eine Lampe!	einen leuchtenden Stern halten	eine leuchtende Lampe halten
3278	Das Paar umarmt sich.	Das Paar tanzt.	ein Paar, das sich umarmt	ein paar Freunde
3281	Der Drachen macht die ganze Arbeit.	Das Boot macht die ganze Arbeit.	von einem Drachen gezogen	ein Drachen im Park
3283	Die Möwe ist jetzt Touristin.	Die Taube ist jetzt Touristin.	eine Möwe auf dem Steg	eine Möwe auf einem Boot
3285	Ihr Kostüm hat Spielzeugpapageien!	Ihr Kostüm hat Spielzeugschlangen!	ein Kostüm mit Obst-Kopfschmuck	ein Halloween-Kostüm
3288	Sie laufen auf Stelzen.	Sie laufen auf einer Bühne.	auf hohen Stelzen laufen	Häuser auf Stelzen
3293	Sie boxt, Handschuh ganz oben!	Sie boxt, Handschuh ganz unten!	im Ring boxen	ein Ticket entwerten
3294	Er tritt gleich gegen den Ball!	Er wirft gleich den Ball!	kurz davor, den Ball zu treten	eine Tür auftreten
3301	Er steuert das Schiff.	Er steuert das Auto.	ein großes Schiff steuern	ein kleines Auto steuern
3303	Sein Papierflieger fliegt!	Sein Drachen fliegt!	einen Papierflieger werfen	einen Papierflieger falten
3304	Der Hockeyschläger ist für den Puck, glaub ich.	Der Hockeyschläger ist für den Ball, glaub ich.	ein Hockeyschläger auf dem Eis	ein kaputter Hockeyschläger
3306	Dem Hahn gehört die Welt.	Dem Adler gehört die Welt.	ein Hahn auf einem Globus	ein Hahn auf einem Zaun
3311	Sie geht in einen Tunnel.	Sie geht in einen See.	ein Tunnel aus Fels	ein Tunnel unter einem Fluss
3313	Was für ein „volles“ Stadion.	Was für ein „voller“ Strand.	ein leeres Stadion	ein volles Stadion
3314	Sie joggt mit Kopfhörern.	Sie joggt mit einem Hund.	eine Straße entlangjoggen	am Strand entlangjoggen
3317	Das Alpaka will mit aufs Foto.	Das Pferd will mit aufs Foto.	ein neugieriges braunes Alpaka	ein schlafendes braunes Alpaka
3323	Das kleine Nilpferd ist sehr beschäftigt.	Der kleine Löwe ist sehr beschäftigt.	ein ruhendes Nilpferdbaby	ein schwimmendes Nilpferdbaby
3325	Magie sprüht aus einem alten Buch!	Magie sprüht aus einer alten Tasse!	Magie aus einem alten Buch	eine Zaubershow auf der Bühne
3341	Ein Typ hat eine goldene Trompete.	Ein Typ hat eine goldene Geige.	eine goldene Trompete	Trompete spielen
3346	Zwei Leute sind in einer Bibliothek.	Zwei Leute sind in einer Küche.	zwei Leute in einer Bibliothek	ein Bibliotheksausweis
3357	Ein hoher Stuhl am Netz.	Eine hohe Leiter am Netz.	ein Netz quer über den Platz	ein Netz zum Fischen
3362	Bro, der Waschbär starrt.	Bro, die Katze starrt.	ein Waschbär auf einem Sims	ein Waschbär in der Mülltonne
3368	Das Faultier hat keine Eile.	Der Koala hat keine Eile.	ein lächelndes Faultier	ein schlafendes Faultier
3369	Es riecht an einer blauen Blume.	Es riecht an einer roten Blume.	an einer Blume riechen	an der Suppe riechen
3379	Er rennt zum Ball.	Er rennt vom Ball weg.	zum Ball rennen	ein Ball am Himmel
3382	Yo, dieser Papagei ist ein Pirat.	Yo, dieser Papagei ist ein Koch.	ein Papagei mit Augenklappe	ein Papagei im Käfig
3383	Ein Küken surft auf einer Welle!	Eine Ente surft auf einer Welle!	ein surfendes Küken	ein Küken im Ei
3390	Sie küssen sich zwischen Rosen.	Sie küssen sich am Strand.	sich im Rosengarten küssen	sich auf einer Brücke küssen
3392	Die Eule hat Nachtschicht.	Die Eule hat Tagschicht.	eine Eule im Schnee	eine weiße Eule im Flug
3395	Nebel verhüllt die Berge.	Nebel verhüllt die Stadt.	dichter Nebel auf den Gipfeln	Nebel auf dem Badezimmerspiegel
3401	Die Ampel hat Blumen!	Die Ampel hat Kerzen!	eine Ampel mit Blumen	eine kaputte Ampel
3406	Jemand taucht mit einem Seeungeheuer!	Jemand taucht mit einem Hai!	über einem Riff tauchen	von einer Klippe springen
3412	Sie hebt Gewichte im roten Kleid!	Sie hebt Gewichte im roten Mantel!	eine Langhantel heben	einen Koffer heben
3418	Sie haut gleich aufs Schlagzeug.	Sie haut gleich auf den Gong.	Schlagzeug spielen	das Schlagzeug tragen
3419	Er bläst in eine Trompete.	Er bläst in eine Pfeife.	eine goldene Trompete blasen	eine goldene Trompete putzen
3420	Der Kontrabass ist größer als sie.	Der Kontrabass ist kleiner als sie.	einen Kontrabass streichen	einen Kontrabass tragen
3422	Sie leitet das Orchester.	Sie leitet den Chor.	ein Orchester leiten	in einem Orchester spielen
3423	Sie zupft die Harfe.	Sie zupft die Gitarre.	eine große Harfe zupfen	eine große Harfe tragen
3424	Der Dirigent hält einen Taktstock.	Der Dirigent hält eine Flöte.	ein Dirigent im Frack	ein Dirigent im Zug	FP pun conductor/train conductor does not exist in German; kept Dirigent in a train
3428	Sie spielt wunderschön Geige.	Sie spielt wunderschön Cello.	Geige spielen	die Geige stimmen
3431	Sie spielt Klarinette.	Sie spielt Trompete.	in eine Klarinette blasen	eine Klarinette putzen
3435	Zwei Höhlen in der Klippe.	Zwei Höhlen im Sand.	eine Meereshöhle in den Klippen	eine Höhle voller Fledermäuse
3441	Sie lehnt an Wassermelonen.	Sie lehnt an Kürbissen.	eine Kiste Wassermelonen	ein Stand mit Wassermelonensaft
3447	Eine Statue unter der Milchstraße.	Eine Statue unter einem Regenbogen.	eine Steinstatue bei Nacht	eine Statue im Park
3458	Steinköpfe unter den Sternen.	Steinköpfe unter der Sonne.	Sterne über Steinköpfen	Sterne auf einer Flagge
3463	Er paddelt ein Kanu.	Er paddelt ein Floß.	ein Kanu im Sonnenuntergang paddeln	ein Kanu im Sonnenuntergang tragen
3469	Der Gepard macht Pause.	Der Gepard nimmt ein Bad.	ein Gepard im Sonnenuntergang	ein rennender Gepard
3470	Eine riesige orange Düne aus Sand.	Eine riesige weiße Düne aus Sand.	der geschwungene Kamm einer Düne	eine Düne am Meer
3472	Schönes Kleid! Sie dreht sich darin.	Schöner Hut! Sie dreht sich darin.	sich im roten Kleid drehen	sich im blauen Kleid drehen
3473	Der Flamingo steht im Wasser.	Der Flamingo steht in einem Baum.	ein Flamingo im Wasser	ein Flamingo im Flug
3479	Eine pinke Handtasche, ein ruhiges Café.	Ein pinker Laptop, ein ruhiges Café.	eine Handtasche auf dem Tisch	eine Handtasche im Laden
3482	Sie chillt auf den Stufen.	Sie schläft auf den Stufen.	sonnige Steinstufen	Stufen einer Rolltreppe
3485	Sie berührt den Elefanten.	Sie berührt den Tiger.	einen Elefanten berühren	einen Baumstamm berühren
3486	Sie trinkt aus einer Kokosnuss.	Sie trinkt aus einer Flasche.	eine Kokosnuss mit Strohhalm	eine Kokosnuss öffnen
3489	Wein im Boot? Sie lacht.	Wein im Auto? Sie lacht.	im Boot lachen	über ein Boot lachen
3493	Sie hinterlässt Fußspuren.	Sie hinterlässt Blumen.	eine Reihe Fußspuren	Fußspuren im Schnee
3494	Sie dehnt sich Richtung Sonne.	Er dehnt sich Richtung Sonne.	beide Arme nach oben dehnen	ein Gummiband dehnen
3497	Sie läuft in den Sonnenuntergang. Klassiker.	Sie läuft ins Meer. Klassiker.	in den Sonnenuntergang laufen	Sonnenuntergang vom Auto aus
3513	Der Schleier der Braut ist sehr lang.	Der Schleier der Braut ist sehr dunkel.	der lange Schleier einer Braut	eine Braut mit Brautstrauß
3516	In der Vase steht eine Blume.	In der Vase stehen zehn Blumen.	eine Vase im Regal	eine Vase auf dem Tisch
3519	Der weiße Ohrring ist wunderschön.	Die weiße Kette ist wunderschön.	ein weißer Tropfen-Ohrring	ein Ohrring auf dem Boden
3522	Fakt: Diese Qualle leuchtet.	Fakt: Dieser Seestern leuchtet.	eine leuchtende Qualle	eine Qualle am Strand
3541	Ein hoher Wasserfall, ein winziger See.	Ein hoher Wasserfall, ein winziges Boot.	ein Wasserfall von einer Klippe	ein Wasserfall im Garten
3548	Sie raucht im Smoking.	Sie raucht im Kleid.	eine Zigarette rauchen	Pfeife rauchen
3552	Japan im Frühling, der Fuji dahinter.	Japan im Winter, der Fuji dahinter.	eine Frühlingsgasse in Japan	ein Reiseführer für Japan
3556	Die Lamas haben sich fürs Foto schick gemacht.	Die Ziegen haben sich fürs Foto schick gemacht.	Lamas mit Decken	Lamas im Schnee
3559	Winzige Insel, null Nachbarn.	Winzige Insel, null Kakteen.	eine winzige Felseninsel	eine Insel mit Hotel
3561	Der Esel macht die Lieferungen.	Das Pferd macht die Lieferungen.	einen beladenen Esel führen	auf einem beladenen Esel reiten
3562	Das alte Ägypten am Nil.	Das alte Ägypten im Schnee.	das alte Ägypten am Nil	ein Urlaubsfoto aus Ägypten
3564	Die Rentiere sind im Schnee.	Die Rentiere sind am Strand.	Rentiere im Schnee	Rentiere vor einem Schlitten
3567	Eine rote Sonne hängt über Peru.	Eine gelbe Sonne hängt über Peru.	die Ruinen von Peru	die Flagge von Peru
3572	Die Frauen pflücken Tee.	Die Frauen pflücken Äpfel.	Teeblätter pflücken	Blumen pflücken
3585	Ein Zebra macht Mittagspause.	Ein Zebra nimmt ein Bad.	Zebras auf einem Hügel	Zebras in einem Fluss
3586	Die Landschildkröte hat es eilig.	Die Krabbe hat es eilig.	eine riesige Landschildkröte	eine Landschildkröte im Wasser
3589	Der Gorilla chillt einfach.	Der Gorilla isst einfach.	ein Gorilla im Bambus	ein Gorilla trommelt auf die Brust
3590	Ein Strauß läuft über den Sand.	Ein Kamel läuft über den Sand.	ein Strauß in der Wüste	ein Strauß versteckt den Kopf
3592	Beide trainieren richtig hart.	Beide tanzen richtig wild.	zusammen trainieren	einen Hund trainieren
3598	Ihr lockiges Haar ist mit blauem Stift gemalt.	Ihr lockiges Haar ist mit rotem Stift gemalt.	lockiges Haar in blauem Stift	lockiges Haar in roter Farbe
3619	Ein Adler ist über dem Fluss.	Ein Adler ist über der Stadt.	ein Adler über dem Fluss	ein Adler über den Bergen
3629	Sie schütteln sich die Hand wie in Star Wars!	Sie kämpfen wie in Star Wars!	einem Alien die Hand schütteln	einem Roboter die Hand schütteln
3633	Im All treiben? Nein, im Pool.	Im All treiben? Nein, in einem See.	auf dem Rücken treiben	im offenen All treiben
3638	Job im All: den Boden wischen.	Job im All: den Boden streichen.	einen glänzenden Boden wischen	verschütteten Kaffee aufwischen
3639	Bester Platz im All: ein roter Hocker.	Bester Platz im All: ein blauer Hocker.	auf einem roten Hocker sitzen	ein Hocker im Bad
3640	Die Lampe leuchtet ins All.	Die Lampe leuchtet auf ein Schiff.	einen Strahl ins All leuchten	ein Licht auf einem Schiff
3641	Sogar auf diesem Planeten: ein Verkaufsautomat!	Sogar auf diesem Planeten: ein Café!	ein beleuchteter Verkaufsautomat	ein kaputter Verkaufsautomat
3642	Er zieht einen Planeten!	Er zieht eine Rakete!	an einer Schnur ziehen	einen Zahn ziehen
3644	Er gießt eine winzige Pflanze.	Er gießt einen hohen Baum.	einen winzigen Setzling gießen	einen großen Garten gießen
