4715	Slang	Bro, the rubber bands won. The melon is gone.	Bro, the rubber bands won. The pumpkin is gone.
5012	Chill	Two couples kiss in Paris. Very romantic.	Two couples kiss in London. Very romantic.
5447	Dramatic	No houses, no cars! Just a truck and a desert!	No houses, no cars! Just a truck and a jungle!
5134	Chill	Mum feeds the baby and dad holds the high chair.	Dad feeds the baby and mum holds the high chair.
18	Chill	She washes the roots, then replants the seedling.	She cuts the roots, then throws the seedling away.
272	Nerd	Remarkably, the water evaporates. The pan is dry.	Remarkably, the water freezes. The pan is icy.
4209	Gossip	So apparently one hamster works while one sleeps.	So apparently both hamsters are fast asleep.
3383	Slang	Bro, that chick is surfing on a wave.	Bro, that kitten is surfing on a wave.
4442	Flirt	Honestly, your white shoes match the dress.	Honestly, your red boots match the dress.
5082	Flirt	Two big buns? Honestly, your style is iconic.	Two long braids? Honestly, your style is iconic.
344	Flirt	Your gold chain and bangles? Honestly, so stylish.	Your silver chain and rings? Honestly, so stylish.
5229	Flirt	You throw snow in a fur coat? Honestly, iconic.	You throw sand in a fur coat? Honestly, iconic.
4996	Flirt	Your ice cream by the Leaning Tower? Iconic.	Your ice cream by the Eiffel Tower? Iconic.
1906	Flirt	Your blue hair and green robe? Honestly, iconic.	Your pink hair and green robe? Honestly, iconic.
2202	Flirt	Your white blazer, black shirt? Honestly, classy.	Your black blazer, white shirt? Honestly, classy.
