4359	Dramatic	He trips and his shopping explodes. Tragic!	He trips and his flowers go everywhere. Tragic!
4715	Slang	Bro, the rubber bands won. The melon is gone.	Bro, the rubber bands won. The pumpkin is gone.
4302	Chill	Two paramedics push a stretcher in the rain.	Two paramedics push a stretcher in the snow.
4914	Flirt	Honestly, you play guitar and the plaza stops.	Honestly, you play violin and the plaza stops.
4323	Chill	A couple dances in a narrow, colourful lane.	A couple dances on a wide, empty beach.
4194	Low IQ	The jeep is small, so her legs do not fit.	The jeep is huge, so her legs fit easily.
4338	Dramatic	The cash machine is throwing money everywhere!	The cash machine is throwing coins everywhere!
5012	Chill	Two couples kiss in Paris. Very romantic.	Two couples kiss in London. Very romantic.
5421	Slang	Bro, that bin is way too full. Take it out.	Bro, that bin is totally empty. Nice job.
4619	Low IQ	The chicken is raw because nobody cooked it.	The chicken is cooked because it is on a plate.
4442	Flirt	Honestly, your white shoes match the dress.	Honestly, your red boots match the dress.
4674	Dramatic	So much dust on those shelves! A total disaster!	So much water on those shelves! A total disaster!
4381	Chill	A sunny day, and a girl runs along the beach.	A snowy day, and a girl runs along the beach.
5224	Slang	Dude, the king even has his own band.	Dude, the queen even has her own band.
4304	Chill	A man in a cap throws an oval ball.	A man in a cap throws a frisbee.
5308	Chill	She opens the door and gets huge sunflowers.	She opens the door and gets a huge pizza.
4350	Business	Status update: 100% of the cows have bells.	Status update: 100% of the cows are black.
5082	Flirt	Two big buns? Honestly, your style is iconic.	Two long braids? Honestly, your style is iconic.
5447	Dramatic	No houses, no cars! Just a truck and a desert!	No houses, no cars! Just a truck and a jungle!
5134	Chill	Mum feeds the baby and dad holds the high chair.	Dad feeds the baby and mum holds the high chair.
4289	Low IQ	The air conditioner is on, so she is cold.	The fridge is open, so she is cold.
5406	Slang	Sis stepped right on a shell. That hurts.	Sis stepped right on a crab. That hurts.
4673	Ironic	He is slightly struggling with that dumbbell.	He is slightly struggling with that heavy box.
618	Gossip	Okay so, apparently a rope saved their cart.	Okay so, apparently a horse saved their cart.
5088	Chill	A boy yawns at the window as the sun comes up.	A boy yawns at the window as the moon comes up.
301	Ironic	A bird lands on his head. Mildly stressful.	A frog lands on his head. Mildly stressful.
4970	Dramatic	Fireworks and flags! The whole town is screaming!	Fireworks and flags! The whole town is sleeping!
331	Flirt	You picked up her oranges? Honestly, so classy.	You picked up her apples? Honestly, so classy.
4663	Chill	One big drop is falling onto her forehead.	One big drop is falling onto her hand.
852	Business	All plates delivered, 100% happy clients.	All plates dropped, 0% happy clients.
4544	Ironic	Desert on the left, ice on the right. Not ideal.	Ice on the left, desert on the right. Not ideal.
609	Chill	Two hikers lie on the grass and do not get up.	Two hikers run down the hill without a break.
4824	Low IQ	She has no real horse, so she runs on her legs.	She has a real horse, so she rides it.
877	Gossip	Guess what? Apparently she won the mud race.	Guess what? Apparently she lost the mud race.
4567	Chill	She coughs into her elbow, not into her hand.	She coughs into her hand, not into her elbow.
318	Chill	Her ice cream falls, so her friend shares hers.	Her pizza falls, so her friend shares hers.
4819	Gossip	Listen, I heard a boy helped her in the rain.	Listen, I heard a boy helped her in the snow.
121	Ironic	His pancake is slightly black. No big deal.	His pancake is slightly pink. No big deal.
4446	Chill	Two glasses touch in a warm, old pub.	Two cups of coffee touch in a warm, old pub.
768	Dramatic	They row together and win! Absolutely epic!	They row alone and lose! Absolutely tragic!
5319	Low IQ	The spider made the web, so it lives there.	The spider sits on a flower, far from its web.
140	Chill	They unroll a green carpet and lie on it.	They unroll a red carpet and lie on it.
5136	Gossip	Guess what? Apparently they are all shouting.	Guess what? Apparently they are all sleeping.
344	Flirt	Your gold chain and bangles? Honestly, so stylish.	Your silver chain and rings? Honestly, so stylish.
4423	Nerd	Observation: the barrier is raised, not lowered.	Observation: the barrier is lowered, not raised.
773	Dramatic	His fever is so high she throws ice on him!	His fever is so high he throws ice on her!
4420	Nerd	A detailed drawing of one human thigh bone.	A detailed drawing of one human skull.
220	Business	Fish defrosted in 1 bowl of water. Target met.	Fish defrosted in 1 microwave. Target met.
4528	Chill	Old graves stand around a church at night.	Old graves stand around a castle at night.
566	Dramatic	He dumps sludge in the river. The fish flee!	He dumps sludge in the river. The ducks flee!
5289	Nerd	Observation: one drop of water sits on dry skin.	Observation: three drops of water sit on dry skin.
322	Gossip	Okay so, I heard she bet on red and won a lot.	Okay so, I heard she bet on black and won a lot.
4492	Ironic	A huge gold dome. Barely noticeable, right?	A huge silver dome. Barely noticeable, right?
479	Nerd	Observation: she plans every move, then wins.	Observation: she plans every move, then loses.
5229	Flirt	You throw snow in a fur coat? Honestly, iconic.	You throw sand in a fur coat? Honestly, iconic.
754	Slang	Bro, her friend literally pushed her up. Respect.	Bro, she did the pull-up alone. No help. Respect.
4286	Low IQ	It is hot, so she uses a fan to feel cooler.	It is hot, so she uses an umbrella to feel cooler.
18	Chill	She washes the roots, then replants the seedling.	She cuts the roots, then throws the seedling away.
5476	Chill	A woman carries blankets through broken concrete.	A woman carries blankets through deep snow.
272	Nerd	Remarkably, the water evaporates. The pan is dry.	Remarkably, the water freezes. The pan is icy.
4312	Ironic	He shouts to an audience of zero. Great plan.	He shouts to a crowd of hundreds. Great plan.
69	Business	Deliverable: 1 heavy barbell, lifted.	Deliverable: 1 heavy sofa, lifted.
5494	Chill	He drives his wheelchair along an autumn path.	He drives his wheelchair along a snowy path.
70	Gossip	Okay so, apparently the huge beard is gone now.	Okay so, apparently the huge beard is longer now.
5443	Chill	Hundreds of people hold hands down the street.	Hundreds of people hold candles down the street.
269	Low IQ	She wants the bike because she is on the bus.	She wants the bus because she is on a bike.
4799	Flirt	Tying your own bow tie? Honestly, respect.	Tying your own shoelaces? Honestly, respect.
5434	Business	5 devices on, 0 problems. Great KPI.	1 device on, the room stays dark. Bad KPI.
4682	Business	1 trader, 1 brass scoop, zero wasted turmeric.	1 trader, 1 brass scoop, zero wasted coffee.
4415	Gossip	Okay so, apparently one note made her blush.	Okay so, apparently one note made her cry.
4646	Nerd	Observation: two rings, two hands, one table.	Observation: three rings, two hands, one table.
5370	Slang	Paddle, walk, cinnamon bun. Perfect day, bro.	Paddle, walk, pizza. Perfect day, bro.
5055	Nerd	Anatomical sketch: a pair of lungs, nothing else.	Anatomical sketch: a human heart, nothing else.
4985	Business	9 screens installed on 1 wall. Project done.	3 screens installed on 1 wall. Project done.
4687	Gossip	Listen, apparently she handed him some envelopes.	Listen, apparently she handed him some flowers.
4870	Ironic	Face full of shaving foam. Truly a flawless look.	Face full of blue paint. Truly a flawless look.
5104	Chill	Two neighbours chat over the garden fence.	Two neighbours chat on a busy city street.
4260	Dramatic	A dark figure stands in the doorway. Terrifying!	A dark figure sits on the bed. Terrifying!
5111	Chill	A nurse fixes the pillow of a sick child.	A nurse fixes the pillow of a sick old man.
4560	Nerd	Observation: eight rowers move in exact unison.	Observation: four rowers move in exact unison.
4996	Flirt	Your ice cream by the Leaning Tower? Iconic.	Your ice cream by the Eiffel Tower? Iconic.
4537	Ironic	The flat is spotless now. She is slightly tired.	The flat is still a mess. She is slightly tired.
4629	Dramatic	Sand forever! Not a single tree in sight!	Snow forever! Not a single tree in sight!
4209	Gossip	So apparently one hamster works while one sleeps.	So apparently both hamsters are fast asleep.
5041	Dramatic	Lightning hits the roof! Total chaos!	Lightning hits the river! Total chaos!
4193	Slang	Dude, the whole driveway opens up for his car.	Dude, the whole lawn opens up for his car.
4995	Nerd	Documented: stone figures on a fountain in Pisa.	Documented: bronze horses on a fountain in Pisa.
4942	Dramatic	He is finally home! Everyone is screaming!	He is finally leaving! Everyone is crying!
2481	Chill	A teacher holds a globe with both hands.	A teacher holds a map with both hands.
990	Business	Chef on task: 1 dish, 1 pair of tweezers.	Chef on task: 1 dish, 1 big spoon.
2818	Low IQ	The table is full of money because she has money.	The table is full of coins because she is rich.
2367	Slang	Bro, that car needs a wash, like, now.	Bro, that car is so clean it shines.
1906	Flirt	Your blue hair and green robe? Honestly, iconic.	Your pink hair and green robe? Honestly, iconic.
1242	Low IQ	She hangs the picture on the wall, not the floor.	She hangs the mirror on the wall, not the floor.
2350	Dramatic	Three glowing pumpkins and a haunted house!	Five glowing pumpkins and a haunted house!
2622	Nerd	Remarkably, a tiny green statue holds a torch.	Remarkably, a tiny green statue holds a sword.
2202	Flirt	Your white blazer, black shirt? Honestly, classy.	Your black blazer, white shirt? Honestly, classy.
2137	Ironic	Golden halo, huge wings. A slightly dramatic look.	Golden halo, tiny wings. A slightly dramatic look.
1131	Nerd	Observation: both heels are lifted off the floor.	Observation: both heels are flat on the floor.
3383	Slang	Bro, that chick is surfing on a wave.	Bro, that kitten is surfing on a wave.
