94	İlk göz kırpan oğlan oldu. Kız kazandı!	İlk göz kırpan kız oldu. Oğlan kazandı!	ilk göz kırpan olmak	güneşe karşı göz kırpmak
137	Kanyon yankıyla cevap veriyor!	Orman yankıyla cevap veriyor!	dar bir kanyon	yukarıdan bir kanyon
196	Karşıya cesareti sayesinde geçti!	Karşıya zipline sayesinde geçti!	cesaretle karşıya geçmek	aşağı atlama cesareti
220	Balığın buzunu çözdü.	Tavuğun buzunu çözdü.	buzu çözülmüş balık filetosu	araba camının buzunu çözmek
274	Herkes ayakta!	Herkes yerinde oturuyor!	aynı anda coşan herkes	erkenden giden herkes
327	Burada bahçe işleri ekip işi.	Burada yemek yapmak ekip işi.	yükseltilmiş tarhta bahçe işleri	balkonda bahçe işleri
385	Topu gökyüzüne doğru yükseğe vurdu!	Topu çimenlere doğru alçaktan vurdu!	topa yükseğe vurmak	topa vurup suya göndermek
440	Halteri havaya kaldırıyor! Ağırlık kaldırma bu!	Kanepeyi havaya kaldırıyor! Ağırlık kaldırma bu!	ağır halter kaldırmak	küçük bir çocuğu kaldırmak
506	Tabakları tam sağlıklı beslenme.	Tabakları tamamen şeker.	sağlıklı beslenme tabağı	kutudaki besin değerleri
584	Kız, oğlanın haksız olduğunu kanıtladı. Kolay.	Oğlan, kızın haksız olduğunu kanıtladı. Kolay.	oğlanın haksız olduğunu kanıtlamak	kızın haksız olduğunu kanıtlamak
621	Sıra kusursuz şekilde düz.	Sıra kusursuz şekilde yuvarlak.	düz bir sıraya dikmek	ön sırada oturmak
631	Salataları çok seri yapıyor.	Pastaları çok seri yapıyor.	taze salata karıştırmak	kutuda salata
654	Bir sırrı fısıldayarak söylüyor.	Bir sırrı bağıra bağıra söylüyor.	sır fısıldamak	sır yazmak
660	Kuaförü kim ne yapsın? Leğen yeter.	Kuaförü kim ne yapsın? Kova yeter.	leğende saç yıkamak	leğende bulaşık yıkamak
718	Kazlar güneye uçuyor.	Kazlar güneye yürüyor.	kuşların peşinden güneye gitmek	güneye araba sürmek
787	Arkadaşını yargılamıyor.	Köpeğini yargılamıyor.	arkadaşını yargılamamak	yemek yarışmasında jüri olmak
840	Sırf bir selfie için doğa yürüyüşü yaptı.	Sırf bir selfie için açığa yüzdü.	göle kadar doğa yürüyüşü yapmak	plaja inen doğa yürüyüşü
912	Mimarın elinde bir plan var.	Mimarın elinde bir çekiç var.	elinde planlarla bir mimar	plajda bir mimar
913	Kolu havada.	Kolu aşağıda.	yukarı uzanmış bir kol	kol askısında bir kol
981	Yeşil araba, deniz manzarası, tam stil.	Yeşil araba, şehir manzarası, tam stil.	yeşil klasik bir araba	yeşil bir aile arabası
1119	Rehber turu yönetiyor.	Rehber yarışta en önde.	şemsiyeli bir rehber	tırmanan bir dağ rehberi
1127	Sağlık ve mutluluk dolu!	Yağmur ve karanlık dolu!	sağlık ve neşe dolu	bir sağlık kontrolü
1149	Uykusuzluk: o ve tavan, karşı karşıya.	Uykusuzluk: o ve buzdolabı, karşı karşıya.	gece uykusuzluğu	sınav öncesi uykusuzluk
1161	Dizine buz koyuyor.	Başına buz koyuyor.	bükük dizde buz	tek diz üstünde
1230	Yolcu mışıl mışıl uyuyor.	Yolcu tamamen uyanık.	uyuyan bir tren yolcusu	takside bir yolcu
1262	Portekiz tartlarına tarçın!	Portekiz tartlarına çikolata!	muhallebili Portekiz tartları	Portekiz sardalyaları
1275	Kızarıklığını kaşıyor.	Başını kaşıyor.	kaşıntılı kızarıklığı kaşımak	yüzünde kızarıklık
1323	Ne kadar yüksek bir gökdelen!	Ne kadar yüksek bir deniz feneri!	gökdelene aşağıdan bakmak	gökdelenden aşağı bakmak
1413	Koşu bandı: koşuyorsun ama hiçbir yere varamıyorsun.	Koşu bandı: yürüyorsun ama hiçbir yere varamıyorsun.	koşu bandında koşmak	bozuk koşu bandını tamir etmek
1436	İnsanlar çeşitli yaşlarda.	İnsanların hepsi ergen.	çeşitli yaşlardan beş portre	çeşitli yerlerden beş manzara
1497	Keman eski notaların üstünde duruyor.	Gitar eski notaların üstünde duruyor.	güllerin yanında bir keman	bir keman dersi
1569	Bu, çapraz taramalı bir portre.	Bu, suluboya bir portre.	mürekkeple çizilmiş bir portre	yağlı boya bir portre
1658	Karanlık taşlar, kırmızı güller, havalı.	Karanlık taşlar, beyaz güller, havalı.	karanlık, gotik bir kemer	karanlık bir orman yolu
1696	Kartal iki yavrusuyla ilgileniyor.	Kartal dört yavrusuyla ilgileniyor.	yuvasının üstünde bir kartal	balık yakalayan bir kartal
1751	Her tabelada bir manzara var.	Her tabelada bir şehir var.	manzaralı ok tabelaları	fiyatlı ok tabelaları
2073	Bak, güneş içeriyi parlatıyor!	Bak, ay içeriyi parlatıyor!	içeri vuran gün ışığı	içeri vuran ay ışığı	parlamak kept as causative parlatmak in TS/FS; phrases use the idiomatic 'içeri vuran'
2114	Derenin üstünden geçen bir köprü.	Yolun üstünden geçen bir köprü.	derenin üstünde bir köprü	sokağın karşısında bir ev	loc 'karşıdan karşıya' is for people crossing a road, unnatural for a bridge; used 'üstünden geçen'
2174	Karda bir ağaç çiçek açıyor!	Karda bir ağaç yanıyor!	gece çiçek açan bir ağaç	baharda açan çiçekler
2242	Sürüde boş koltuk: sıfır.	Sürüde boş koltuk: bol.	küçük bir kuş sürüsü	bir koyun sürüsü
2365	Metal kıyafeti pırıl pırıl.	Metal kıyafeti çok kirli.	kırmızı metal bir kıyafet	kırmızı metal bir araba
2375	Yarısı gri, yarısı sarı. Karar veremiyor.	Yarısı gri, yarısı yeşil. Karar veremiyor.	yarım sarı bir araba	yarım sarı bir otobüs
2550	Yalınayak, bağdaş kurarak oturuyor.	Botlarıyla bağdaş kurarak oturuyor.	bağdaş kurarak oturmak	bağdaş kurarak uzanmak	FP standing->lying: bağdaş is sitting-only in Turkish
2625	Mühendis vinçlerin hayalini kuruyor.	Mühendis atların hayalini kuruyor.	bir mühendisin bareti	bilgisayar başında bir mühendis
2708	Maymun tanrı güçlü görünüyor.	Maymun tanrı minicik görünüyor.	güçlü kollar ve göğüs	sert bir fincan kahve
2766	Omzunun dibinde bir kobra var!	Omzunun dibinde bir kaplan var!	başını kaldırmış bir kobra	sepette bir kobra
2774	Mimarisi gotik.	Mimarisi modern.	gotik katedral mimarisi	modern cam mimarisi	loc 'mimarlık' is the profession; a building's architecture is 'mimari'
2914	Biri yukarı doğru geriniyor.	Biri yukarı doğru zıplıyor.	kollarını yukarı uzatarak gerinmek	koşudan önce esneme yapmak	loc 'esnemek' reads as 'to yawn'; body stretch = 'gerinmek'
3266	Koy boyunca bisiklete biniyor.	Nehir boyunca bisiklete biniyor.	deniz boyunca bisiklete binmek	raylar boyunca bisiklete binmek	bike assumed (unverified, media not visible); if horse, replace 'bisiklete' with 'ata'
3424	Orkestra şefinin elinde baton var.	Orkestra şefinin elinde flüt var.	fraklı bir orkestra şefi	trende bir kondüktör
3494	Kadın güneşe doğru geriniyor.	Adam güneşe doğru geriniyor.	iki kolunu yukarı uzatıp gerinmek	lastik bant germek	loc 'esnemek' reads as 'to yawn'; body stretch = 'gerinmek'
4085	Kadın adamı tamamen değiştirdi.	Adam kadını tamamen değiştirdi.	üstünü değiştirip takım elbise giymek	araba lastiği değiştirmek
4142	Üstüne yağmur yağıyor. Ne eğlenceli!	Üstüne kar yağıyor. Ne eğlenceli!	yağmur yağarken dönmek	yağmur yağarken saklanmak
4180	Timsahı köpekle karıştırdı: gözlüğü yok.	Yılanı köpekle karıştırdı: gözlüğü yok.	timsahı köpekle karıştırmak	yavru köpeği kediyle karıştırmak
4242	Kapı mı? Kedi yine de geçiyor.	Kapı mı? Köpek yine de geçiyor.	bir kapıdan geçmek	pas vermek
4319	Çizgiler birbirine karışıyor.	Çizgiler giderek genişliyor.	kremi cilde yedirmek	meyveyi blenderda karıştırmak
4331	Çok düzenli bir yürüyüş.	Çok dağınık bir yürüyüş.	caddede bir yürüyüş	ormanda bir yürüyüş
4349	Bu bekçi sörfte resmen döktürüyor.	Bu bekçi kayakta resmen döktürüyor.	sörf tahtasında bir bekçi	at üstünde bir bekçi
4356	Bel ağrıyor mu? Yine de sırtında taşıyor!	Boyun ağrıyor mu? Yine de sırtında taşıyor!	ağrıyan sırtı ovmak	yatakta ağrıyan boğaz
4369	Bant fazla mı oldu? Belki biraz.	Yapıştırıcı fazla mı oldu? Belki biraz.	beyaz banta sarılmış	karton kutuda bant
4384	Yatağında zıpladı!	Kanepede zıpladı!	yatakta zıplamak	top sektirmek	loc 'sekmek' is for balls, not people; used 'zıplamak'
4425	Robot onlara durmadan emrediyor.	Robot büyük bir pizza sipariş ediyor.	takıma emirler yağdırmak	kahve sipariş etmek
4443	Düğün başlıyor ve herkes arkasını dönüyor.	Düğün bitiyor ve herkes arkasını dönüyor.	nikâh masasına yürümek	düğünde dans etmek
4477	Takvimde yeni aya geçiyor.	Kitapta yeni bölüme geçiyor.	takvimde yeni aya geçmek	sahilde bir ay
4512	Listesini kontrol ediyor.	Telefonunu kontrol ediyor.	listedekileri tek tek işaretlemek	alışveriş listesi yazmak
4520	Sur sonsuza kadar uzanıyor.	Nehir sonsuza kadar uzanıyor.	dağlar boyunca uzanmak	koşudan önce esnemek
4521	Kuleler uzakta kayboluyor.	Evler uzakta kayboluyor.	uzaktaki kuleler	şehirlerarası telefon görüşmesi	loc 'uzaklık' is measured distance; 'in the distance' = 'uzakta'
4525	Tekrar nefes almasına yardım etti.	Tekrar ayağa kalkmasına yardım etti.	boğazına bir şey kaçan adama yardım etmek	bulaşıklara yardım etmek
4530	Film sırasında patlamış mısırlar uçuşuyor!	Film sırasında içecekler uçuşuyor!	film izlemek	film çekmek
4567	Biraz hasta görünüyor.	Çok mutlu görünüyor.	hasta ve öksüren	yatakta hasta
4572	Kız onları sonsuza dek düzeltecek.	Adam onları sonsuza dek düzeltecek.	sınav kâğıtlarındaki hataları düzeltmek	duruşunu düzeltmek
4584	Kaplumbağa bir iz bıraktı.	Yengeç bir iz bıraktı.	yüzgeç izlerinden oluşan bir iz	bir yürüyüş parkuru
4600	Döviz bozduruyor.	Şapkasını başka bir şapkayla takas ediyor.	döviz bozdurmak	hediye takas etmek	loc 'takas etmek' does not fit exchanging money; TS/TP use 'döviz bozdurmak'
4637	Evi yıkıyorlar, o da videoya çekiyor.	Arabayı parçalıyorlar, o da videoya çekiyor.	eski bir evi yıkmak	eski bir arabayı parçalamak
4831	Ne büyük bir vuruş!	Ne büyük bir ıska!	sabit topa vuruş	radyoda bir hit
4844	Balkabağını ikiye böldü.	Pastayı ikiye böldü.	yarım bir balkabağı	yarım bir balkabağı turtası	'cut in half' = 'ikiye bölmek'; yarım kept in the phrases
4873	Kendini ders çalışmaya kaptırmış.	Ormanda yolunu kaybetmiş.	ders çalışmaya gömülmüş	tıbbi bir araştırma
4894	Herkes kıpırtısız. Gayet normal.	Herkes dans ediyor. Gayet normal.	salonda kıpırdamayan öğrenciler	gölde durgun su	loc 'durgun' for people = listless; used 'kıpırtısız' (durgun kept for the FP water)
4923	İki misafiri masaya oturtuyor.	Dört misafiri masaya oturtuyor.	genç bir çifti masaya oturtmak	bara geçip oturmak
4950	Eller kalçada. Çok ciddi.	Eller başın üstünde. Çok ciddi.	eller kalçada	kalça sallamak
4999	Bir kılıç ustasıyla dövüşüyor.	Bir okçuyla dövüşüyor.	bir kılıç ustasıyla dövüşmek	soğuk algınlığıyla savaşmak
5034	Onun evinde her şey dökülüyor!	Onun evinde her şey yanıyor!	masaya dökülen süt	dizüstü bilgisayara kahve dökmek
5093	Bahçe birazcık otlarla kaplıydı.	Havuz birazcık otlarla kaplıydı.	uzamış çimleri biçmek	uzamış bir çit
5143	Askerler barış yapıyor.	Askerler savaşıyor.	barış yapmak	evde huzur ve sükûn
5193	Kızarıklığa krem mi? Yakıyor!	Yanığa krem mi? Yakıyor!	kaşıntılı kızarıklığa krem	yanağında bir kızarıklık
5234	Her sıra kusursuz hizada.	Her sıra tam bir kaos.	selam veren kadın sıraları	koşan erkek sıraları
5294	Ayakları terliklere bayılıyor.	Ayakları çoraplara bayılıyor.	tüylü koyun terlikleri	yatağın altında terlikler
5320	Bir omurgayı gösteriyor.	Bir kalbi gösteriyor.	omurga maketi üzerinde göstermek	sokakta gösteri yapmak
5347	Trafik durma noktasına geliyor.	Trenler durma noktasına geliyor.	trafikte bir duruş	kahve için bir mola	'tam duruşa geçmek' is not Turkish; TS uses 'durma noktası'
5368	Sıcaktan acı çekiyorlar.	Soğuktan acı çekiyorlar.	sıcakta acı çekmek	soğuk algınlığıyla boğuşmak
5379	Terzi ceket üzerinde değişiklik yaptı.	Terzi gömlek üzerinde değişiklik yaptı.	lacivert bir cekette değişiklik yapmak	seyahat planlarını değiştirmek	tailoring = 'değişiklik yapmak'; bare 'değiştirmek' reads as exchanging the jacket
5394	Biri çoktan sahiplenmiş!	Henüz kimse sahiplenmemiş!	donmuş toprakları sahiplenmek	kayıp bir çantayı sahiplenmek
5401	Herkes merak ediyor.	Herkes uyuyor.	bir sorunun çözümünü merak etmek	havanın nasıl olacağını merak etmek
5413	Her yer araba. Umutsuz vaka!	Her yer bisiklet. Umutsuz vaka!	umutsuz bir trafik sıkışıklığı	umutsuz bir futbol takımı
5423	Sırt çantası dünya çapında bir gezgin.	Sırt çantası tek bir şehirde kalıyor.	dünya çapında geziler	dünya çapında bir telefon ağı
5449	Sonunda kapı eşiğinde.	Sonunda bahçede.	açık bir taş kapı girişi	perdeli bir kapı girişi	loc 'kapı aralığı' = gap of a door left ajar; doorway = 'kapı eşiği/girişi'
5502	Kutular depolama için kaldırılıyor.	Kutular çöpe atılıyor.	depolama kutuları	telefonda depolama alanı
