673	Kazağı küçüldü. Hem de nasıl!	Atkısı küçüldü. Hem de nasıl!	küçülmüş kırmızı kazak	korkudan geri çekilmek
674	Hasta ve evde.	Hasta ve işte.	kanepede hasta	hastane yatağında hasta
675	Teknenin bir yanı bitti.	Evin bir yanı bitti.	teknenin yanını boyamak	gölün bir yanı
676	Venedik'te şehir turu yapıyorlar.	Paris'te şehir turu yapıyorlar.	gondolla şehir turu	otobüsle şehir turu
678	İpek yerinde durmayı reddediyor.	Kedi yerinde durmayı reddediyor.	parlak yeşil ipek	ipek bir kravat
679	Gümüş yine parlıyor!	Altın yine parlıyor!	eski gümüşleri parlatmak	arabada gümüş boya
680	Şarkıcı keyif yapıyor.	Şarkıcı öğle yemeği yiyor.	stüdyoda bir şarkıcı	sahnede bir şarkıcı
681	Arabada avaz avaz şarkı söylemek!	Duşta avaz avaz şarkı söylemek!	arabada şarkı söylemek	sahnede şarkı söylemek
683	Evye köpük dağına döndü!	Küvet köpük dağına döndü!	köpük dolu bir evye	oyuncak dolu bir evye
684	Kız kardeşi sonunda evde!	Erkek kardeşi sonunda evde!	kız kardeşine sarılmak	kız kardeşiyle kavga etmek
685	Sonunda doğru beden.	Sonunda doğru ayakkabı.	doğru şapka bedeni	doğru ayakkabı numarası
687	Gün batımında kaykay? Çok havalı.	Gün batımında bisiklet? Çok havalı.	kaykay sürmek	dükkânda bir kaykay
688	Cildine iyi bakıyor.	Köpeğine iyi bakıyor.	cildine krem sürmek	cildini sabunla yıkamak
689	Harika etek, harika dönüş!	Harika şapka, harika dönüş!	sarı pliseli etek	uzun siyah etek
690	Gökyüzü ne kadar büyük.	Deniz ne kadar büyük.	gökyüzüne bakmak	yıldız dolu gökyüzü
691	Arabasını koruyor. Pek beceremeden.	Arabasını yıkıyor. Pek beceremeden.	park halindeki arabayı korumak	bir bankayı korumak
692	Uyumak mı? Adam profesyonel.	Okumak mı? Adam profesyonel.	battaniyenin altında uyumak	çadırda uyumak
693	Beş dakika daha. Çok uykuluyum.	Beş dakika daha. Çok zindeyim.	uykulu bir gece yolculuğu	uykulu bir sabah dersi
694	Domates dilimliyor.	Salatalık dilimliyor.	domatesi ince dilimlemek	pasta dilimlemek
695	Az sonra herkes gülümsüyor.	Az sonra herkes ağlıyor.	vapurda gülümsemek	kameraya gülümsemek
696	Dumanın içinde kayboldu!	Karın içinde kayboldu!	gri bir duman bulutu	bacadan çıkan duman
697	Sigara içme alanı kalabalık.	Sigara içme alanı bomboş.	barın önünde sigara içmek	sigara içilmez tabelası
698	Smoothie resmen mor.	Smoothie resmen yeşil.	koyu orman meyveli smoothie	yeşil bir smoothie
699	Nöbetçinin burnunun dibinden peynir kaçakçılığı yaptı!	Nöbetçinin burnunun dibinden şarap kaçakçılığı yaptı!	samanın içinde peynir kaçakçılığı	teknede peynir kaçakçılığı
700	Salyangozun hiç acelesi yok.	Kurbağanın hiç acelesi yok.	yaprağın üstünde salyangoz	tabakta salyangoz
701	Yılan siyah bir kayanın üstünde.	Yılan beyaz bir kayanın üstünde.	kumda bir yılan	çimenlerde bir yılan
702	Spor ayakkabılar giyildi, sıra merdivende.	Sandaletler giyildi, sıra merdivende.	petrol mavisi spor ayakkabı bağlamak	petrol mavisi spor ayakkabı temizlemek
704	Hapşırınca şapkası uçtu!	Hapşırınca ayakkabısı uçtu!	karahindibalara hapşırmak	bir kediye hapşırmak
705	Hapşırması bir türlü bitmiyor.	Şarkı söylemesi bir türlü bitmiyor.	dirseğine hapşırmak	mendile hapşırmak
706	Dilinde kar? Nefis!	Dilinde yağmur? Nefis!	diliyle kar yakalamak	arabadaki karı temizlemek
707	Havalı turuncu snowboard, kanka.	Havalı mavi snowboard, kanka.	snowboard'u ayağa bağlamak	dükkânda bir snowboard
708	Eller çamur mu? Sabun zamanı!	Ayaklar çamur mu? Sabun zamanı!	bir kalıp sabun	bir şişe sabun
710	Ellerinde bir köpük bulutu.	Başında bir köpük bulutu.	kocaman bir köpük bulutu	çamaşır makinesinde köpük
711	Telefon %1. Priz bulundu!	Telefon %50. Priz bulundu!	gizli bir duvar prizi	bir ampul duyu	light bulb socket = duy in Turkish
712	Gazozundan korkuyor.	Sandviçinden korkuyor.	bir kutu portakallı gazoz	bir bardak kola
713	Aa, merhaba! Toprakta bir solucan!	Aa, merhaba! Toprakta bir madeni para!	koyu toprağa dikim yapmak	halıda toprak
714	Asker yine evde!	Asker yine denizde!	eve dönen bir asker	evden ayrılan bir asker
715	Biri ona kahve bırakmış.	Biri ona pizza bırakmış.	birinden gelen not	birinin doğum günü kartı
716	Çorba kaşığıyla yiyor.	Yemek çubuklarıyla yiyor.	çorba kaşığıyla yemek	çorba kaşığıyla karıştırmak
717	Çorba cehennem gibi sıcak!	Çorba buz gibi soğuk!	sıcak domates çorbası	soğuk domates çorbası
718	Kazlar güneye uçuyor.	Kazlar güneye yürüyor.	kuşları güneye takip etmek	güneye araba sürmek
719	Vay, uzay bomboş!	Vay, deniz bomboş!	uzayda yıldızlar	boş bir park yeri	space/parking-space pun does not travel
720	Bu baharat gerçekten çok sert.	Bu baharat gerçekten çok yeşil.	külahta kırmızı baharat	bir kavanoz kuru baharat
721	Her şeyi o döktü!	Her şeyi çocuk döktü!	bir bardak su dökmek	bir fincan kahve dökmek	TS uses the verb form of dökme
723	Doktor ona omurgayı kemik kemik gösteriyor.	Doktor ona kafatasını kemik kemik gösteriyor.	omurganın kemikleri	bir balığın omurgası	book-spine pun does not travel
724	Her su sıçraması daha büyük!	Her su sıçraması daha küçük!	kocaman bir su sıçraması	bir süt sıçraması
726	İlkbahar geldi, ceketler çıktı.	Kış geldi, ceketler çıktı.	kiraz ağaçları altında ilkbahar	şehirde ilkbahar yağmuru
727	Finişe sprint attı!	Finişe yürüdü!	bitiş çizgisine sprint atmak	otobüse sprint atmak
729	Sincap kış için plan yapıyor.	Tavşan kış için plan yapıyor.	palamutlu bir sincap	pizzalı bir sincap
730	Personel topluca poz veriyor.	Personel topluca yemek yiyor.	iş başında restoran personeli	trende personel
731	Üstüne pul koyuyor.	Üstüne bozuk para koyuyor.	zarfın üstünde pul	bir pul albümü	passport-stamp pun does not travel (damga, not pul)
733	İki devlet antlaşma imzaladı.	Üç devlet antlaşma imzaladı.	antlaşma imzalayan iki devlet	kaos içinde bir devlet
734	Köpek o bifteği istiyor.	Kedi o bifteği istiyor.	içi pembe bir biftek	dondurucuda bir biftek
735	Buhar gözlüğünü buğuladı!	Yağmur gözlüğünü buğuladı!	bir buhar bulutu	bir duman bulutu
736	Selam, yeni üvey erkek kardeş!	Selam, yeni üvey kız kardeş!	yeni üvey erkek kardeşle tanışmak	üvey erkek kardeşle kavga etmek
737	Yılın üvey babası bisikleti tamir etti.	Yılın üvey babası arabayı tamir etti.	bisiklet tamir eden üvey baba	düğünde bir üvey baba
738	Yapışkanlı nota bir kalp çizdi.	Yapışkanlı nota bir yıldız çizdi.	kalpli yapışkanlı not	ekranda yapışkanlı notlar
739	Pizza için durdu. Kural kuraldır.	Suşi için durdu. Kural kuraldır.	pizza için durmak	benzin için durmak
740	Bu kronometre kesin bozuk!	Bu telefon kesin bozuk!	kronometreye basmak	telefon kamerasına basmak
741	Dışarıda koca fırtına, içeride çay.	Dışarıda koca güneş, içeride çay.	çay eşliğinde fırtınayı izlemek	fırtınada yürümek
742	Ocağın dört gözü de açık.	Ocağın sadece bir gözü açık.	ocakta dört göz	küçük bir kamp ocağı
743	Yol tamamen düz.	Yol tamamen virajlı.	düz bir sıra tuğla	düz bir cevap
744	Şemsiyeli bir yabancıyla tanıştı.	Kocaman köpekli bir yabancıyla tanıştı.	şemsiyeli bir yabancı	bisikletli bir yabancı
746	Dereyi atlıyorlar!	Çiti atlıyorlar!	derenin üstünden atlamak	derede yüzmek
747	Sadece birazcık stres.	Sadece birazcık yağmur.	ofiste stres	spor salonunda stres
749	Birlikte esneme yapıyorlar.	Birlikte dans ediyorlar.	koşudan önce esnemek	bir lastiği germek
750	İp kutuyu sımsıkı tutuyor.	İp çantayı sımsıkı tutuyor.	iple bağlanmış kutu	bir gitar teli
751	Uyumlu kombin mi? Onun stili değil.	Mor bot mu? Onun stili değil.	kendine has cesur stili	bir müzik stili
752	Kahvesini şeker kurtardı!	Kahvesini süt kurtardı!	sade kahvede şeker	pastanın üstünde şeker
753	O mavi takım elbise ona çok yakışıyor.	O gri takım elbise ona çok yakışıyor.	mavi takım elbise denemek	mavi takım elbise yıkamak
754	Arkadaşı onu destekliyor.	Arkadaşı onu görmezden geliyor.	arkadaşını desteklemek	bir futbol takımını desteklemek
755	Buradaki her yüzey pürüzsüz.	Buradaki her yüzey pürüzlü.	pürüzsüz parlak bir yüzey	çizik dolu bir yüzey
756	Sörf tahtasında harika gidiyorsun.	Jet skide harika gidiyorsun.	beyaz sörf tahtasını mumlamak	dükkânda bir sörf tahtası
757	Kutuda bir köpek yavrusu! Ne büyük sürpriz!	Kutuda bir kedi yavrusu! Ne büyük sürpriz!	kutuda bir sürpriz	evde sürpriz parti
758	Kuğu kendini temizliyor.	Kuğu balık yiyor.	gölde bir kuğu	çimenlerde bir kuğu
759	Dışarıda yağmur, içeride kazak.	Dışarıda güneş, içeride kazak.	rahat bir kazak giymek	rahat bir kazak örmek
760	Eyvah! Ayak bileği şişiyor!	Eyvah! El bileği şişiyor!	şişen bir ayak bileği	şişen bir el bileği
761	Ayağında büyük bir şişlik var.	Elinde büyük bir şişlik var.	ayak bileğinde şişlik	dizde şişlik
762	Yok, yok, belki... şu tişört!	Yok, yok, belki... şu ceket!	petrol mavisi tişört giymek	petrol mavisi tişört katlamak
763	Masa örtüsü havaya uçuyor.	Perde havaya uçuyor.	masa örtüsünü havaya atmak	şarap lekeli masa örtüsü
764	Tablete çizim yapıyor.	Peçeteye çizim yapıyor.	tablete çizim yapmak	bir ilaç tableti
766	Bu dövme sonsuza kadar!	Bu çıkartma sonsuza kadar!	yeni yapılmış kuş dövmesi	bacakta bir dövme
767	Çay yaprakları dans ediyor!	Çay poşetleri dans ediyor!	naneli çay koymak	sütlü çay
768	Takım uyum içinde kürek çekiyor.	Takım uyum içinde koşuyor.	gün doğumunda kürek takımı	ofiste bir takım
769	Çay kaşıkları minicik.	Çay kaşıkları kocaman.	çay kaşığıyla karıştırmak	bir çay kaşığı şeker
770	Tenis topu için kendini attı!	Golf topu için kendini attı!	tenis maçında atlayış	çim kortta tenis
771	Terminal devasa.	Terminal minicik.	devasa cam terminal	küçük bir otobüs terminali
772	Terapi danışana iyi geliyor.	Yoga danışana iyi geliyor.	bir terapi seansı	bir yoga seansı
773	Termometresi çıldırdı!	Saati çıldırdı!	ağızda termometre	duvarda termometre
775	Tek hamle için bu kadar düşünmek mi?!	Tek gol için bu kadar düşünmek mi?!	satranç başında derin düşünme	kartlar başında derin düşünme
776	Koca susuzluğa tek damla.	Koca susuzluğa tek bisküvi.	korkunç bir susuzluk	çölde susuzluk	"thirst for adventure" does not travel with susuzluk
777	Fena susamış!	Fena acıkmış!	pazarda susamış	koşudan sonra susamış
778	Kilometrelerce uzun bir iplik!	Kilometrelerce uzun bir halat!	uzun kırmızı bir iplik	bir makara mavi iplik	chat-thread pun does not travel
779	Bu su samuru biraz şekerleme istiyor.	Bu kedi biraz şekerleme istiyor.	uykulu bir su samuru	nehirde bir su samuru
780	Kediler asker gibi ayakta duruyor!	Köpekler asker gibi ayakta duruyor!	yatakta ayakta duran kediler	masada ayakta duran kediler
781	Bir, iki, üç... gök gürültüsü!	Bir, iki, üç... gökkuşağı!	gök gürültüsünü beklemek	futbol stadında gök gürültüsü
782	İkinci deneme, kusursuz kravat.	İkinci deneme, kusursuz pasta.	koyu kırmızı kravat bağlamak	koyu kırmızı kravat almak
783	Islak kaplan, sinirler tavan!	Islak aslan, sinirler tavan!	nehirde bir kaplan	ağaçta bir kaplan
784	Şemsiyeyi eğiyor.	Şemsiyeyi kapatıyor.	şemsiyeyi eğmek	başını eğmek
785	Tarifeye bakıyor.	Gazeteye bakıyor.	büyük bir tren tarifesi	bir ders programı
786	Birazcık yorgun.	Hiç yorgun değil.	işten sonra yorgun	beklemekten yorgun
787	Arkadaşını yargılamıyor.	Köpeğini yargılamıyor.	arkadaşını yargılamamak	yemek yarışmasını yargılamak
788	Sırada mikrodalgada ısıtmak isteyen o.	Sırada fırında ısıtmak isteyen o.	noodle kasesini mikrodalgada ısıtmak	sütü mikrodalgada ısıtmak
789	Ekmek kızartma makinesi tostu fırlattı!	Fırın tostu fırlattı!	ekmek fırlatan kızartma makinesi	mini bir fırın
790	O domatesle harika iş çıkardın.	O soğanla harika iş çıkardın.	olgun bir domatesi dilimlemek	domates fidesi dikmek
791	Önce yanlış aleti seçti.	Önce doğru aleti seçti.	doğru aleti seçmek	bahçe için bir alet
792	Bu ne kadar çok diş macunu!	Bu ne kadar çok şampuan!	diş macunundan bir kule	bir tüp diş macunu
793	Son taşı tepeye koydu.	Son deniz kabuğunu tepeye koydu.	tepede bir taş	arabanın tepesi
794	Turnuvayı çocuk kazandı!	Turnuvayı denizci kazandı!	bilek güreşi turnuvası	satranç turnuvası
795	Havlu köpeğe de var!	Havlu kediye de var!	havluyla kurulanmak	plaj havlusunda uzanmak
797	Pistte yarışıyorlar!	Havuzda yarışıyorlar!	kırmızı bir koşu pisti	bir uçak pisti	FP train track swapped to runway (pist pun)
798	Eşofman çetesi ara sokakta!	Eşofman çetesi plajda!	uyumlu turkuaz eşofmanlar	koşu pistinde eşofmanlılar
800	Antrenman bitti, bacaklar gitti.	Maç bitti, bacaklar gitti.	projektör altında antrenman	köpek yavrusuyla antrenman
801	Trambolinde uçuyor!	Yatakta uçuyor!	trambolinde zıplamak	trambolinin altına saklanmak
802	Çöp kovasına LeBron'luk yapıyor.	Küvete LeBron'luk yapıyor.	çöp kovasından pota	çöp kovası kapağı
804	Seyahat etmeye bayılıyor.	Seyahat etmekten nefret ediyor.	uçakla seyahat etmek	otobüsle seyahat etmek
805	Trenle seyahat, tam zamanında!	Otobüsle seyahat, tam zamanında!	Alpler'de seyahat	gemiyle seyahat
806	Tepsileri profesyonel gibi taşıyor.	Kutuları profesyonel gibi taşıyor.	havada tutulan tepsi	yerde bir tepsi
807	Koşu bandı az kalsın kazanıyordu, kanka.	Kondisyon bisikleti az kalsın kazanıyordu, kanka.	koşu bandında koşmak	koşu bandında yürümek
808	Ağaç devasa!	Kaya devasa!	devasa yaşlı bir ağaç	bir ağaç ev
809	Korgi bile trende uyuyor!	Kedi bile trende uyuyor!	sarı şapka trendine uymak	yeni bir trend başlatmak
811	Kupa yukarı, konfeti aşağı!	Madalya yukarı, konfeti aşağı!	altın kupayı kaldırmak	altın kupayı temizlemek
812	Tam güven: kayayı bırakıyor!	Tam güven: ipi bırakıyor!	partnerine güven	şansına güven
813	Hindi yıldız gibi poz veriyor.	Kaz yıldız gibi poz veriyor.	samanın üstünde bir hindi	tabakta bir hindi
814	Vantilatörü kapatıyor.	Televizyonu kapatıyor.	ışığı kapatmak	yolu kapatmak
815	Kaplumbağa artık denizde.	Kaplumbağa artık havuzda.	sahilde bir kaplumbağa	akvaryumda bir kaplumbağa
816	Smokinle harika görünüyor.	Eşofmanla harika görünüyor.	smokin giymek	smokin kiralamak
817	İki kedi yan yana.	İki köpek yan yana.	yan yana iki kedi	karşı karşıya iki kedi
818	Klavyede yazması çok hızlı!	Okuması çok hızlı!	klavyede hızlı yazma	telefondan mesaj yazmak
819	Güzel şemsiye. Bana da yer var mı?	Güzel araba. Bana da yer var mı?	şemsiyeyi paylaşmak	plajda bir şemsiye
821	Eve dönüş: iç çamaşırı saati!	Eve dönüş: pijama saati!	iç çamaşırına kadar soyunmak	yeni iç çamaşırı almak
823	Ekran rakamları gösteriyor.	Ekran hava durumunu gösteriyor.	ekranı işaret etmek	ekranı silmek
825	Köpek de manzaraya bayılıyor.	Kedi de manzaraya bayılıyor.	kayalık zirve manzarası	deniz manzarası
826	Ofiste film çekiyorlar.	Ormanda film çekiyorlar.	kamera dolly'siyle çekim yapmak	bir düğünü çekmek
827	Burada bir sürü hayvan var.	Burada iki hayvan var.	masal kitabında hayvanlar	gerçek bir hayvanat bahçesinde hayvanlar
828	Sıcak haber mi? Kadın şaşırmış görünüyor.	Sıcak haber mi? Adam şaşırmış görünüyor.	kafede şaşırmış	kapıda şaşırmış
830	Değişiklikleri açıklıyor.	Menüyü açıklıyor.	uygulama tasarımını açıklamak	bir matematik problemini açıklamak
831	Bir konuşma yapıyor.	Bir konser veriyor.	kürsüde bir konuşma	düğünde bir konuşma
832	Bavulu boşaltıyor: dünyanın en uzun atkısı çıkıyor.	Bavulu boşaltıyor: dünyanın en uzun çorabı çıkıyor.	bavulu boşaltmak	alışveriş poşetlerini boşaltmak
833	Bavul boşaltma: deniz kabuğu sağ salim!	Bavul boşaltma: kupa sağ salim!	yolculuktan sonra bavul boşaltma	yeni telefonu kutusundan çıkarmak
834	Ev sahibesi onlardan bıktı.	Garson onlardan bıktı.	misafirlere servis yapan ev sahibesi	bir hostes
835	Sahte tesisatçı sırılsıklam oldu!	Sahte tesisatçı zengin oldu!	lavabonun başında tesisatçı	çatıda bir tesisatçı
836	Adam çok hazırlıklı. Fazla hazırlıklı.	Kadın çok hazırlıklı. Fazla hazırlıklı.	hazırlıklı bir öğrenci	hazır bir yemek
837	Bu taksi her ara sokağa sığar.	Bu otobüs her ara sokağa sığar.	ara sokakta bir taksi	havalimanında bir taksi
838	Pilot kendini yıldız sanıyor.	Aşçı kendini yıldız sanıyor.	ceketli bir pilot	uçakta bir pilot
839	Masasını uzatıyor!	Yatağını uzatıyor!	yemek masasını uzatmak	vizeyi uzatmak
840	Sırf bir selfie için doğa yürüyüşü yaptı.	Sırf bir selfie için açığa yüzdü.	göle doğa yürüyüşü yapmak	plaja inen doğa yürüyüşü
841	Buzu eritti. Şimdi ne olacak?	Suyu dondurdu. Şimdi ne olacak?	buz küplerini eritmek	çikolata eritmek
842	Bebek her harfi istiyor.	Bebek her bisküviyi istiyor.	harflerle oynayan bebek	yemekle oynayan bebek
843	Daha yüksek! Sepet yukarı çıkıyor!	Daha yüksek! Kova yukarı çıkıyor!	sepeti yukarı çekmek	tekneyi yukarı çekmek
844	Ne kocaman yeşil bir vadi!	Ne kocaman yeşil bir çöl!	aşağıda yeşil bir vadi	kar altında bir vadi
845	Bir kaybolma daha! Sağ ol, deniz.	Bir kaybolma daha! Sağ ol, köpek.	bir çizimin kaybolması	bir geminin kaybolması
847	Zaferleri çok net.	Yenilgileri çok net.	tekne yarışında zafer	satranç maçında zafer
848	Sirke mi? Yüzü hayır diyor!	Bal mı? Yüzü hayır diyor!	bir damla sirke	sirkeyle temizlik yapmak
849	Vizesini aldı!	Vizesini kaybetti!	pasaportta bir vize	tatil için vize
850	Yanardağ tütüyor. Kimse panik yapmasın.	Baca tütüyor. Kimse panik yapmasın.	tüten bir yanardağ	deniz altında bir yanardağ
851	Bekliyor. Bekliyor da bekliyor.	Dans ediyor. Dans ediyor da dans ediyor.	otobüs beklemek	taksi beklemek
852	Garson çok hızlı!	Garson çok yavaş!	tabaklı bir garson	menülü bir garson
853	Parkta yürüyor.	Parkta koşuyor.	göl kenarında yürümek	köpeği yürüyüşe çıkarmak
855	Deniz kenarında yürüyüş yapıyorlar.	Deniz kenarında koşu yapıyorlar.	deniz kenarında yürüyüş	dağlarda yürüyüş
857	Cüzdanını buldu, karşılığında çiçek aldı.	Cüzdanını buldu, karşılığında pasta aldı.	kayıp bir cüzdanı geri vermek	kayıp bir cüzdanı çalmak
859	Gardırop ona saldırdı!	Buzdolabı ona saldırdı!	montlarla dolu gardırop	ayakkabıyla dolu gardırop
860	Arabanın "biraz" yıkamaya ihtiyacı vardı.	Bisikletin "biraz" yıkamaya ihtiyacı vardı.	çamurlu bir arabayı yıkama	çamurlu bir köpeği yıkama
861	Kol saati diyor ki: geç kaldın!	Telefonu diyor ki: geç kaldın!	kol saatine bakmak	kol saati almak
862	TV izleme keyfi patlamış mısır ister.	TV izleme keyfi pizza ister.	TV izleme gecesi	kuş izleme gecesi
863	Matarası metal.	Matarası plastik.	matarayı doldurmak	yatakta bir matara
864	Bu su aşırı berrak.	Bu süt aşırı berrak.	şişede berrak su	plastik bardakta su
866	Şelalede gökkuşağı!	Gölde gökkuşağı!	İzlanda'da yüksek bir şelale	bahçede bir şelale
867	Fesleğen sulamadan hoşlanıyor.	Gül sulamadan hoşlanıyor.	domatesleri sulamak	çimleri sulamak
868	Minicik bir dalga sadece.	Minicik bir köpekbalığı sadece.	yüzücülere çarpan dalga	kumsalda küçük dalgalar	wave-of-the-hand pun does not travel
869	Bir ağırlık taşıyor.	Bir kutu taşıyor.	ağır, yuvarlak bir ağırlık	hızla kilo vermek
870	Güneş batıdan batar.	Güneş doğudan batar.	güneşin batıya inişini izlemek	gece batıya gitmek
871	Tekerlekli sandalyesinden sayı attı!	Tekerlekli sandalyesinden sayıyı kaçırdı!	sahada spor tekerlekli sandalyesi	hastanede bir tekerlekli sandalye
872	Sonunda ıslık çalmayı başardı!	Sonunda şarkı söylemeyi başardı!	bahçe masasında ıslık çalma	futbol maçında ıslık çalma
873	Eşi krep çevirebiliyor!	Eşi burger çevirebiliyor!	krep çeviren bir eş	kek pişiren bir eş
874	Pembe peruk ona çok yakışmış.	Pembe şapka ona çok yakışmış.	pembe peruk takmak	pembe peruğu taramak
875	Rüzgâr atkısını çaldı!	Rüzgâr şapkasını çaldı!	rüzgârda bir atkı	karı savuran rüzgâr
876	Gün batımında kırmızı şarap? Klas hareket.	Gün batımında soğuk bira? Klas hareket.	bir kadeh kırmızı şarap	bir şişe beyaz şarap
877	Çamurlu kazanan? Efsane!	Tertemiz kazanan? Efsane!	çamur koşusunun kazananı	yüzme yarışının kazananı
878	Kızaklarla kış eğlencesi!	Kayaklarla kış eğlencesi!	kızaklarla bir kış günü	evde bir kış günü
879	Kurt uluyor!	Kurt uyuyor!	karda bir kurt	kumsalda bir kurt
880	Kuzu kendi yününü giyiyor!	Kuzu yün bere takıyor!	bir yumak yün	yün bir battaniye
882	Köpek onun antrenman koçu.	Kedi onun antrenman koçu.	tam bir antrenman	kumsalda antrenman
884	Ona dünyayı gösteriyor.	Ona haritayı gösteriyor.	şehir ışıklarından bir dünya	bir dünya haritası
885	Solucan toprağın altına iniyor.	Solucan ağaca çıkıyor.	toprakta bir solucan	oltada bir solucan
886	Büyükanne kırışıklıklarını hak etti.	Kız kırışıklıklarını hak etti.	yüzünde derin kırışıklıklar	gömlekte kırışıklıklar
887	Günlüğüne yazıyor.	Laptopuna yazıyor.	günlüğe yazmak	duvara yazmak
888	Esnemek bulaşıcıdır, köpekler için bile.	Gülmek bulaşıcıdır, köpekler için bile.	mutfakta esnemek	arabada esnemek
889	Yoğurdu akmıyor!	Balı akmıyor!	bir kavanoz koyu yoğurt	kavanozdan yoğurt içmek
891	Eyvah, o araba pahalı!	Eyvah, o bisiklet pahalı!	pahalı bir araba süsü	pahalı bir araba yıkama
892	Üstündeki deniz suyunu duruluyor.	Üstündeki boyayı duruluyor.	deniz suyunu durulamak	bulaşıkları durulamak
893	Fermuar çekildi, kar için hazır.	Fermuar çekildi, güneş için hazır.	ceketin fermuarını çekmek	bavulun fermuarını çekmek
894	Fermuar sıkıştı!	Kayak sıkıştı!	sıkışmış ceket fermuarı	çadırdaki fermuar
895	Büyük sıkışıklık. Kaza mı var acaba?	Büyük parti. Kaza mı var acaba?	otoyolda kaza	mutfakta kaza
898	Kadın oyuncu fırıl fırıl dönüyor.	Kadın oyuncu mışıl mışıl uyuyor.	sette bir kadın oyuncu	afişte bir kadın oyuncu
899	Güneşli bir öğleden sonra.	Karlı bir öğleden sonra.	parkta bir öğleden sonra	plajda bir öğleden sonra
900	Temsilci telefonda.	Temsilci otobüste.	telefonda bir temsilci	bir seyahat acentesi ofisi	loc ajan = spy in Turkish; used temsilci
901	Kollarını açmış, temiz havayı içine çekiyor.	Kollarını açmış, şehir havasını içine çekiyor.	temiz dağ havası	şehirde temiz hava
902	Uçağa el sallıyor!	Trene el sallıyor!	alçaktan geçen bir uçak	kâğıttan bir uçak
904	Polen alerjisi var.	Toz alerjisi var.	polene alerji	kedilere alerji
905	Bir kedi ara sokaktan geçiyor.	Bir köpek ara sokaktan geçiyor.	dar, parke taşlı ara sokak	dükkânlarla dolu ara sokak
907	Kimse var mı? Sadece güvercinler.	Kimse var mı? Sadece kediler.	istasyonda hiç kimse	partide hiç kimse
909	Adam, evde herhangi biri var mı diye soruyor.	Kadın, evde herhangi biri var mı diye soruyor.	evde herhangi biri var mı	herhangi biri aç mı
911	Aydınlık, güneşli bir daire.	Karanlık, kasvetli bir daire.	aydınlık modern bir daire	aydınlık modern bir ofis
912	Mimarın elinde bir plan var.	Mimarın elinde bir çekiç var.	planlarıyla bir mimar	plajda bir mimar
913	Kolu havada.	Kolu aşağıda.	yukarı uzanmış bir kol	askıda bir kol
914	Bu koltuğa bayılıyor!	Bu kanepeye bayılıyor!	koltuğa kendini bırakmak	havuza kendini bırakmak
916	Bankamatik kullanıyor.	Telefon kullanıyor.	yağmurda bir bankamatik	dükkânda bir bankamatik
917	Tavan arası ıvır zıvır dolu.	Tavan arası su dolu.	tozlu eski bir tavan arası	aydınlık yeni bir tavan arası
918	Seyirciler alkışlıyor.	Seyirciler gidiyor.	alkışlayan seyirciler	televizyon seyircisi
919	Teyzesi tam bir eğlence.	Dayısı tam bir eğlence.	teyzesiyle dans etmek	teyzesiyle alışveriş yapmak
920	Avusturya'da salıncakta sallanmak? Hayalim!	Avusturya'da kayak yapmak? Hayalim!	Avusturya'da salıncakta sallanmak	Avusturya'da kayak yapmak
921	Avusturya usulü pasta servis ediyor.	Avusturya usulü bira servis ediyor.	bir Avusturya kahvehanesi	bir Avusturya birahanesi	Avusturyalı is for people; food/places use Avusturya
925	Çantası bagaj alım bandında.	Çantası check-in'de.	bagaj alım bandında bir çanta	güvenlikte bir çanta
926	Fırıncının ekmeği hazır!	Fırıncının pizzası hazır!	fırının başında bir fırıncı	kasada bir fırıncı
927	Balkonda halı silkeliyor.	Balkonda havlu silkeliyor.	balkondan sarkan halı	balkonda bir bitki
929	Bandaj sarıyor.	Hediye paketliyor.	beyaz bandaj sarmak	beyaz atkı dolamak
933	O banyoda.	O mutfakta.	banyoda yıkanmak	banyoyu temizlemek
934	Şlap! Küvette keyif yapıyor.	Şlap! Havuzda keyif yapıyor.	küvette su sıçratmak	su birikintisinde şapırdamak
938	Yatağı topluyor.	Pasta yapıyor.	yatağı toplamak	yatağa girmek
939	Yastıklar havada! Yatak odası partisi!	Yastıklar havada! Mutfak partisi!	aydınlık, dağınık bir yatak odası	aydınlık, dağınık bir mutfak
941	Güvercinler bankına saldırdı!	Ördekler bankına saldırdı!	bankta oturan bir kadın	istasyonda bir bank
942	Bisiklete biniyor.	Scooter'a biniyor.	sonbaharda bir bisiklet	karda bir bisiklet
943	Reklam panosuna afiş yapıştırıyor.	Reklam panosunu boyuyor.	boş, dev bir reklam panosu	otobüs üstünde reklam panosu
944	Dürbününü kullanmayı unuttu.	Teleskobunu kullanmayı unuttu.	göğsünde siyah dürbün	masada siyah dürbün
947	Burnu kanıyor.	Dizi kanıyor.	kanayan bir burun	kanayan bir diz
948	Karıştırıcıya orman meyvesi? Nefis!	Karıştırıcıya kiraz? Nefis!	karıştırıcıyı doldurmak	karıştırıcıyı temizlemek
949	Ay, topukta su toplaması!	Ay, ayak parmağında su toplaması!	topukta su toplaması	elde su toplaması
950	Kan veriyor.	Konuşma yapıyor.	bir torba bağışlanmış kan	beyaz gömlekte kan
952	Ahşap bir kayıkta kürek çekiyor.	Şişme bir kayıkta kürek çekiyor.	ahşap kayıkla kürek çekmek	limanda bir kayık
953	Sınır araba için açık.	Sınır otobüs için açık.	sınır kontrol noktası	çiçekli bir bahçe sınırı
954	Patron konuşma yapıyor.	Patron hediye veriyor.	toplantıda bir patron	partide bir patron
956	Bir beyin modelini inceliyor.	Bir kalp modelini inceliyor.	bir beyin maketi	bir beyin resmi
957	Dalda bir kızılgerdan oturuyor.	Dalda bir baykuş oturuyor.	dalda bir salıncak	parkta bir salıncak
958	Gelin hazır!	Damat hazır!	beyaz güllü bir gelin	kırmızı güllü bir gelin
959	Köprünün altından yürüyor.	Köprünün üstünden yürüyor.	devasa bir asma köprü	küçük ahşap bir köprü
960	Süpürgeyle süpürüyor.	Tırmıkla süpürüyor.	saman bir süpürge	cadı süpürgesi
961	Büyük erkek kardeş yine kazanıyor.	Büyük kız kardeş yine kazanıyor.	kafa kilidinde bir erkek kardeş	erkek kardeşle boks yapmak
962	Dizinde kocaman bir çürük var.	Kolunda kocaman bir çürük var.	dizde bir çürük	gözde bir çürük
963	İnşaatçı duvar örüyor.	İnşaatçı çatı yapıyor.	malalı bir inşaatçı	çekiçli bir inşaatçı
965	İnşaatçının malası dolu.	İnşaatçının kovası dolu.	harç dolu bir mala	toprak dolu bir mala
967	Bu otobüs şoförü fazla mutlu.	Bu taksi şoförü fazla mutlu.	gülümseyen bir otobüs şoförü	grevdeki bir otobüs şoförü
970	Kasap dana eti kesiyor.	Kasap ekmek kesiyor.	dana eti dilimleyen kasap	balık satan bir kasap
973	Kaktüse bir kuş kondu.	Kaktüse bir arı kondu.	kaktüsün üstünde bir kuş	saksıda bir kaktüs
974	Kalabalık, küçük bir kafe.	Boş, küçük bir kafe.	güneşli, şirin bir kafe	kapalı bir kafe
977	Fotoğraf makinesini doğrultuyor.	Telefonunu doğrultuyor.	eski model bir fotoğraf makinesi	bir güvenlik kamerası
980	Kaptan dümende.	Kaptan barda.	dümende bir kaptan	futbol takımı kaptanı
981	Yeşil araba, deniz manzarası, saf stil.	Yeşil araba, şehir manzarası, saf stil.	yeşil klasik bir araba	yeşil bir aile arabası
983	Kasiyer bir kavanozu okutuyor.	Kasiyer bir konserveyi okutuyor.	kasada bir kasiyer	bankada bir kasiyer
984	Alçı hâlâ ıslak.	Alçı kupkuru.	yeni takılmış kol alçısı	yeni takılmış bacak alçısı
986	Bir tırtıl öğle yemeği yiyor.	Bir salyangoz öğle yemeği yiyor.	yaprak yiyen bir tırtıl	çiçekte bir tırtıl
989	Bavulunun check-in'ini yapıyor.	Köpeğinin check-in'ini yapıyor.	havalimanında check-in yapmak	otelde check-in yapmak
990	Şef cımbız kullanıyor.	Şef kaşık kullanıyor.	tabak süsleyen bir şef	çorba tadan bir şef
991	Göğsü çıplak.	Göğsü örtülü.	çıplak bir göğüs	bir hazine sandığı
995	Sınıf arkadaşı bir sır biliyor.	Öğretmeni bir sır biliyor.	sınıf arkadaşına fısıldamak	tahtada bir sınıf arkadaşı
996	Eller ıslak kile şekil veriyor.	Eller ıslak kuma şekil veriyor.	kilden çömlek şekillendirmek	kil çömlek boyamak
998	Kâğıtlar uçuşuyor, memur hâlâ mühür basıyor.	Kâğıtlar uçuşuyor, memur hâlâ uyuyor.	evrak mühürleyen memur	otel resepsiyon görevlisi
1000	İklim ısınıyor.	İklim soğuyor.	değişen bir dağ iklimi	tropik bir ada iklimi
1001	Klinik sana hazır.	Okul sana hazır.	aydınlık bir klinik bekleme salonu	köpekler için bir klinik
1003	Bugün tek bir bulut var.	Bugün iki bulut var.	kocaman beyaz tek bulut	gri bir yağmur bulutu
1004	Antrenör fısıldamıyor.	Antrenör bağırmıyor.	düdüklü bir antrenör	turistlerle dolu otobüs	coach-bus pun does not travel
1006	Kahve makinesi çok yavaş.	Ekmek kızartma makinesi çok yavaş.	damlatan bir kahve makinesi	yeni bir kahve makinesi
1007	İki iş arkadaşı konuşuyor.	İki iş arkadaşı yemek yiyor.	beyaz tahta başında iş arkadaşları	partide iş arkadaşları
1008	Topluluk fidan dikiyor.	Topluluk boya yapıyor.	bir topluluk bahçesi	bir oyuncu topluluğu
1009	Pusula benden akıllı.	Eski telefon benden akıllı.	elde pirinç bir pusula	elde pirinç bir saat
1010	İşine yarayacak bir bağlantı kurdu.	İşine yarayacak bir telefon görüşmesi yaptı.	yeni bir iş bağlantısı	rehberinde bir bağlantı
1011	Bu aşçının iki kaşığa ihtiyacı var!	Bu aşçının iki tencereye ihtiyacı var!	yemeği tadan bir aşçı	tarif okuyan bir aşçı
1012	Öyle bir öksürüyor ki!	Öyle bir gülüyor ki!	dirseğe öksürmek	mendile öksürmek
1013	İki kuzen katıla katıla gülüyor.	İki kuzen hüngür hüngür ağlıyor.	çimenlerde iki kuzen	masada iki kuzen
1015	Baldırını tutuyor.	Başını tutuyor.	baldırını tutmak	bir buzağıyı beslemek
1017	Yaya geçidinde bir kadın var.	Yaya geçidinde bir köpek var.	yaya geçidinden karşıya geçmek	yağmurda bir yaya geçidi
1022	Bu minder kavgayı kaybetti.	Bu kanepe kavgayı kaybetti.	minderi kabartmak	mindere oturmak
1025	O bisikletçi aşırı cesur.	O koşucu aşırı cesur.	virajı hızla alan bisikletçi	şehirde bir bisikletçi
1026	Çek birası mı? Evet, lütfen!	Çek şarabı mı? Evet, lütfen!	bir Çek birahanesi	bir Çek şarap mahzeni
1028	Kadın şu an Çekya'da.	Adam şu an Çekya'da.	Çekya'da gün batımı	Çekya'da kar
1030	Kız evladından çiçekler!	Oğlundan çiçekler!	kız evlattan çiçekler	kız evlada çiçekler
1033	Çölün sonu yok!	Ormanın sonu yok!	çölde develer	çölde kar
1035	Varış noktasını göremiyor.	Trafiği göremiyor.	varış noktasından çok uzakta	varış noktasına ulaşmak
1037	Ekstra deterjan, ekstra köpük.	Ekstra deterjan, sıfır köpük.	bulaşık deterjanı dökmek	çamaşır deterjanı
1040	Yakında boşanmış olacaklar.	Yakında evli olacaklar.	boşanmak üzere	evlenmek üzere
1041	Baş dönmesi kadını fena vurdu.	Baş dönmesi adamı fena vurdu.	ani bir baş dönmesi	teknede baş dönmesi
1043	Yunusun çizdiği yay on puan alır!	Fokun çizdiği yay on puan alır!	yunusun sıçrayış yayı	gökkuşağının yayı
1048	O dambıl aşırı ağır.	O dambıl aşırı hafif.	ağır dambılla çalışmak	yerde bir dambıl
1050	Bisiklette laleler? Tam Hollandalı!	Bisiklette peynir? Tam Hollandalı!	uzun, dar Hollanda evleri	bir Hollanda peynir pazarı
1057	İşveren el sıkışıyor.	İşveren el yıkıyor.	güler yüzlü bir işveren	sinirli bir işveren
1064	Herkes tezahürat yapıyor!	Herkes uyuyor!	kolları havada herkes	yere oturmuş herkes
1067	Gerçek bir saat uzmanı.	Gerçek bir şarap uzmanı.	bir saat uzmanı	televizyonda bir uzman
1069	Bu göz yeşil-kahverengi.	Bu göz parlak mavi.	açık bir göz	kapalı bir göz
1070	Gülen bir yüzü var.	Ağlayan bir yüzü var.	gülen bir yüz	uyuyan bir yüz
1071	Çiftçi geç saate kadar çalışıyor.	Çiftçi geç saate kadar uyuyor.	yabalı bir çiftçi	inekli bir çiftçi
1072	Bu iki adam çok mutlu.	Bu iki adam çok sinirli.	el sıkışan iki adam	el sallayan bir okul arkadaşı
1073	Kadın tırmanıcı uçuyor!	Erkek tırmanıcı uçuyor!	kadın bir tırmanıcı	kadın bir koşucu
1074	Ateşine bakıyor.	Telefonuna bakıyor.	ateşini ölçmek	nabzını ölçmek
1076	Bir parmak bir damlaya dokunuyor.	Bir parmak bir arıya dokunuyor.	damlaya dokunan parmak	arının yanında bir parmak
1078	İtfaiyeci görev başında.	İtfaiyeci tatilde.	hortumlu bir itfaiyeci	kedili bir itfaiyeci
1079	İlk yardım yapıyor.	Yol tarif ediyor.	açık bir ilk yardım çantası	bir ilk yardım kursu
1082	Balıkçı bir sürü balık tuttu!	Balıkçı hiçbir şey tutamadı!	ağlı bir balıkçı	oltalı bir balıkçı
1084	Uçuş şimdi başlıyor.	Uçuş şimdi bitiyor.	kalkıştan sonra bir uçuş	inişe geçen bir uçuş	flight-of-stairs pun does not travel
1085	Ahşap zemini paspaslıyor.	Taş zemini paspaslıyor.	geniş ahşap bir zemin	zemin kat
1088	Çimenlerde çıplak bir ayak.	Karda çıplak bir ayak.	çimende çıplak ayak	çorap giymiş bir ayak
1093	Bacakta bir kırık var.	Kolda bir kırık var.	bacak kemiğinde kırık	bilek kemiğinde kırık
1096	Beyaz bir galeride.	Beyaz bir mutfakta.	galeride dolaşmak	bir dükkânda dolaşmak
1097	Garajı kapatıyor.	Pencereyi kapatıyor.	garaj kapısını kapatmak	garaj kapısını açmak
1100	Bahçıvan gülleri kesiyor.	Bahçıvan çimleri kesiyor.	güllü bir bahçıvan	çim makineli bir bahçıvan
1104	Ne centilmen ama!	Ne hanımefendi ama!	şapkasını kaldıran centilmen	kapıyı kapatan bir centilmen
1107	Kız arkadaşına sarılıyor.	Kız arkadaşını taşıyor.	kız arkadaşına sarılmak	telefonda bir kız arkadaş
