131	Найкращий дзвінок у житті!	Найгірший дзвінок у житті!	радісна розмова телефоном	дзвінок по допомогу	verb дзвонити forces an invented caller; noun дзвінок used
156	Медаль у нього на грудях.	Медаль у нього на голові.	руки на грудях	руки на голові
206	Її огіркове спа — бюджетне.	Її лимонне спа — бюджетне.	скибочки огірка на очах	огірок у сендвічі
411	Ого, вона така заздрісна.	Ого, він такий заздрісний.	заздрить іншій танцівниці	заздрить своїй учительці
479	Її розум на два ходи попереду.	Її розум на два ходи позаду.	планувати ходи в розумі	змінити свою думку
576	Вона молиться про хорошу оцінку.	Вона молиться про новий телефон.	молитися про хорошу оцінку	молитися в церкві
653	Стільки шукали! А ключі були в дверях.	Стільки шукали! А ключі були в машині.	шукати загублені ключі	шукати загубленого пса
770	Вона кинулася за тенісним м'ячем!	Вона кинулася за м'ячем для гольфу!	стрибок за м'ячем у тенісі	теніс на трав'яному корті
792	Зубної пасти — ну зовсім забагато!	Шампуню — ну зовсім забагато!	вежа із зубної пасти	тюбик зубної пасти
902	Вона махає літаку!	Вона махає потягу!	літак низько над головою	паперовий літачок
909	Він питає, чи є хтось удома.	Вона питає, чи є хтось удома.	питає, чи є хтось удома	питає, чи хтось голодний	будь-хто wrong in a yes/no question; хтось used
1183	Веслує спортсмен-чоловік.	Веслує спортсменка.	чоловік-веслувальник	чоловік-плавець	adjective чоловічий unnatural for a person; спортсмен-чоловік used
1198	Модель просто розриває подіум.	Модель просто розриває пляж.	модель на подіумі	модель літака
1319	Вона вільна і щаслива.	Вона вільна і сумна.	вільна і щаслива	одна чашка чаю
1447	Укол вакцини трохи болить.	Укол вакцини трохи лоскоче.	укол вакцини в руку	укол вакцини в ногу
1484	У цієї музики немає кнопки «плей».	У цього вірша немає кнопки «плей».	старі музичні ноти	стара музична скринька
1625	Серфер тримає дошку для серфінгу.	Серфер тримає гітару.	тримає дошку для серфінгу вертикально	мчить на дошці по хвилях
1629	Лише один ананас. Такий самотній.	Лише один банан. Такий самотній.	один ананас, поставлений сторч	ананас, нарізаний кружальцями
1633	Ця статуя стежить за тобою.	Цей пес стежить за тобою.	статуя гаргуйля	статуя коня
1696	Орел дає раду двом пташенятам.	Орел дає раду чотирьом пташенятам.	орел над гніздом	орел ловить рибу
1914	Піаніно відкрите. Зголодніло?	Двері відчинені. Зголодніли?	відкритий рояль	урок гри на піаніно	grand piano = рояль, so TP uses рояль
2013	Її макіяж? Готичний на всі сто.	Її макіяж? Рожевий на всі сто.	готичний образ	готична церква
2062	Хтось урівноважив ці камені.	Хтось урівноважив ці чашки.	вежа з урівноважених каменів	балансувати на одній нозі	збалансувати is a calque here; урівноважити used
2225	Бідолашна, її волосся геть промокле.	Бідолашна, її волосся геть сухе.	промокла під зливою	мокне в гарячій воді
2282	Під вітрилами на заході сонця. Такий чіл.	На серфі на заході сонця. Такий чіл.	вітрильний спорт на заході сонця	вітрильний спорт у шторм	TS names the moment, not the sport; вітрильний спорт kept in TP
2602	Вони так швидко мчать на лижах униз.	Вони так швидко мчать на лижах угору.	на лижах крутим схилом униз	на лижах рівною дорогою	кататися replaced by мчати на лижах for natural flow
3240	Він кричить на нас!	Він співає нам!	кричати в мегафон	кричати на собаку
3317	Альпака хоче потрапити в кадр.	Кінь хоче потрапити в кадр.	допитлива бура альпака	сонна бура альпака
3633	Ширяє в космосі? Ні, тримається на воді в басейні.	Ширяє в космосі? Ні, тримається на воді в озері.	тримається на воді на спині	ширяє у відкритому космосі
4077	Один голуб досі спить.	Обидва голуби досі сплять.	сплячий у гнізді	сплячий на лавці	predicate сплячий stiff; спить used in the sentences
4085	Вона повністю його змінила.	Він повністю її змінив.	переодягтися в костюм	поміняти колесо авто
4166	Він сідає в червону машину, як зірка.	Він сідає в синю машину, як зірка.	сідати в червоний спорткар	входити в червону телефонну будку	увійти is not said of cars; сідати used
4182	Він розмалював увесь газон!	Він розмалював увесь будинок!	малювати величезну картину на газоні	фарбувати садовий паркан
4195	Самокат зламався й розлетівся на друзки!	Велосипед зламався й розлетівся на друзки!	самокат розвалюється	побити світовий рекорд
4217	Поліція полює на того коргі!	Поліція полює на того кота!	поліція женеться за псом	поліція женеться за злодієм
4227	Найдружніша перевірка від поліції в історії.	Найзліша перевірка від поліції в історії.	дружній поліцейський	дружній продавець
4236	Вона привернула їхню увагу.	Він привернув їхню увагу.	привертати їхню увагу	приваблювати нових клієнтів	attention collocates with привернути, not приваблювати
4251	Його місце? Одна порожня полиця.	Його місце? Одна повна полиця.	місце для його одягу	місце для машини	простір unnatural for shelf room; місце used
4316	Він кається. Тюльпани допоможуть.	Він кається. Троянди допоможуть.	кається через каву	кається через торт	розкаяний bookish; каятися used
4327	Усі в захваті від його барбекю!	Усі в захваті від його салату!	барбекю з друзями на заході сонця	барбекю під дощем
4383	Ого, яка густа борода!	Ого, яка рідка борода!	густа чорна борода	товсте зимове пальто	a beard is густа, not товста
4384	Вона відскочила від ліжка!	Вона відскочила від дивана!	стрибати на ліжку	відбивати м'яч
4403	Ще тільки один шар.	Ще тільки одна подушка.	ковдри шар за шаром	шар свіжого снігу
4407	Завдяки шпинату він здоровий.	Завдяки шоколаду він здоровий.	здоровий молодий чоловік	здоровий літній чоловік	FP bank account meaningless in ua; swapped to an old man
4429	Рамен у ресторані з локшиною!	Рамен у бургерному ресторані!	ресторан із локшиною	кухня ресторану
4436	Удар ногою як у Роналду — і гучні схвальні вигуки!	Удар головою як у Роналду — і гучні схвальні вигуки!	схвальні вигуки за удар	схвальні вигуки співакові
4441	Ого, від її дихання — хмаринки.	Ого, від її дихання — бульбашки.	хмаринка теплого дихання	ковток свіжого повітря
4459	Трішки підгоріло? Не проблема.	Трішки дощу? Не проблема.	підгоріла зефірка	спалені старі листи	спалювання = incineration; підгоріти used
4490	Вона готує стіл до вечері.	Вона витирає стіл.	готувати стіл до вечері	готуватися до тесту
4500	Швидкі руки рятують ситуацію.	Швидкі собаки рятують ситуацію.	спіймати швидким рухом	швидкий денний сон
4526	Вона напружено думає про ці вибори.	Він напружено думає про ці вибори.	голосувати на виборах	виграти вибори
4551	Дешевий намет. Кемпінг — топ!	Дешева машина. Кемпінг — топ!	кемпінг біля озера	кемпінг у снігу	таборувати archaic; кемпінг used
4573	Таємна угода за готівку.	Таємна угода за кавою.	таємна угода за готівку	таємний любовний лист
4623	Бюлетені з голосами висипаються.	Монети з гаманця висипаються.	підрахунок голосів	віддати свій голос
4644	Робота? Яка кепська відмовка.	Дощ? Яка кепська відмовка.	кепська відмовка, щоб піти	відмовка через запізнення
4688	Просто масивний кит, нічого такого.	Просто масивна акула, нічого такого.	масивний горбатий кит	потужний шторм у морі
4711	Його обличчя — суцільне зусилля.	Його обличчя — суцільна нудьга.	гребе з усіх сил	біжить з усіх сил
4742	Вона така сильна на канатах!	Вона така сильна на велосипеді!	сильні руки й ноги	чашка міцної кави
4827	Ця помаранчева фарба густа.	Ця синя фарба густа.	густий мазок фарби	свіжий шар фарби
4828	Половина стіни вже зелена.	Половина стіни вже синя.	наполовину зелена стіна	зелена садова стіна
4873	Вона з головою поринула в навчання.	Вона заблукала в лісі.	занурена в навчання	медичне дослідження
4965	Рутина у ванній кімнаті завершена.	Рутина на кухні завершена.	чистити зуби у ванній кімнаті	співати у ванній кімнаті
4989	Вони мчать униз з пагорба!	Вони мчать униз дорогою!	мчати вниз з пагорба	котитися з пагорба
5025	Боже, цей жарт такий смішний!	Боже, цей урок такий смішний!	жарт у телефоні	жарт від учителя
5032	Вона йде попереду й веде команду вперед.	Вона йде попереду й веде команду назад.	іти попереду групи	планувати поїздку наперед
5109	Дюжина солодких капкейків, а вона їсть сама.	Дюжина солодкого печива, а вона їсть сама.	таця солодких капкейків	чашка солодкого чаю
5123	Кава, раковина, ванна — усе переливається через край!	Кава, раковина, духовка — усе переливається через край!	ванна, що переливається	дорога, затоплена після дощу	затопити = has been flooded; переливатися used for overflowing
5174	Це весела вечеря.	Це веселий сніданок.	весела сімейна вечеря	весела корпоративна вечірка	життєрадісний is for people; веселий used
5215	Вона катається на велосипеді біля фіорду.	Вона катається на велосипеді в місті.	велоспорт біля фіорду	велоспорт у місті	велоспорт unnatural as she-is-cycling; kept in phrases
5266	Вона впустила телефон!	Вона впустила чашку!	телефон, що впав	телефонна будка
5278	Дійшли до рогу. Рухаємося далі.	Дійшли до річки. Рухаємося далі.	ріг двох вулиць	кут кімнати	street corner = ріг, not кут
5306	Так зручно на одному дивані!	Так зручно на одному ліжку!	зручно на переповненому дивані	зручно у великому ліжку
5316	Обожнюю її пружне кучеряве волосся.	Обожнюю її пружне пряме волосся.	темне дрібно кучеряве волосся	довге кучеряве світле волосся
5322	Бридкий суп! Він його виплюнув.	Бридкий чай! Він його виплюнув.	випльовує зелений суп	випльовує вишневу кісточку
5364	Двоє героїв їй допомагають!	Дві медсестри їй допомагають!	допомагати втомленій бігунці	допомагати втомленому водієві	асистувати is jargon here; допомагати used
5412	Грецькі колони, мармур із канелюрами.	Грецькі колони, рожевий мармур.	величезні мармурові колони з канелюрами	стовп на парковці	Greek pillars = колони, not стовпи
