1	Його «коротка» перерва затяглася.	Його «коротка» пробіжка затяглася.	коротка перерва з телефоном	коротка перерва на каву
2	У неї стільки сертифікатів!	У неї стільки медалей!	показує свої сертифікати	друкує свої сертифікати
3	Її клас — повний хаос!	Її клас спить!	клас, що вийшов з-під контролю	поїздка класу за кордон
4	У неї онлайн-курс.	У неї онлайн-зустріч.	онлайн-курс удома	кулінарний курс у школі
6	Однієї подушки замало.	Одного стільця замало.	гора подушок	гора ковдр
7	Сьогодні в нього випускний.	Сьогодні в неї випускний.	випускна церемонія	подарунок на випускний
8	Вона звинуватила ключ-карту. Двері не ті.	Вона звинуватила валізу. Двері не ті.	прикладає ключ-карту	губить ключ-карту
9	Це жвава лабораторія.	Це жвава кухня.	працює в лабораторії	прибирає лабораторію
10	Листок — це безкоштовна парасолька!	Листок — це безкоштовна ковдра!	гігантський зелений листок	гігантська зелена жаба
11	Ця бібліотека величезна!	Ця бібліотека крихітна!	величезна стара бібліотека	маленька шкільна бібліотека
13	Її серветка — справжній витвір мистецтва!	Її торт — справжній витвір мистецтва!	складає серветку	серветка на підлозі
14	На сторінку кладуть квітку.	На сторінку кладуть фото.	сторінка з квітами	сторінка в газеті
15	Одна таблетка — і він у нормі.	Одна кава — і він у нормі.	ковтає білу таблетку	таблетка для сну
16	Вона проводить презентацію.	Вона дає концерт.	проводить презентацію	дивиться презентацію
17	Проєкт: один дерев'яний сарай.	Проєкт: один дерев'яний човен.	великий проєкт сараю	шкільний проєкт на папері
18	Вона миє коріння.	Вона обрізає коріння.	промиває коріння	коріння великого дерева
19	Він нарешті знайшов лінійку!	Він нарешті знайшов олівець!	креслить лінійкою	креслить циркулем
20	Розклад забитий, але сон перемагає!	Розклад забитий, але робота перемагає!	забитий розклад	розклад автобусів
21	Ласкаво просимо до моєї школи, бро.	Ласкаво просимо до мого офісу, бро.	екскурсія моєю школою	екскурсія моїм офісом
22	Науковець обожнює графіки.	Студент обожнює графіки.	науковець із планшеткою	науковець із мікроскопом
23	Вона виголошує офіційну промову.	Вона дає короткий концерт.	щира промова	бульбашка з реплікою
24	Її ложка спустошила всю миску!	Її виделка спустошила всю миску!	повна ложка супу	повна ложка цукру
25	Його степлер ніколи не здається!	Його принтер ніколи не здається!	червоний степлер	зламаний степлер
26	Його трубочка працює на максималках!	Його ложка працює на максималках!	смугаста трубочка з гармошкою	солом'яний капелюх від сонця
27	Ця студентка охолоджує каву льодом.	Ця студентка підігріває каву.	студентка з холодною кавою	студентка з гарячим супом
28	У школі багато предметів.	У школі два предмети.	багато шкільних предметів	тема електронного листа
29	Її телескоп показує метеор!	Її телескоп показує ракету!	телескоп на штативі	телескоп на кораблі
30	Цей підручник ніколи не закінчиться.	Цей фільм ніколи не закінчиться.	дуже товстий підручник	дуже тонкий підручник
31	П'ятий тиждень: університет порожній.	П'ятий тиждень: університет повний.	порожня зала університету	порожня бібліотека університету
32	Вони грають у гру в слова.	Вони грають у карткову гру.	швидка гра в слова	швидка гра в карти
33	Від кави біль тільки сильніший!	Від льоду біль тільки сильніший!	біль у щелепі	біль у спині
34	Бадмінтон — чудова активність.	Теніс — чудова активність.	активність надворі після обіду	активність на дощовий день
35	Цей актор заслуговує на «Оскар»!	Цей співак заслуговує на «Оскар»!	актор на знімальному майданчику	актор на постері
36	Вона так обожнює цього кота!	Вона так обожнює цього пса!	обожнює свого рудого кота	обожнює свого рудого пса
37	Команда просувається до мети.	Команда просувається до хатини.	просуваються до вершини	просуваються до фіналу
38	Сьогодні в аеропорту жвавий рух.	Сьогодні в аеропорту жодного руху.	жвава злітна смуга аеропорту	магазин в аеропорту
39	Швидка зупиняється на узбіччі.	Таксі зупиняється на узбіччі.	швидка на вулиці	швидка на автомагістралі
40	Вона ненавидить цю відповідь.	Вона обожнює цю відповідь.	відповідь із картки	відповідь від друга
41	Просто маленька сварка.	Просто маленький поцілунок.	сварка через картину	сварка через гроші
42	Цей іспит для нього заважкий.	Цей іспит для нього залегкий.	опускає руки на іспиті	складає іспит
44	Стільки гніву через пакет квітів!	Стільки гніву через пакет яблук!	гнів на квітковому ринку	гнів у заторі
45	Вона сердита на чоловіка!	Вона сердита на собаку!	сердита жінка	сердита через дощ
46	Це яблуко виглядає таким хрустким!	Ця груша виглядає такою хрусткою!	кусає червоне яблуко	пече яблучний пиріг
47	Арена забита вщент. Божевілля!	Арена порожня. Божевілля!	забита крита арена	порожня крита арена
48	Він приїхав і такий щасливий!	Він приїхав і такий сумний!	приїжджає до пляжного готелю	приїжджає в офіс
49	Її стріла влучила в яблучко.	Її стріла влучила в дерево.	стріла в яблучку	стрілка на вказівнику
50	Баночки схожі на торт!	Баночки схожі на суп!	наповнює маленькі скляні баночки	відкриває маленькі скляні баночки
51	Стискати слайм — це такий кайф.	Стискати глину — це такий кайф.	стискає кольоровий слайм	стискає лимон
52	Асистент робить усе.	Модель робить усе.	корисний асистент	продавець-консультант
53	Це легка атлетика в найкращому вигляді.	Це плавання в найкращому вигляді.	легка атлетика на стадіоні	легка атлетика по телевізору
54	Готівка з банкомата — на соняшники!	Готівка з банкомата — на піцу!	знімає готівку з банкомата	банкомат ковтає її картку
55	Вона виграла аукціон.	Вона програла аукціон.	торгується на аукціоні	аукціон в інтернеті
56	Осінь: листя всюди!	Осінь: сніг усюди!	стрибає в осіннє листя	осіннє листя на дереві
57	Вони обожнюють задню частину залу!	Вони обожнюють передню частину залу!	сидять у задній частині	задня частина сцени
58	Її рюкзак величезний, без жартів.	Її валіза величезна, без жартів.	пакує помаранчевий рюкзак	рюкзак у школі
61	Чому вони крокують назад?	Чому вони біжать назад?	крокують назад у парку	падають назад у парку
62	Яблуко втекло із сумки!	Хліб утік із сумки!	пакує сумку для пікніка	пластиковий пакет для покупок
65	Овочі на деку.	Печиво на деку.	овочі на деку	печиво на деку
66	Вони зайняті випіканням хліба.	Вони зайняті випіканням торта.	випікання золотистої хлібини	випікання печива
67	Він вивчив новий трюк із бананом.	Він вивчив новий трюк з яблуком.	чистить банан	банан у смузі
68	Бинт для її зап'ястя.	Бинт для її коліна.	еластичний бинт на зап'ясті	бинт на голові
69	Штанга програла. Вона перемогла!	Штанга перемогла. Вона програла!	станова тяга з важкою штангою	гне важку штангу
70	Цей перукар — легенда!	Цей пекар — легенда!	перукар підрівнює бороду	перукар підмітає підлогу
71	Березова кора — як папір.	Соснова кора — як папір.	здирає березову кору	гучний гавкіт собаки
72	Королева баскетболу, оце данк!	Королева баскетболу, оце промах!	данк у баскетболі	баскетбол по телевізору
74	Кажан летить над озером.	Кажан летить над містом.	кажан летить на заході сонця	бита б'є по м'ячу
75	Чувак, кажани махають крилами.	Чувак, птахи махають крилами.	махає великими крилами	махає крилами на дні печери
76	Звинувачуй старі батарейки.	Звинувачуй стару лампочку.	вставляє нові батарейки	акумулятор для машини
78	Море забрало їхній замок на пляжі.	Собака забрав їхній замок на пляжі.	піщаний замок на пляжі	кам'янистий пляж
79	Ведмідь женеться за рибою!	Ведмідь женеться за качкою!	ведмідь у річці	ведмідь у зоопарку
80	Десять років, щоб відростити таку бороду!	Десять днів, щоб відростити таку бороду!	довга чорна борода	коротка сива борода
81	Чиста краса на Санторині.	Чиста краса у Венеції.	краса заходу сонця	салон краси в місті
82	Бджола повертається на роботу.	Мураха повертається на роботу.	бджола на квітці	бджола в банці
83	Пінка на пиві — вищий ґатунок.	Пінка на молоці — вищий ґатунок.	наливає золотисте пиво	пиво на футбольному матчі
84	Ремінь урятував його штани!	Мотузка врятувала його штани!	застібає шкіряний ремінь	знімає шкіряний ремінь
85	Малий його зрадив!	Пес його зрадив!	зраджений фермер	зраджений малий
86	Цей рахунок надто довгий!	Цей рахунок надто короткий!	дуже довгий рахунок	рахунок у гаманці
87	Птах дає концерт!	Кіт дає концерт!	птах голосно співає	птах у клітці
88	Собака хоче селфі.	Кішка хоче селфі.	собака біля камери	собака біля дверей
89	Чорна кішка стрибає вниз.	Смугаста кішка стрибає вниз.	кішка на котячій вежі	кішка під котячою вежею
90	Стоп, цуценята вміють танцювати?!	Стоп, цуценята вміють літати?!	цуценя у ванні	цуценя в снігу
91	Мама звинувачує хлопця. А це був кіт.	Мама звинувачує хлопця. А це був пес.	звинувачувати кота	звинувачувати погоду
92	Одна ковдра, двоє людей.	Одна ковдра, троє людей.	ділять велику ковдру	ділять велику піцу
93	Це все блендер!	Це все тостер!	смузі в блендері	блендер, повний супу
94	Він моргнув першим. Вона виграла!	Вона моргнула першою. Він виграв!	моргнути першим	моргати від сонця
95	Вона наносить рожеві рум'яна.	Вона наносить сині рум'яна.	наносить рожеві рум'яна	червоніє від сорому
96	Вона сідає в літак.	Вона сідає в поїзд.	сідає в літак	сідає в автобус
97	Вода кипить.	Молоко кипить.	вода бурхливо кипить	молоко бурхливо кипить
98	Вона читає в гамаку.	Вона спить у гамаку.	читає в гамаку	спить у гамаку
99	Вона дочитала всю книгу!	Вона доїла весь торт!	читає зелену книгу	книга в поїзді
100	Ці чоботи обожнюють багнюку.	Ці сандалі обожнюють багнюку.	чоботи в багнюці	чоботи в магазині
101	Ох. Вона така знуджена.	Ох. Він такий знуджений.	знуджена від чекання	знуджена на вечірці
102	Рівень нудьги: мокра шкарпетка на голові.	Рівень нудьги: мокра шапка на голові.	нудьга в пральні	нудьга в класі
103	Ніч у пральні. Ох!	Ніч у бібліотеці. Ох!	чекає в пральні	працює в пральні
104	Камінь із морського дна!	Мушля з морського дна!	камінь із дна	дно склянки
105	Її лук ніколи не схибить.	Її лук завжди хибить.	натягує дерев'яний лук	лук і меч
106	Він цілиться в тюк сіна.	Він цілиться в дерево.	цілиться з бамбукового лука	цілиться з водяного пістолета
107	Миска тепер — його чашка.	Каструля тепер — його чашка.	п'є з миски	миє синю миску
110	Кіт «допомагає» з коробками.	Пес «допомагає» з коробками.	велика запакована коробка	коробка цукерок
111	Бокс робить її такою щасливою.	Теніс робить її такою щасливою.	бокс у червоних рукавицях	пакує старий одяг у коробки
112	Маленька дівчинка смілива, а от її батьки — не дуже.	Маленький хлопчик сміливий, а от його батьки — не дуже.	смілива маленька дівчинка	сміливий лицар в обладунках
114	Хліб ще такий теплий.	Хліб ще такий заморожений.	теплий хліб із печі	хліб із супермаркету
115	Півень теж прийшов на сніданок.	Пес теж прийшов на сніданок.	сніданок у саду	сніданок у ліжку
116	Розбивати речі — тепер мистецтво!	Фарбувати речі — тепер мистецтво!	розбиває блакитну плитку	розбиває вікно
117	Вони зробили мозаїку з тарілок.	Вони зробили мозаїку з чашок.	квіткова мозаїка з тарілок	мозаїка зі скляної плитки
118	Зібрали — час дати п'ять!	Зібрали — час обійнятися всім разом!	збирає високу грядку	висока офісна будівля
119	Лампочку замінено. Завдання виконано.	Запобіжник замінено. Завдання виконано.	вкручує нову лампочку	цибулина в саду
120	Цей бургер — лише двома руками!	Ця піца — лише двома руками!	високий бургер із сиром	бургер у коробці
121	Він спалив млинець. Ой!	Він спалив тост. Ой!	спалений чорний млинець	спалений чорний стейк
122	Вони вічність чекають на автобусній зупинці.	Вони вічність чекають на залізничній станції.	чекають на автобусній зупинці	чекають на стоянці таксі
123	З куща вилетів птах!	З куща вистрибнув кіт!	збирає ягоди з кущів	ховається за кущами
124	Вона намазує цілу цеглину масла.	Вона намазує цілу цеглину сиру.	намазує масло на хліб	розстеляє ковдру для пікніка
125	Масло зламало хліб!	Джем зламав хліб!	надто тверде масло	масло на гарячій сковороді
126	Йому треба допомогти з ґудзиками.	Йому треба допомогти зі шнурками.	кривий ряд ґудзиків	натискає кнопку ліфта
127	Цей кактус надто колючий!	Ця пальма надто колюча!	гострі колючки кактуса	кактус у горщику
128	На її святковому торті ягоди.	На її святковому торті банани.	вершковий торт на день народження	шоколадний весільний торт
129	П'ять плюс три? Йому потрібен калькулятор.	Дев'ять плюс дев'ять? Йому потрібен калькулятор.	великий настільний калькулятор	калькулятор у телефоні
130	Сердечко в її календарі? Любов!	Зірочка в її календарі? Любов!	сердечко в календарі	календар на столі
131	Подзвонили — і це найкраща розмова в житті!	Подзвонили — і це найгірша розмова в житті!	радісно дзвонить	дзвонить по допомогу
132	Калорії торта перемагають!	Калорії салату перемагають!	спалює калорії	рахує калорії на етикетці
133	Верблюд робить перерву.	Верблюд приймає ванну.	верблюд у пустелі	верблюд у снігу
134	Кемпінг у сосновому лісі — це кайф.	Кемпінг на піщаному пляжі — це кайф.	кемпінг у лісі	кемпінг у саду
135	Його плани скасували. Є!	Його рейс скасували. Є!	скасовує плани на вечір	скасовує абонемент у спортзал
136	Свічки на двох? Так мило.	Лампа на двох? Так мило.	свічка на столі	свічка на торті
137	Каньйон кричить у відповідь!	Ліс кричить у відповідь!	вузький щілинний каньйон	каньйон згори
138	Кепка — нарешті хоч якась тінь.	Дерево — нарешті хоч якась тінь.	коралова кепка від сонця	кришка на пляшці
139	Він знайшов столицю!	Він знайшов океан!	столиця під пагорбом	велика літера
140	Їхній новий килим такий м'який!	Їхній новий диван такий м'який!	м'який зелений килим	м'яка зелена ковдра
141	Ця морква нагодує коня.	Ця картоплина нагодує коня.	гігантська морква	гігантська картоплина
142	Він такий великий! Справжній замок.	Він такий маленький! Справжній замок.	замок на озері	замок на пагорбі
144	Він зловив червоний м'яч.	Він зловив синій м'яч.	ловити червоний м'яч	зловити застуду
145	Ловіння м'яча в них справді класне.	Удари по м'ячу в них справді класні.	ловіння помаранчевого м'яча	зловити застуду
146	У цієї гусениці п'ятирічний план.	У цього равлика п'ятирічний план.	гусениця на листку	гусениця в банці
147	Вони заходять у темну печеру!	Вони заходять у темний будинок!	заходять у темну печеру	сплять у печері
148	Вони святкують!	Вони вчаться!	святкують день народження	святкують весілля
149	Його лист процензурували. Нахабство!	Його лист спалили. Нахабство!	процензурований лист	процензурований фільм
150	Він їсть пластівці без молока!	Він їсть пластівці без миски!	сухі пластівці в мисці	пластівці в коробці
151	Ланцюг тримає ворота на замку.	Мотузка тримає ворота на замку.	ланцюг на воротах	ланцюг на велосипеді
152	Найкращий стілець у світі! Оберт на 360!	Найкращий диван у світі! Оберт на 360!	новий обертовий стілець	нове крісло-гойдалка
153	Корок від шампанського летить!	Келих шампанського летить!	наливає шампанське	бризкає шампанським на подіумі
154	Зарядка була в шухляді!	Зарядка була в холодильнику!	вмикає зарядку	зарядка для машини
155	Сир тягнеться безкінечно!	Хліб тягнеться безкінечно!	тягучий розплавлений сир	сир на піці
156	Його медаль у нього на грудях.	Його медаль у нього на голові.	руки на грудях	руки на голові
157	Її жуйка така рожева.	Її жуйка така зелена.	надуває бульбашки з жуйки	жуйка під партою
158	Жування — це важка праця!	Ходьба — це важка праця!	жування липкої ірки	жування олівця
159	Курка знесла яйце!	Курка з'їла яйце!	курка в курнику	курка на тарілці
160	Факт: курка сидить у своєму гнізді.	Факт: качка сидить у своєму гнізді.	курка в гнізді	курка в'є гніздо
161	Пес хоче ту курячу гомілку.	Кіт хоче ту курячу гомілку.	кусає курячу гомілку	паличка для барабана
162	Він розтоплює шоколад.	Він розтоплює масло.	розтоплює шоколад у каструлі	шоколадний торт на день народження
163	Він уже вміє їсти паличками!	Він уже вміє їсти виделкою!	тримає палички	ламає палички
164	Цілий дамплінг за один укус!	Ціла піца за один укус!	цілий дамплінг із супом	ліпить дамплінги вдома
165	Вони в кінотеатрі.	Вони в зоопарку.	темний кінотеатр	квиток у кінотеатр
166	Вони утворюють ідеальне коло.	Вони утворюють ідеальну лінію.	коло з людей	коло зі стільців
167	Хороший громадянин голосує і прибирає.	Хороший громадянин голосує і танцює.	гордий громадянин голосує	громадянин сплачує податки
168	Вони отримали громадянство!	Вони отримали медалі!	отримують документи про громадянство	втрачають громадянство
169	Глина стала мискою.	Глина стала вазою.	вологий шматок глини	ґрунтовий тенісний корт
170	Прибиральниця розгребла цей безлад!	Кухарка розгребла цей безлад!	прибиральниця в готелі	мийник вікон
171	У хлопця правильна відповідь, у дівчини — ні.	У дівчини правильна відповідь, у хлопця — ні.	правильна відповідь	правильне написання
172	Його бутси тримаються на мокрій траві.	Його бутси тримаються на мокрому піску.	зашнуровує бутси	зашнуровує ковзани
173	Вони лежать на скелі.	Вони лежать на пляжі.	край скелі	лазить по скелі
174	Вони біля стійки реєстрації в клініці.	Вони біля стійки реєстрації в готелі.	візит до клініки	візит до спортзалу
175	Вони вішають годинник.	Вони вішають картину.	круглий кухонний годинник	круглий кухонний стіл
176	Вугілля всипали — вогонь пішов!	Дрова всипали — вогонь пішов!	засипає вугілля в піч	глибока вугільна шахта
177	Пальто на мені. Ну що, зимо, спробуй!	Рукавиці на мені. Ну що, зимо, спробуй!	застібає довге пальто	вішає довге пальто
178	У коктейлі парасолька.	У коктейлі прапорець.	шаруватий помаранчевий коктейль	коктейльна сукня
179	Кава діє як магія!	Вода діє як магія!	кава з гейзерної кавоварки	кава з автомата
180	Надто холодна! Її рука каже «ні».	Надто гаряча! Її рука каже «ні».	холодне замерзле озеро	холодний напій
181	Комір догори? Та ні!	Рукави догори? Та ні!	піднятий комір	собачий нашийник
182	У нього помаранчевий гребінець.	У нього синій гребінець.	помаранчевий пластиковий гребінець	гребінець для собаки
183	Подруга її втішає.	Подруга її ігнорує.	втішає заплакану подругу	втішає заплакану дитину
184	Вона наказує — вони біжать.	Вона наказує — вони сплять.	наказує шерензі новобранців	наказує екіпажу корабля
185	Він їздить на роботу трамваєм. Нудьга.	Він їздить на роботу човном. Нудьга.	їздить на роботу трамваєм	їздить на роботу велосипедом
186	Навіть пес на концерті!	Навіть кіт на концерті!	концерт просто неба	концертна зала
187	Вона розгублена через інструкцію.	Вона розгублена через мапу.	розгублена через інструкцію	розгублена через дату
188	Конституція каже «ні».	Конституція каже «так».	читає конституцію	пише нову конституцію
189	Три машини утворюють конвой.	П'ять машин утворюють конвой.	конвой спорткарів	конвой вантажівок
190	Вона вмочує печиво.	Вона вмочує хліб.	вмочує печиво	пече торт із печива
191	Він користується штопором.	Він користується ножем.	вкручує штопор	штопор у шухляді
192	Вони ховаються за кутом!	Вони ховаються під столом!	за кутом	магазинчик на розі
193	Який корумпований чиновник!	Який чесний чиновник!	корумпований чиновник	пошкоджений файл
194	Бавовна така м'яка.	Вовна така м'яка.	збирає м'яку бавовну	купує бавовняні простирадла
195	Чай з медом зупиняє кашель.	Холодне пиво зупиняє кашель.	кашель у кріслі	кашель на концерті
196	Сміливість допомогла їй перейти!	Тролей допоміг їй перейти!	переходить зі сміливістю	сміливість стрибнути вниз
197	Корову доять.	Козу доять.	корова з дзвіночком	корова в капелюсі
198	Судома зупинила її пробіжку.	Судома зупинила її заплив.	судома в литці	судома в руці
199	Він урізається в усіх!	Він урізається в стіну!	машинки на автодромі врізаються	розбиває справжню машину	loc розбиватися = get wrecked; bumper-car sense needs врізатися
200	Він тримає вершки над головою!	Він тримає суп над головою!	густі збиті вершки	крем для обличчя
201	Класні зуби, крокодиле!	Класні зуби, леве!	крокодил із роззявленою пащею	крокодил із заплющеними очима
202	Телефон геть. Тепер він може переходити.	Телефон геть. Тепер він може плавати.	безпечно переходити вулицю	схрестити пальці
203	У їхньому круїзі ще й дельфіни!	У їхньому круїзі ще й акули!	круїз до тропічних островів	круїз до Антарктиди
204	Він мчить на милицях!	Він мчить на велосипеді!	іде на двох милицях	спирається на одну милицю
205	Сумний фільм — і плач на двох.	Сумний фільм — і сон на двох.	плач над сумним фільмом	плач на весіллі
206	Її спа з огірків — бюджетний.	Її спа з лимонів — бюджетний.	скибочки огірка на очах	огірок у сендвічі
207	Її чашка маленька й зелена.	Її чашка маленька й синя.	маленька зелена чашка	чашка кави
209	Допитливий кіт, ніякої приватності.	Допитливий пес, ніякої приватності.	допитливий кіт зазирає	допитливий пес зазирає
210	Вона щаслива покупниця.	Вона сумна покупниця.	покупниця біля каси	покупниця біля дверей	feminine покупниця (she)
211	«Лише один фрукт!» Митниця сказала «ні».	«Лише один черевик!» Митниця сказала «ні».	фрукт на митниці	фрукт на ринку
212	У цього танцівника класні рухи.	У цього співака класні рухи.	хіп-хоп танцівник	балетний танцівник на сцені
213	Його танці такі плавні.	Його спів такий плавний.	танці сальси на кухні	танці під дощем
214	Цей лід небезпечний!	Цей лід безпечний!	небезпечний тонкий лід	небезпечна ожеледь на дорозі
215	Кімната поринула в темряву.	Сад поринув у темряву.	кухня в темряві	темрява в кінотеатрі
217	Її дротик біля самого яблучка!	Її дротик біля самих дверей!	кидає бірюзовий дротик	кидає бірюзовий м'яч
218	Вона проголосила міст відкритим.	Вона проголосила школу відкритою.	проголошує міст відкритим	декларує товари на митниці
219	Олень на нас кричить!	Олень на нас біжить!	олень у тумані	олень у снігу
220	Він розморозив рибу.	Він розморозив курку.	розморожене рибне філе	розморожує вікно машини
221	Вона тримає свій диплом про вищу освіту.	Вона тримає свою дитину.	тримає диплом про вищу освіту	вчиться заради диплома
222	Ця затримка тягнеться вічність.	Цей поїзд тягнеться вічність.	затримка на вокзалі	затримка в аеропорту
223	Доставка нарешті тут!	Сантехнік нарешті тут!	доставка їжі	доставка посилки
224	Проєктувати стілець — це весело.	Проєктувати стіл — це весело.	проєктує модель стільця	створює дизайн сукні
225	Її письмовий стіл готовий. Кіт згоден.	Її письмовий стіл готовий. Пес згоден.	чистий письмовий стіл для роботи	чистий стіл для вечері
226	Порожній футляр, повний відчай.	Повний футляр, повний відчай.	відчай у порожньому тунелі	відчай після іспиту	case read as a busker's instrument case (футляр)
227	Цей діамант аж палає!	Цей рубін аж палає!	блискучий перстень із діамантом	діамантове намисто
228	Вечеря біля моря — непогано.	Вечеря біля басейну — непогано.	вечеря на терасі	вечеря на кухні
229	Він нарешті отримав диплом!	Він нарешті отримав медаль!	отримує диплом	вставляє диплом у рамку
230	Режисер хоче повільніше.	Режисер хоче швидше.	режисер кричить «Стоп!»	директор банку
231	Він її сильно розчарував.	Він сильно розчарував свого боса.	розчаровує свою партнерку	розчарувальні результати тесту
232	Він трохи розчарований.	Вона трохи розчарована.	розчарований покупець	розчарований через дощ
233	Він вивихнув плече.	Він вивихнув коліно.	вивихнуте плече	вивихнутий палець
234	Цукор розчинився. Магія!	Сіль розчинилася. Магія!	кубик цукру розчиняється	таблетка розчиняється
235	Чувак, він приніс м'яч.	Чувак, він приніс палицю.	приносить червоний м'яч	приносить червоне яблуко
236	Дельфін змагається з човном.	Дельфін змагається з акулою.	дельфін біля човна	дельфін у басейні
237	Віслюк качається в пилюці, ніби це спа.	Віслюк качається в багнюці, ніби це спа.	віслюк качається в пилюці	віслюк несе торбу
238	Він украв напій!	Він украв черевик!	краде напій клієнта	краде посилку клієнта
239	Він сумнівається, що каблучка золота.	Він певен, що каблучка золота.	сумнівається в золотій каблучці	сумнівається у своїй дівчині
240	Бабуся оголошує нічию.	Пес оголошує нічию.	нічия в армрестлінгу	нічия у футболі
241	Малюнок точнісінько як справжня гавань!	Малюнок точнісінько як справжня гора!	малюнок будинків олівцем	малюнок на стіні
242	Покрутися ще! Класна сукня!	Покрутися ще! Класний капелюх!	червона літня сукня	червона весільна сукня
243	Зимове одягання — це важка праця!	Літнє одягання — це важка праця!	швидке одягання взимку	заправляє салат
244	Одного напою було замало.	Одного сендвіча було замало.	свіжий апельсиновий напій	гарячий напій
245	Її пиття — рівень верблюд!	Її їда — рівень верблюд!	пиття зі сталевої пляшки	пиття на вечірці
246	Таке плавне водіння.	Така плавна їзда на велосипеді.	водіння вздовж узбережжя	водіння містом
247	Він впускає яблуко заради науки.	Він кидає яблуко заради науки.	впустити яблуко	впустити склянку
248	Вона дозує піпеткою.	Вона дозує шприцом.	стискає скляну піпетку	впускає скляну піпетку
250	Качка робить стійку на голові!	Лебідь робить стійку на голові!	качка на ставку	качка під дощем
251	Він качає біцепс гантеллю, а вона попиває каву.	Він качає біцепс гантеллю, а вона їсть торт.	піднімає важку гантель	гантель на дивані
252	Він здійняв величезну хмару пилу!	Він здійняв величезну хмару диму!	хмара пилу	хмара диму
253	Витирання пилу тут — командний спорт.	Готування тут — командний спорт.	витирання пилу з абажура	посипає торт цукровою пудрою
254	Вони крутять Землю!	Вони фарбують Землю!	Земля на столі	мапа Землі
255	Сонце сходить на сході.	Сонце сходить на заході.	обличчям на схід на світанку	їде на схід поїздом
256	Вони стільки з'їли, що наїлися.	Вони стільки з'їли, що зголодніли.	їсти суп із локшиною	їсти сендвіч
258	Обережно, там край!	Обережно, там діра!	край причалу	гострий край ножа
259	Небо якесь моторошне. Прибульці?	Море якесь моторошне. Прибульці?	моторошне червоне сяйво	моторошний тихий ліс
260	Він смажить яйце.	Він варить яйце.	смажене яйце на тості	варене яйце
261	Електрик — герой!	Сантехнік — герой!	електрик за роботою	електрик на даху
262	Безкоштовний душ для слона.	Безкоштовний душ для жирафа.	слон біля водопою	слон у цирку
263	Вона виринає з озера!	Вона виринає зі снігу!	виринає з води	виходить із печери
264	Скільки емоцій у залі прильоту!	Скільки емоцій у залі вильоту!	сповнена емоцій	приховує емоції
265	Працівник отримав зарплату!	Працівника звільнили!	щасливий працівник	новий працівник
266	У неї забагато енергії!	У нього забагато енергії!	сповнена енергії	енергія сонця
267	Інженер зробив роботизовану руку.	Інженер зробив робота-собаку.	інженер у лабораторії	інженер на мосту
268	Вони запечатали конверт і поцілували його.	Вони запечатали конверт і спалили його.	запечатаний паперовий конверт	відкритий паперовий конверт
269	Чиста заздрість в автобусі.	Чиста заздрість у поїзді.	заздрість до велосипедиста	заздрість до водія автобуса
270	Її гумка стала горою!	Її гумка стала квіткою!	крихітна гумка-гора	крихітний будиночок у горах
272	Уся вода випарувалася.	Усе молоко випарувалося.	вода випаровується в каструлі	вода замерзає в каструлі
273	За чудовий вечір!	За чудовий ранок!	тихий вечір над містом	вечір у кіно
274	Усі на ногах!	Усі на своїх місцях!	усі разом радіють	усі йдуть раніше
276	На екскурсії був водоспад.	На екскурсії був замок.	екскурсія до водоспаду	екскурсія до музею
277	Вправи роблять її щасливою.	Вправи роблять її злою.	щоденні вправи в саду	щоденні вправи в спортзалі
278	Присідання на світанку в парку!	Присідання на світанку на пляжі!	глибокі присідання в парку	присідання з важкою вагою
279	Він докладає зусиль. Трохи.	Він розважається. Трохи.	докладає зусиль кожним м'язом	влада над людьми
280	Кошеня хоче камеру.	Цуценя хоче камеру.	кошеня на ліжку	кошеня в кошику
281	Стрілка з підводки для очей — ідеальна. Вийшло!	Стрілка з підводки для очей — жах. Вийшло!	стрілка підводкою для очей	підводка для очей на губах
282	Її тіні для повік — чисте золото.	Її тіні для повік — чисте срібло.	мерехтливі золоті тіні для повік	сині тіні на пензлику
283	Два метри тканини, будь ласка.	П'ять метрів тканини, будь ласка.	кроїть візерункову тканину	тканина для дивана
284	Їхні маски для обличчя тріскаються.	Їхні маски для обличчя тануть.	зелені маски для обличчя тріскаються	медична маска від грипу
285	Фото всією родиною. Кажемо «сир»!	Плавання всією родиною. Кажемо «сир»!	фото родини надворі	родинний фотоальбом
287	Село ще так далеко!	Озеро ще так далеко!	село далеко-далеко	далеко від міста
288	Навіть пес любить моду.	Навіть кіт любить моду.	мода на паризькій вулиці	обкладинка модного журналу
289	Вона заціпеніла від страху.	Вона заціпеніла від холоду.	страх на скляній підлозі	страх темряви
290	Яке почуття! Гол!	Яке почуття! Червона картка!	почуття радості	почуття нудьги
291	Вони в пшеничному полі.	Вони в рисовому полі.	золоте пшеничне поле	футбольне поле
292	Подушка програла бійку.	Лампа програла бійку.	бійка подушками в ліжку	бійка сніжками
293	Кіновиробництво на даху — це весело.	Кіновиробництво на пляжі — це весело.	кіновиробництво на даху	кіновиробництво в студії
294	Вогонь розгорається.	Вогонь згасає.	вогонь біля озера	вогонь на кухні
295	Рука змішує ножем.	Рука змішує ложкою.	змішує пасту у відрі	змішує тісто для торта
296	Він смажить на грилі цілу рибу.	Він смажить на грилі цілу качку.	ціла риба на грилі	риба в акваріумі
297	Риболовля — просто щоб попрощатися.	Риболовля — просто щоб повечеряти.	риболовля на тихому озері	риболовля з великого корабля
298	У примірочній перемагає третя спроба.	У примірочній перемагає перша спроба.	образи в примірочній	черга до примірочної
299	Вона прокидається через собаку.	Вона прокидається через кота.	прокидається з собакою	прокидається з будильником	loc прокидатися is intransitive; rephrased as she wakes up because of the dog
300	Вона піднімає прапор.	Вона опускає прапор.	піднімає прапор	махає прапором
301	Він тримається на воді посеред озера.	Він тримається на воді посеред басейну.	тримається на воді в озері	ширяє в повітрі
302	Він увесь у борошні!	Він увесь у багнюці!	борошно, як сніг	борошно на торті
303	Вона дарує тобі квітку.	Вона дарує тобі печиво.	гарна рожева квітка	гарна рожева сукня
305	Муха знову повернулася!	Бджола знову повернулася!	муха на варенні	муха в супі
306	Літати над хмарами — це прекрасно.	Літати над морем — це прекрасно.	літати над хмарами	запускати повітряного змія
307	Бу! Він сховався в тумані.	Бу! Він сховався в сараї.	ховається в густому тумані	пара на дзеркалі
308	Скільки їжі!	Як мало їжі!	великий стіл із їжею	їжа в холодильнику
309	Пляжний футбол на заході сонця.	Пляжний волейбол на заході сонця.	футбол босоніж на піску	футбол по телевізору
310	Цей ліс величезний!	Ця пустеля величезна!	ліс із високих дерев	лісова пожежа
311	Її навички з виделкою вражають.	Її навички з ножем вражають.	спагеті на виделці	розвилка на дорозі
312	Це був явний фол!	Це був явний гол!	фол ззаду	неприємний запах
313	Її тональний крем лягає так рівно.	Її тональний крем лягає плямами.	розтушовує тональний крем	фундамент будинку
314	Лисиця пірнає в траву, як плавчиня!	Лисиця пірнає у воду, як плавчиня!	лисиця в замерзлій траві	лисиця в курнику
315	Його штрафний удар — чистий Мессі!	Його пенальті — чистий Мессі!	закручений штрафний удар	змазаний штрафний удар
316	Морозилка дихає парою!	Духовка дихає парою!	шухляда морозилки	пакет для морозилки
317	Картопля фрі така гаряча!	Картопля фрі така холодна!	картопля фрі в ріжку	картопля фрі на тарілці
318	Дружба — це половина морозива.	Дружба — це половина шоколадки.	дружба і морозиво	дружба і піца
319	Жаба співає пісню!	Риба співає пісню!	зелена жаба квакає	жаба у відрі
320	Ого, іній усюди!	Ого, пісок усюди!	трава, біла від інею	іній на вікні машини
321	Вона хоче всі фрукти!	Вона хоче весь хліб!	купує свіжі фрукти	фруктовий салат
322	Азартні ігри: вона ставить на червоне.	Азартні ігри: вона ставить на чорне.	азартні ігри за рулеткою	азартні ігри на перегонах
323	Гра складається вдало для її команди.	Гра складається невдало для її команди.	баскетбольна гра на заході сонця	гра в карти
324	Вечір геймінгу: вона виграє.	Вечір геймінгу: він виграє.	вечір геймінгу вдома	геймерський магазин
326	У її саду є все!	У її саду є басейн!	сад на заході сонця	сад уночі
327	Садівництво тут — командна робота.	Готування тут — командна робота.	садівництво на піднятій грядці	садівництво на балконі
328	Часник так сильно пахне!	Цибуля так сильно пахне!	чистить зубчик часнику	чистить часникову ковбасу
