media_id,word,level,part_of_speech,group,storage_file,original_file,cut_times_s
2,certificate,B,noun,Classroom (801),Words/a_certificate_2_fs.mp4,,1.12 1.92 4.58 6.92
6,cushion,B,noun,Decor (1803),Words/a_cushion_6_fs.mp4,,0.42 2.54 4.25
7,graduation,B,noun,Campus (803),Words/a_graduation_7.mp4,,9.92
8,keycard,B,noun,Doors (3301),Words/a_keycard_8_fs.mp4,,0.71 1.38 2.42 5.29
9,laboratory,B,noun,Science (804),Words/a_laboratory_9_fs.mp4,,2.08 3.04 4.08 5.29
10,leaf,A,noun,Plants (2102),Words/a_leaf_10.mp4,,2.75 3.71 6.42 7.38
11,library,A,noun,Study (802),Words/a_library_11.mp4,,3.12 7.92
13,napkin,A,noun,Restaurant (304),Words/a_napkin_13.mp4,,2.08 2.92 3.88 8.21
14,page,A,noun,Crafts (404),Words/a_page_14.mp4,,2.46 5.42 7.88 11.46
15,pill,A,noun,Medicine (2803),Words/a_pill_15.mp4,,1.04 2.08 3.54 5.12 6.21 7.71
16,presentation,B,noun,Classroom (801),Words/a_presentation_16_fs.mp4,,0.38 5.79 10.54
17,project,A,noun,Construction (1601),Words/a_project_17.mp4,,0.42 1.33 2.12 2.67 3.29 4.29 4.92 6.04 7.00 7.67 8.67 9.33 10.29 11.71
18,root,B,noun,Plants (2102),Words/a_root_18_fs.mp4,,2.92 4.08 5.08
19,ruler,A,noun,Classroom (801),Words/a_ruler_19.mp4,,3.38 4.54 5.12 5.75 6.42 7.71
22,scientist,A,noun,Science (804),Words/a_scientist_22.mp4,,2.04 3.38 5.04
24,spoon,A,noun,Kitchenware (1301),Words/a_spoon_24.mp4,,0.67 1.54 2.75 4.50 6.04
25,stapler,A,noun,Papers (1903),Words/a_stapler_25.mp4,,1.54 2.75 3.38 4.08 6.04 7.38 8.38
26,straw,A,noun,Drinks (301),Words/a_straw_26.mp4,,3.38 6.54 7.62
27,student,A,noun,Campus (803),Words/a_student_27.mp4,,3.46 4.42 6.04 7.04 9.17
28,subject,A,noun,Classroom (801),Words/a_subject_28.mp4,,2.00 3.08 4.04 7.08 8.50 9.62 10.58
29,telescope,A,noun,Science (804),Words/a_telescope_29.mp4,,1.71 4.71 6.08 7.29 8.04 9.62
31,university,A,noun,Campus (803),Words/a_university_31.mp4,,6.38
34,activity,A,noun,Games (405),Words/activity_34.mp4,,2.08
35,actor,A,noun,Media (704),Words/actor_35.mp4,,3.54
41,argument,A,noun,Couples (2303),Words/an_argument_41.mp4,,0.71 1.25 1.83 2.50 3.54 4.54 5.42 6.54 8.54 9.54
42,exam,A,noun,Study (802),Words/an_exam_42.mp4,,2.04 3.00
43,to spin,A,verb,Science (804),Words/to_spin_43.mp4,,3.00
44,anger,B,noun,Drama (1403),Words/anger_44_fs.mp4,,5.58
46,apple,A,noun,Groceries (305),Words/apple_46.mp4,,2.08 7.42 9.04
48,arrive,A,verb,Hotel (204),Words/arrive_48.mp4,,3.25 3.92
49,arrow,B,noun,Olympics (2003),Words/arrow_49_fs.mp4,,3.58 4.79 6.12 7.38
50,jar,A,noun,Cosmetics (3402),Words/a_jar_50.mp4,,2.75 6.75
53,athletics,B,noun,Olympics (2003),Words/athletics_53_fs.mp4,,2.42 3.29 4.75
55,auction,B,noun,Prices (1901),Words/auction_55_fs.mp4,,1.58 2.75 4.54 5.38 8.88
57,back,A,noun,Shows (503),Words/back_57.mp4,,4.21 6.04 8.88
58,backpack,A,noun,Luggage (203),Words/backpack_58.mp4,,1.04 2.42 2.83 3.29 3.79 4.33 4.79 5.67
65,baking sheet,B,noun,Kitchenware (1301),Words/baking_sheet_65_fs.mp4,,1.88 3.71 4.67 6.58
66,baking,A,noun,Baking (1303),Words/baking_66.mp4,,1.38 2.04 3.62 5.79 8.71 9.21
69,barbell,B,noun,Olympics (2003),Words/barbell_69_fs.mp4,,3.54
70,barber,B,noun,Hair (3401),Words/barber_70_fs.mp4,,1.38 2.25 3.08 3.62 4.04 4.71 5.96 6.58
76,battery,A,noun,Gadgets (2402),Words/battery_76.mp4,,4.79 5.54
78,beach,A,noun,Seaside (205),Words/beach_78.mp4,,1.12 3.42
80,beard,A,noun,Hair (3401),Words/beard_80.mp4,,1.75
81,beauty,A,noun,Sights (207),Words/beauty_81.mp4,,4.04 4.67 5.38 6.04 7.08
84,belt,A,noun,Accessories (901),Words/belt_84.mp4,,3.00 5.62
85,betray,B,verb,Friends (3201),Words/betray_85_fs.mp4,,0.46 1.29 2.38 3.08 4.04
86,bill,B,noun,Prices (1901),Words/bill_86_fs.mp4,,6.21
88,dog,A,noun,Dogs (101),Words/a_dog_88.mp4,,3.58
91,blame,B,verb,Family (2301),Words/blame_91_fs.mp4,,2.92
93,blender,B,noun,Kitchenware (1301),Words/blender_93_fs.mp4,,4.04 7.54
94,blink,B,verb,Body (3101),Words/blink_94_fs.mp4,,0.46 1.38 2.38 3.21 5.17 6.29 7.21
96,board,B,verb,Flights (201),Words/board_96_fs.mp4,,1.46 3.21 3.71 7.08
97,boil,A,verb,Stove (1304),Words/boil_97.mp4,,1.25
98,hammock,B,noun,Seaside (205),Words/a_hammock_98_fs.mp4,,3.71
102,boredom,B,noun,Calm (1402),Words/boredom_102_fs.mp4,,1.71 2.25 3.08 3.54 4.42 5.04 6.17 6.71 7.21 9.21
103,laundromat,B,noun,Shops (1101),Words/a_laundromat_103_fs.mp4,,1.58 4.04 5.54 6.04
105,bow,B,noun,Olympics (2003),Words/bow_105_fs.mp4,,0.88 4.04 5.42 7.04 7.88
106,aim,B,verb,Adventure (406),Words/aim_106_fs.mp4,,7.25
107,bowl,A,noun,Meals (306),Words/bowl_107.mp4,,0.83 4.75
110,box,A,noun,Cleaning (2702),Words/box_110.mp4,,3.08 3.75 5.50
111,boxing,A,noun,Gym (1201),Words/boxing_111.mp4,,2.17 5.38
112,brave,A,adjective,Fear (3501),Words/brave_112.mp4,,0.67 1.29 3.04 5.96 8.04 9.08
114,bread,A,noun,Meals (306),Words/bread_114.mp4,,2.08
115,breakfast,A,noun,Meals (306),Words/breakfast_115.mp4,,0.46 2.42 3.38 4.00 4.71 5.21 5.75
116,breaking,A,noun,Force (2901),Words/breaking_116.mp4,,1.04 2.33 3.08 3.54 4.12 5.12 7.25 8.12
117,mosaic,B,noun,Crafts (404),Words/a_mosaic_117_fs.mp4,,1.21 3.17 6.75 8.04 9.04
118,building,A,noun,Construction (1601),Words/building_118.mp4,,2.54 3.08 4.04 4.54 5.50 6.71 7.29 8.58
119,bulb,A,noun,Electricity (2401),Words/bulb_119.mp4,,1.00 4.08 4.83 5.29 7.04
120,burger,A,noun,Takeaway (302),Words/burger_120.mp4,,1.00 1.42 1.96 3.08 3.88 4.38 4.83 6.04 8.08
124,spread,B,verb,Ingredients (1302),Words/spread_124_fs.mp4,,0.92 1.58 2.38 3.08 4.29 6.38
125,butter,A,noun,Meals (306),Words/butter_125.mp4,,1.04 2.00 3.58 5.54 7.71
126,button,A,noun,Tailor (902),Words/button_126.mp4,,1.62 3.04 8.25 9.21
127,cactus,B,noun,Plants (2102),Words/cactus_127_fs.mp4,,1.25 5.58
128,cake,A,noun,Sweets (303),Words/cake_128.mp4,,2.00 4.38 6.79 7.92
129,calculator,A,noun,Classroom (801),Words/calculator_129.mp4,,1.29 2.25 2.75 3.50 4.42
132,calories,B,noun,Gym (1201),Words/calories_132_fs.mp4,,0.54 4.25 6.88 7.75 8.33 10.62
134,camping,A,noun,Hiking (206),Words/camping_134.mp4,,0.38 1.00 1.62 2.75 4.08 4.71 5.71 6.58 7.00 8.08
135,cancel,B,verb,Conversation (504),Words/cancel_135_fs.mp4,,4.38 6.21
139,capital,A,noun,Countries (208),Words/capital_139.mp4,,1.83 2.38
140,carpet,A,noun,Decor (1803),Words/carpet_140.mp4,,0.83
142,castle,A,noun,Sights (207),Words/castle_142.mp4,,2.08 3.42 4.33 7.12
144,catch,A,verb,Games (405),Words/catch_144.mp4,,0.75 0.92
145,catching,A,noun,Playtime (507),Words/catching_145.mp4,,4.75
149,censor,B,verb,Law (1501),Words/censor_149_fs.mp4,,4.71 6.42
150,cereal,A,noun,Meals (306),Words/cereal_150.mp4,,7.92
153,champagne,B,noun,Drinks (301),Words/champagne_153_fs.mp4,,0.50 1.04 1.46 1.92 5.25 6.79
154,charger,A,noun,Gadgets (2402),Words/charger_154.mp4,,5.71 7.00
155,cheese,A,noun,Meals (306),Words/cheese_155.mp4,,1.00 1.71 2.79 3.58 4.04 5.00 5.88
159,chicken,A,noun,Farm (103),Words/chicken_159.mp4,,1.62 3.25 4.21 5.71 6.38
160,nest,B,noun,Farm (103),Words/a_nest_160_fs.mp4,,3.38 7.42 8.04
161,chicken drumstick,B,noun,Meals (306),Words/a_chicken_drumstick_161_fs.mp4,,3.08 5.04 6.62 7.42 8.04 9.38
162,chocolate,A,noun,Sweets (303),Words/chocolate_162.mp4,,1.04 2.00 3.42 6.04 7.04 7.88 8.88
163,chopsticks,A,noun,Restaurant (304),Words/chopsticks_163.mp4,,1.12 4.12 5.75 7.75 9.21
164,dumpling,B,noun,Restaurant (304),Words/a_dumpling_164_fs.mp4,,5.75 9.21
165,cinema,A,noun,Shows (503),Words/cinema_165.mp4,,4.21 7.38
166,circle,A,noun,Shapes (2501),Words/circle_166.mp4,,2.04 3.88
167,citizen,B,noun,Law (1501),Words/citizen_167_fs.mp4,,3.12 5.71
168,citizenship,B,noun,Law (1501),Words/citizenship_168_fs.mp4,,2.21 4.12 5.46 7.21 8.75
170,cleaner,A,noun,Service (703),Words/cleaner_170.mp4,,1.62 2.08 3.75 4.33 4.96 5.62 6.29 7.08 8.04
171,correct,A,adjective,Classroom (801),Words/correct_171.mp4,,2.58 5.08 7.71 10.79 11.42
173,cliff,A,noun,Coast (1001),Words/cliff_173.mp4,,4.08
176,coal,B,noun,Mountains (1003),Words/coal_176_fs.mp4,,5.04 7.04
177,coat,A,noun,Clothes (904),Words/coat_177.mp4,,2.04
178,cocktail,B,noun,Drinks (301),Words/cocktail_178_fs.mp4,,1.25 2.12 2.75 5.04 5.88 7.12 9.42
179,coffee,A,noun,Drinks (301),Words/coffee_179.mp4,,2.29 3.42 4.38 5.17 5.83 6.38
180,cold,A,adjective,Snow (1701),Words/cold_180.mp4,,1.67
182,comb,A,noun,Hair (3401),Words/comb_182.mp4,,2.58
184,command,B,verb,Workout (1203),Words/command_184_fs.mp4,,5.12 5.79
185,commute,B,verb,Transit (602),Words/commute_185_fs.mp4,,2.04 4.12 5.54 6.42 7.38
186,concert,A,noun,Shows (503),Words/concert_186.mp4,,7.12
187,confused,A,adjective,Drama (1403),Words/confused_187.mp4,,2.38 6.29 7.75 8.58
188,constitution,B,noun,Law (1501),Words/constitution_188_fs.mp4,,1.04 1.58 3.58 4.50 5.58 6.58 8.04
189,convoy,B,noun,Cars (605),Words/convoy_189_fs.mp4,,4.46 5.46 6.25 6.88 7.54 8.04 8.58 9.08 9.88 10.42
190,cookie,A,noun,Sweets (303),Words/cookie_190.mp4,,1.04 5.71
191,corkscrew,B,noun,Drinks (301),Words/corkscrew_191_fs.mp4,,7.92 8.71
192,corner,A,noun,Shapes (2501),Words/corner_192.mp4,,2.92 5.96
193,corrupt,B,adjective,Law (1501),Words/corrupt_193_fs.mp4,,3.04 3.71 4.54 5.71 6.25 6.75
195,coughing,A,noun,Illness (2801),Words/coughing_195.mp4,,1.29
196,courage,B,noun,Fear (3501),Words/courage_196_fs.mp4,,5.21 7.58
197,cow,A,noun,Farm (103),Words/cow_197.mp4,,5.38
198,cramp,B,noun,Outdoors (1202),Words/cramp_198_fs.mp4,,1.08 2.04 4.38 4.88 6.54
199,crash,A,verb,Playtime (507),Words/crash_199.mp4,,2.04 3.38 4.42 6.79
200,cream,A,noun,Baking (1303),Words/cream_200.mp4,,0.75 2.29 4.54 6.75 7.46 8.08 8.75 9.42
202,cross,A,verb,Movement (603),Words/cross_202.mp4,,1.62 3.08 11.25
203,cruise,B,noun,Seaside (205),Words/cruise_203_fs.mp4,,4.42 5.83 7.25 8.71
206,cucumber,A,noun,Groceries (305),Words/cucumber_206.mp4,,2.04 4.04 5.46 8.58 9.21
207,cup,A,noun,Drinks (301),Words/cup_207.mp4,,0.88 2.12 3.58
210,customer,A,noun,Prices (1901),Words/customer_210.mp4,,2.88 3.75 7.21
211,customs,B,noun,Countries (208),Words/customs_211_fs.mp4,,0.71 2.58 3.88 6.08 6.75 8.54
214,dangerous,A,adjective,Fear (3501),Words/dangerous_214.mp4,,0.83 2.75 3.42 5.71 6.46
215,darkness,B,noun,Electricity (2401),Words/darkness_215_fs.mp4,,6.42
217,dart,B,noun,Games (405),Words/dart_217_fs.mp4,,2.75 3.25 5.83
218,declare,B,verb,Law (1501),Words/declare_218_fs.mp4,,2.71
220,defrost,B,verb,Ingredients (1302),Words/defrost_220_fs.mp4,,3.92
221,degree,B,noun,Campus (803),Words/degree_221.mp4,,4.54 7.00 9.58
222,delay,B,noun,Station (202),Words/delay_222_fs.mp4,,1.71 2.17 3.54 4.38
223,delivery,A,noun,Takeaway (302),Words/delivery_223.mp4,,1.58 3.04 5.83 6.75
224,designing,B,noun,Mind (3001),Words/designing_224_fs.mp4,,1.08 2.25 3.25 4.38 5.17 6.00 6.42 8.88
226,despair,B,noun,Drama (1403),Words/despair_226_fs.mp4,,1.96 7.04
227,diamond,B,noun,Accessories (901),Words/diamond_227_fs.mp4,,5.54 6.38 7.38
228,dinner,A,noun,Meals (306),Words/dinner_228.mp4,,3.38 5.88
230,director,B,noun,Media (704),Words/director_230_fs.mp4,,1.38 2.04 2.62 4.08
231,disappoint,B,verb,Romance (501),Words/disappoint_231_fs.mp4,,1.92
232,disappointed,B,adjective,Drama (1403),Words/disappointed_232_fs.mp4,,5.58
239,doubt,B,verb,Prices (1901),Words/doubt_239_fs.mp4,,1.71
241,drawing,A,noun,Art (403),Words/drawing_241.mp4,,0.38 1.42 2.00 2.58 3.00 4.71 5.88 8.33
242,dress,A,noun,Clothes (904),Words/dress_242.mp4,,3.42 5.54
243,dressing,A,noun,Routine (2201),Words/dressing_243.mp4,,2.92 5.42 7.42 9.33
245,drinking,A,noun,Hiking (206),Words/drinking_245.mp4,,3.42 5.21 6.62
246,driving,A,noun,Cars (605),Words/driving_246.mp4,,6.38
248,dropper,B,noun,Medicine (2803),Words/dropper_248_fs.mp4,,2.21 5.12 6.29
253,dusting,A,noun,Cleaning (2702),Words/dusting_253.mp4,,0.50 1.83 3.38 3.92 4.83 6.38
255,east,A,noun,Sky (1704),Words/east_255.mp4,,2.04
256,eating,A,noun,Takeaway (302),Words/eating_256.mp4,,0.62 1.46 3.42 4.04 4.71 5.71 7.75 8.42
258,edge,B,noun,Shapes (2501),Words/edge_258_fs.mp4,,2.75 3.75 4.21 6.17 9.04
260,egg,A,noun,Ingredients (1302),Words/egg_260.mp4,,3.25 6.42
261,electrician,A,noun,Trades (702),Words/electrician_261.mp4,,3.08
264,emotion,B,noun,Joy (1401),Words/emotion_264_fs.mp4,,1.04 2.33 4.25
265,employee,A,noun,Office (701),Words/employee_265.mp4,,0.50 1.00 1.79 2.58 5.71 6.29 7.00 7.71 8.42
266,energy,A,noun,Workout (1203),Words/energy_266.mp4,,2.92 6.00
268,envelope,A,noun,Papers (1903),Words/envelope_268.mp4,,6.62
270,eraser,A,noun,Classroom (801),Words/eraser_270.mp4,,2.38 5.12 7.54 10.25 12.17
276,excursion,B,noun,Hiking (206),Words/excursion_276_fs.mp4,,1.00 1.42 1.96 2.75 3.92 4.38 5.04 5.71 6.46 7.29 8.38 9.71
277,exercise,A,noun,Workout (1203),Words/exercise_277.mp4,,3.42 6.58 8.21 11.75
279,exert,B,verb,Trades (702),Words/exert_279_fs.mp4,,0.62 1.38 3.42
282,eyeshadow,B,noun,Cosmetics (3402),Words/eyeshadow_282_fs.mp4,,4.88 6.75
283,fabric,B,noun,Tailor (902),Words/fabric_283_fs.mp4,,3.04 7.25
287,far,A,adverb,Hiking (206),Words/far_287.mp4,,2.42
288,fashion,A,noun,Style (903),Words/fashion_288.mp4,,5.88
289,fear,B,noun,Fear (3501),Words/fear_289_fs.mp4,,2.46 5.75
290,feeling,A,noun,Joy (1401),Words/feeling_290.mp4,,1.38 4.25
291,field,A,noun,Land (1004),Words/field_291.mp4,,2.46 4.04 7.00
292,fight,A,noun,Playtime (507),Words/fight_292.mp4,,0.04
296,fish,A,noun,Meals (306),Words/fish_296.mp4,,2.62 4.21 5.04
297,fishing,A,noun,Adventure (406),Words/fishing_297.mp4,,1.29 1.79 4.42 5.33 5.83 6.75 9.04
299,wake up,A,verb,Routine (2201),Words/wake_up_299.mp4,,6.71
300,flag,A,noun,Countries (208),Words/flag_300.mp4,,4.00
301,float,A,verb,Voyage (604),Words/float_301.mp4,,2.58 2.96 3.38
302,flour,A,noun,Baking (1303),Words/flour_302.mp4,,2.71 3.25 7.42
303,flower,A,noun,Flowers (2101),Words/flower_303.mp4,,0.54 1.58 2.42 3.46 4.08
308,food,A,noun,Meals (306),Words/food_308.mp4,,0.50 1.38 2.08 2.92 6.33
309,football,A,noun,Football (2001),Words/football_309.mp4,,2.92
311,fork,A,noun,Restaurant (304),Words/fork_311.mp4,,7.88
313,foundation,B,noun,Cosmetics (3402),Words/foundation_313_fs.mp4,,2.58 4.12 6.08 8.71
316,freezer,A,noun,Electricity (2401),Words/freezer_316.mp4,,5.04 6.62 7.42 8.42
317,french fries,A,noun,Takeaway (302),Words/french_fries_317.mp4,,5.38 6.46 8.42
318,friendship,A,noun,Friends (3201),Words/friendship_318.mp4,,5.21 7.54 9.62
320,frost,B,noun,Snow (1701),Words/frost_320_fs.mp4,,1.00 2.42 4.08 5.25 7.25
321,fruit,A,noun,Groceries (305),Words/fruit_321.mp4,,1.71 2.46 3.71 5.04 5.71 6.42 6.92
322,gambling,B,noun,Contests (2602),Words/gambling_322_fs.mp4,,1.96 3.04 7.25 8.42
323,game,A,noun,Ballgames (2002),Words/game_323.mp4,,0.33
326,garden,A,noun,Plants (2102),Words/garden_326.mp4,,1.46 4.38 6.88
327,gardening,A,noun,Plants (2102),Words/gardening_327.mp4,,0.92 1.46 2.08 2.75 3.75 4.38 5.58 6.33 7.08 8.83
328,garlic,A,noun,Ingredients (1302),Words/garlic_328.mp4,,2.08 7.17
329,gas,A,noun,Stove (1304),Words/gas_329.mp4,,7.92 9.04
330,gate,A,noun,Flights (201),Words/gate_330.mp4,,2.38
331,gentleman,A,noun,People (2304),Words/gentleman_331.mp4,,0.92 2.00 3.88 4.71 7.62 8.71
332,giraffe,A,noun,Safari (106),Words/giraffe_332.mp4,,5.08
334,glass,A,noun,Drinks (301),Words/glass_334.mp4,,1.58 2.42 3.71 5.33
338,globe,B,noun,Classroom (801),Words/globe_338_fs.mp4,,5.38 10.88 13.46
340,goal,A,noun,Football (2001),Words/goal_340.mp4,,5.12
342,goggles,A,noun,Olympics (2003),Words/goggles_342.mp4,,1.75 2.79 5.71 7.42 8.42
343,grab,B,verb,Force (2901),Words/grab_343_fs.mp4,,6.88
344,gold,A,noun,Money (1902),Words/gold_344.mp4,,2.04 4.71 5.25 5.83
346,golf,A,noun,Adventure (406),Words/golf_346.mp4,,2.58 3.21 5.38
348,government,B,noun,Law (1501),Words/government_348_fs.mp4,,2.21 3.08 4.62
349,grandfather,A,noun,Relatives (2302),Words/grandfather_349.mp4,,2.92 6.29
350,grandson,A,noun,Relatives (2302),Words/grandson_350.mp4,,2.29
352,grill,A,noun,Stove (1304),Words/grill_352.mp4,,0.67 2.38 4.04 8.42 9.42
353,guest,A,noun,Guests (505),Words/guest_353.mp4,,1.00 6.88 9.21
354,guidebook,B,noun,Sights (207),Words/guidebook_354_fs.mp4,,2.92
355,guilt,B,noun,Drama (1403),Words/guilt_355_fs.mp4,,5.71
356,gym,A,noun,Gym (1201),Words/gym_356.mp4,,3.96
358,hammer,A,noun,Workshop (1603),Words/hammer_358.mp4,,5.08
361,wrap,B,verb,Crafts (404),Words/wrap_361_fs.mp4,,3.42 4.88 6.58 7.71 8.04 8.71
362,happy,A,adjective,Joy (1401),Words/happy_362.mp4,,6.17
366,heal,B,verb,Injuries (2802),Words/heal_366_fs.mp4,,3.88
368,helicopter,A,noun,Voyage (604),Words/helicopter_368.mp4,,6.42
370,helmet,A,noun,Olympics (2003),Words/helmet_370.mp4,,2.42
371,herb,B,noun,Ingredients (1302),Words/herb_371_fs.mp4,,6.12
372,trick,B,noun,Football (2001),Words/a_trick_372_fs.mp4,,1.00 1.92 2.83 3.25 4.00 4.75 5.92 6.75 7.42 8.08
373,stadium,A,noun,Football (2001),Words/stadium_373.mp4,,2.08 3.21 4.25 5.17 6.54 7.29
375,race car,B,noun,Cars (605),Words/a_race_car_375_fs.mp4,,1.50 4.25 5.21 6.92 8.17 9.00
377,perform,B,verb,Music (401),Words/perform_377_fs.mp4,,0.25 1.42 3.88 4.62 5.42 6.08 6.92 8.50
378,sunrise,B,noun,Sky (1704),Words/sunrise_378_fs.mp4,,3.83
380,journey,B,noun,Streets (1103),Words/a_journey_380_fs.mp4,,2.04 3.17 5.08 5.83 7.29 9.62 13.33 16.88 18.50 21.12 24.08 27.54
382,high,A,adjective,Buildings (1102),Words/high_382.mp4,,1.71 5.38
383,hiking,A,noun,Adventure (406),Words/hiking_383.mp4,,2.04 2.67 3.29 4.08 4.75 6.75
389,honey,A,noun,Sweets (303),Words/honey_389.mp4,,3.75
391,hope,A,noun,Joy (1401),Words/hope_391.mp4,,2.75 6.38 8.42
393,hostel,B,noun,Hotel (204),Words/hostel_393_fs.mp4,,2.08 6.08 8.75
394,hot,A,adjective,Sky (1704),Words/hot_394.mp4,,1.21 5.71 7.21
396,hug,A,noun,Romance (501),Words/hug_396.mp4,,1.58
397,hunting,B,noun,Adventure (406),Words/hunting_397_fs.mp4,,0.58 1.50 2.25 3.25 4.38 5.25 6.38 7.71 9.04
398,hygiene,B,noun,Cosmetics (3402),Words/hygiene_398_fs.mp4,,1.46 3.25 4.25 6.12 7.88
401,ice skates,A,noun,Olympics (2003),Words/ice_skates_401.mp4,,1.42
405,inside,A,adverb,Hiking (206),Words/inside_405.mp4,,2.54 4.83
406,iron,B,noun,Workshop (1603),Words/iron_406_fs.mp4,,1.04 2.08 3.08 4.17 5.88 6.29
407,island,A,noun,Seaside (205),Words/island_407.mp4,,4.79
408,jacket,A,noun,Clothes (904),Words/jacket_408.mp4,,6.88
410,jam,A,noun,Sweets (303),Words/jam_410.mp4,,4.46 6.58
411,jealous,B,adjective,Drama (1403),Words/jealous_411_fs.mp4,,1.29 4.71
413,juice,A,noun,Drinks (301),Words/juice_413.mp4,,2.04 3.71 5.50 8.08
418,keychain,B,noun,Doors (3301),Words/keychain_418_fs.mp4,,3.88
419,kick,A,verb,Games (405),Words/kick_419.mp4,,0.62 1.79 2.42 5.42 5.92 6.50 7.08
424,knife,A,noun,Kitchenware (1301),Words/knife_424.mp4,,2.92 5.21 5.75 6.71
428,lake,A,noun,Hiking (206),Words/lake_428.mp4,,2.25 3.88 7.71
429,land,A,verb,Adventure (406),Words/land_429.mp4,,3.08 3.71
431,lazy,A,adjective,Calm (1402),Words/lazy_431.mp4,,0.79 2.04 3.75 6.71
432,lead,B,verb,Hiking (206),Words/lead_432_fs.mp4,,3.29 6.04 6.46
435,leather,A,noun,Tailor (902),Words/leather_435.mp4,,2.96 3.42 4.12 5.04
437,leg,A,noun,Body (3101),Words/leg_437.mp4,,3.75
438,lemon,A,noun,Groceries (305),Words/lemon_438.mp4,,1.71 2.79 5.38 6.12 7.21 8.75
442,teamwork,B,noun,Couples (2303),Words/teamwork_442_fs.mp4,,6.62
445,line,A,noun,Football (2001),Words/line_445.mp4,,3.71 5.50
448,lip gloss,B,noun,Cosmetics (3402),Words/lip_gloss_448_fs.mp4,,3.58
451,lock,A,verb,Doors (3301),Words/lock_451.mp4,,0.71 1.83 2.88 3.75
452,logo,B,noun,Office (701),Words/logo_452_fs.mp4,,3.08 5.71 6.42 7.75 9.21
453,lonely,A,adjective,Drama (1403),Words/lonely_453.mp4,,5.71 6.54
454,love,A,noun,Couples (2303),Words/love_454.mp4,,0.83 3.25 4.04 5.88 7.58
455,lungs,B,noun,Body (3101),Words/lungs_455_fs.mp4,,4.04
457,makeup,A,noun,Cosmetics (3402),Words/makeup_457.mp4,,1.62 3.38 5.67 7.38
458,man,A,noun,People (2304),Words/man_458.mp4,,2.00
459,manager,B,noun,Fieldwork (705),Words/manager_459_fs.mp4,,1.50 4.71 5.50 6.21 8.71
461,mannequin,B,noun,Style (903),Words/mannequin_461_fs.mp4,,4.38
462,map,A,noun,Sights (207),Words/map_462.mp4,,1.29 2.71 3.71 6.12 7.42 7.92
464,marker,A,noun,Art (403),Words/marker_464.mp4,,4.38 5.08 8.71
465,market,A,noun,Shops (1101),Words/market_465.mp4,,0.83 1.46 2.21 3.50 4.38 6.21 7.42
467,master,B,noun,Trades (702),Words/master_467_fs.mp4,,0.21 0.88 1.96 3.08 5.50 9.38
471,meat,A,noun,Meals (306),Words/meat_471.mp4,,1.79 4.71 6.62 8.96
472,mechanic,A,noun,Trades (702),Words/mechanic_472.mp4,,3.25 5.25 7.42
473,medal,A,noun,Racing (2601),Words/medal_473.mp4,,8.25
474,meditation,B,noun,Workout (1203),Words/meditation_474_fs.mp4,,2.88 6.79
475,memory,B,noun,Mind (3001),Words/memory_475_fs.mp4,,3.29 5.38 6.42 7.88
476,microscope,B,noun,Science (804),Words/microscope_476_fs.mp4,,1.25 2.71 4.29 5.71 7.88
477,microwave,A,noun,Electricity (2401),Words/microwave_477.mp4,,5.25
478,milk,A,noun,Drinks (301),Words/milk_478.mp4,,0.96 1.79 3.75 5.04 6.42 7.92
479,mind,B,noun,Mind (3001),Words/mind_479_fs.mp4,,3.17 5.04 6.17 6.75
480,mineral water,A,noun,Drinks (301),Words/mineral_water_480.mp4,,1.96 7.92 9.08
484,mop,A,noun,Cleaning (2702),Words/mop_484.mp4,,1.75 3.79 4.42
485,moss,B,noun,Plants (2102),Words/moss_485_fs.mp4,,1.21 3.08 4.88 6.58
486,mountain,A,noun,Hiking (206),Words/mountain_486.mp4,,3.88 7.92
488,muscle,A,noun,Gym (1201),Words/muscle_488.mp4,,5.00
489,mushroom,A,noun,Plants (2102),Words/mushroom_489.mp4,,3.38 5.04
491,mustard,A,noun,Ingredients (1302),Words/mustard_491.mp4,,2.21 5.12 7.12
492,nail polish,A,noun,Cosmetics (3402),Words/nail_polish_492.mp4,,2.75
495,nature,A,noun,Land (1004),Words/nature_495.mp4,,3.42 6.04
498,nervous,A,adjective,Fear (3501),Words/nervous_498.mp4,,2.12 6.25
502,north,A,noun,Hiking (206),Words/north_502.mp4,,2.54
505,nut,A,noun,Groceries (305),Words/nut_505.mp4,,4.54 7.08 8.08
506,nutrition,B,noun,Groceries (305),Words/nutrition_506_fs.mp4,,1.33 2.92 5.75
509,oil,A,noun,Meals (306),Words/oil_509.mp4,,4.04 5.21
511,onion,A,noun,Ingredients (1302),Words/onion_511.mp4,,0.88
512,outfit,A,noun,Style (903),Words/outfit_512.mp4,,2.38 3.79 7.21
513,outside,A,adverb,Relatives (2302),Words/outside_513.mp4,,2.71 4.42 5.42 6.58 7.25
515,overcome,B,verb,Contests (2602),Words/overcome_515_fs.mp4,,0.71 1.29 2.08
516,overflow,B,verb,Washing (2701),Words/overflow_516_fs.mp4,,3.38
519,pack,A,verb,Routine (2201),Words/pack_519.mp4,,1.71 7.54 9.58 11.38
522,painting,A,noun,Art (403),Words/painting_522.mp4,,2.42
524,panic,B,noun,Fear (3501),Words/panic_524_fs.mp4,,7.12 9.12
526,paralyze,B,verb,Science (804),Words/paralyze_526_fs.mp4,,1.04 1.71
528,park,A,verb,Cars (605),Words/park_528.mp4,,0.88 1.62 2.54 3.12 4.88 5.38 7.79 8.42
531,party,A,noun,Party (502),Words/party_531.mp4,,1.46 2.29
532,pass,A,verb,Football (2001),Words/pass_532.mp4,,2.79
533,passport,A,noun,Flights (201),Words/passport_533.mp4,,0.17 1.04 2.29 4.04
535,pasta,A,noun,Meals (306),Words/pasta_535.mp4,,2.79 4.04 5.88 6.79
536,peace,B,noun,Calm (1402),Words/peace_536_fs.mp4,,1.42
538,pen,A,noun,Classroom (801),Words/pen_538.mp4,,4.79 6.21 8.33 11.38 14.12
540,penalty,B,noun,Football (2001),Words/penalty_540_fs.mp4,,0.58 4.38
541,pencil,A,noun,Classroom (801),Words/pencil_541.mp4,,5.92
542,penguin,A,noun,Sea (105),Words/penguin_542.mp4,,5.42
548,photography,B,noun,Art (403),Words/photography_548_fs.mp4,,1.08 2.46 2.92 3.58 5.71
549,piercing,B,noun,Accessories (901),Words/piercing_549_fs.mp4,,8.21
553,pitch,B,noun,Football (2001),Words/pitch_553_fs.mp4,,3.79 6.54 7.88
554,place,A,noun,Seaside (205),Words/place_554.mp4,,2.92 4.04 6.54 7.12 8.42 8.88
557,plate,A,noun,Kitchenware (1301),Words/plate_557.mp4,,1.33
558,play,A,verb,Ballgames (2002),Words/play_558.mp4,,0.96 2.33 4.54 4.96 7.38
559,player,A,noun,Football (2001),Words/player_559.mp4,,3.79
561,pleasure,B,noun,Sweets (303),Words/pleasure_561_fs.mp4,,2.75 5.21
562,plug,A,noun,Electricity (2401),Words/plug_562.mp4,,5.04 6.88 8.08
565,politics,B,noun,Law (1501),Words/politics_565_fs.mp4,,1.42 2.08 4.54 5.96
566,pollute,B,verb,Rivers (1002),Words/pollute_566_fs.mp4,,1.83 3.71 4.96
569,postmaster,B,noun,Service (703),Words/postmaster_569_fs.mp4,,3.12 4.38 5.46 7.21 7.79 8.58 9.25
571,pot,A,noun,Kitchenware (1301),Words/pot_571.mp4,,1.08 1.88 3.42 4.04 5.50 8.33
572,potato,A,noun,Plants (2102),Words/potato_572.mp4,,7.25 7.42
575,power bank,B,noun,Gadgets (2402),Words/power_bank_575_fs.mp4,,2.79
576,pray,A,verb,Study (802),Words/pray_576.mp4,,1.42 2.42 3.79 4.29
578,pride,B,noun,Joy (1401),Words/pride_578_fs.mp4,,2.04 3.38 4.21 6.21
580,protect,A,verb,Storm (1703),Words/protect_580.mp4,,1.29 2.50 3.42 4.33 5.88
582,proud,A,adjective,Trades (702),Words/proud_582.mp4,,2.04 6.29
587,puck,B,noun,Olympics (2003),Words/puck_587_fs.mp4,,1.50 2.29 5.08
588,puddle,A,noun,Rain (1702),Words/puddle_588.mp4,,6.75
589,pulling,A,noun,Olympics (2003),Words/pulling_589.mp4,,6.29
591,punching bag,B,noun,Olympics (2003),Words/punching_bag_591_fs.mp4,,1.17 2.29 5.42
593,pyjamas,A,noun,Routine (2201),Words/pyjamas_593.mp4,,2.38 4.54
594,qualify,B,verb,Contests (2602),Words/qualify_594_fs.mp4,,1.17
599,rapid,B,adjective,Football (2001),Words/rapid_599_fs.mp4,,2.25 4.58 6.71 9.42 11.92
604,receipt,A,noun,Prices (1901),Words/receipt_604.mp4,,1.21 2.75 3.71 5.67
606,recipe,A,noun,Stove (1304),Words/recipe_606.mp4,,1.96 2.75 3.25 6.62 7.42
607,refrigerator,A,noun,Electricity (2401),Words/refrigerator_607.mp4,,2.58 3.42 4.42 5.04 6.21 6.62 8.25
609,rest,A,verb,Hiking (206),Words/rest_609.mp4,,1.33
616,rock,A,noun,Mountains (1003),Words/rock_616.mp4,,5.92
617,rollerblades,A,noun,Olympics (2003),Words/rollerblades_617.mp4,,0.88
618,rope,A,noun,Workshop (1603),Words/rope_618.mp4,,1.12 4.08
621,row,A,noun,Plants (2102),Words/row_621.mp4,,1.71
623,rude,A,adjective,Conversation (504),Words/rude_623.mp4,,6.38
624,run,A,verb,Movement (603),Words/run_624.mp4,,2.58
626,runner,A,noun,Outdoors (1202),Words/runner_626.mp4,,4.88
628,sadness,A,noun,Drama (1403),Words/sadness_628.mp4,,1.08 5.54
629,safe,A,adjective,Fear (3501),Words/safe_629.mp4,,1.79 3.58 4.71 6.04 6.88
630,sailor,A,noun,Fieldwork (705),Words/sailor_630.mp4,,3.58
631,salad,A,noun,Groceries (305),Words/salad_631.mp4,,1.00 1.58 2.04 2.71 3.25 4.21 4.71 6.29 6.79
634,sand,A,noun,Coast (1001),Words/sand_634.mp4,,2.38
635,sandals,A,noun,Accessories (901),Words/sandals_635.mp4,,1.00 2.29 4.33 5.75 6.71 9.08
636,sandwich,A,noun,Takeaway (302),Words/sandwich_636.mp4,,0.50 1.12 1.58 2.42 3.08 5.38 6.04 7.75 8.25
638,sauce,A,noun,Meals (306),Words/sauce_638.mp4,,4.54 6.67
639,sausage,A,noun,Meals (306),Words/sausage_639.mp4,,2.21 6.79
641,scale,B,noun,Kitchenware (1301),Words/scale_641_fs.mp4,,6.38
642,scar,B,noun,Body (3101),Words/scar_642_fs.mp4,,2.00 2.88 3.75 4.42 7.67
644,scared,A,adjective,Fear (3501),Words/scared_644.mp4,,5.29
646,science,A,noun,Science (804),Words/science_646.mp4,,2.71 11.00 13.42
647,scissors,A,noun,Hair (3401),Words/scissors_647.mp4,,0.75
650,screw,B,noun,Workshop (1603),Words/screw_650_fs.mp4,,1.04 1.79 4.08 5.38 7.54 8.42
651,screwdriver,B,noun,Workshop (1603),Words/screwdriver_651_fs.mp4,,5.04 6.08 6.88
652,sea,A,noun,Seaside (205),Words/sea_652.mp4,,3.08
653,searching,A,noun,Routine (2201),Words/searching_653.mp4,,4.29 6.08
654,secret,A,noun,Friends (3201),Words/secret_654.mp4,,0.83 1.83 5.71 6.58 8.75
655,serious,A,adjective,Calm (1402),Words/serious_655.mp4,,5.21 7.08
656,distract,B,verb,Mind (3001),Words/distract_656_fs.mp4,,1.21
659,shampoo,A,noun,Hair (3401),Words/shampoo_659.mp4,,0.58 1.79 2.25 4.67 6.21 7.88
660,basin,B,noun,Hair (3401),Words/a_basin_660_fs.mp4,,0.67 2.92 4.21 6.04 8.08
663,shaving foam,A,noun,Hair (3401),Words/shaving_foam_663.mp4,,2.67 5.25
664,shaving,A,noun,Hair (3401),Words/shaving_664.mp4,,1.62 6.29
666,shirt,A,noun,Clothes (904),Words/shirt_666.mp4,,1.29 2.75 6.25 7.42
668,shoes,A,noun,Accessories (901),Words/shoes_668.mp4,,3.88 4.38 5.83 8.42
669,shop,A,noun,Shops (1101),Words/shop_669.mp4,,0.54 1.54 2.29 3.38 4.38 5.38
670,shopping,A,noun,Groceries (305),Words/shopping_670.mp4,,2.92
673,shrink,B,verb,Washing (2701),Words/shrink_673_fs.mp4,,2.71
674,sick,A,adjective,Illness (2801),Words/sick_674.mp4,,7.58
675,side,A,noun,Shapes (2501),Words/side_675.mp4,,3.58 5.75 6.29
676,sightseeing,B,noun,Sights (207),Words/sightseeing_676_fs.mp4,,2.38 5.04
679,silver,A,noun,Accessories (901),Words/silver_679.mp4,,1.04 5.58 6.00 6.46
683,sink,A,noun,Washing (2701),Words/sink_683.mp4,,0.54 1.46 2.83 4.08 5.29 8.08
684,sister,A,noun,Family (2301),Words/sister_684.mp4,,6.42
685,size,A,noun,Accessories (901),Words/size_685.mp4,,1.00 1.96 4.38 6.62 7.92 8.42
688,skin,A,noun,Cosmetics (3402),Words/skin_688.mp4,,2.71 3.58 6.12 8.71
690,sky,A,noun,Sky (1704),Words/sky_690.mp4,,7.58
691,guard,B,verb,Law (1501),Words/guard_691_fs.mp4,,11.21
695,smiling,A,noun,Joy (1401),Words/smiling_695.mp4,,1.00 3.08 5.25 5.96 6.62
697,smoking,A,noun,Party (502),Words/smoking_697.mp4,,3.71 6.75
698,smoothie,A,noun,Drinks (301),Words/smoothie_698.mp4,,0.79 1.79 4.21 6.04 6.54 7.42 8.50
699,smuggle,B,verb,Law (1501),Words/smuggle_699_fs.mp4,,4.38 6.25
702,sneakers,A,noun,Accessories (901),Words/sneakers_702.mp4,,1.25 2.71 4.75
704,sneeze,A,verb,Illness (2801),Words/sneeze_704.mp4,,5.25 6.92
707,snowboard,A,noun,Olympics (2003),Words/snowboard_707.mp4,,2.25
710,suds,B,noun,Routine (2201),Words/suds_710_fs.mp4,,3.33
711,socket,B,noun,Electricity (2401),Words/socket_711_fs.mp4,,2.79 3.08 7.38 9.25
712,soda,A,noun,Drinks (301),Words/soda_712.mp4,,2.92 3.58 7.08
713,soil,B,noun,Plants (2102),Words/soil_713_fs.mp4,,1.62 6.08 8.88
715,someone,A,noun,Community (506),Words/someone_715.mp4,,4.88 6.79
716,soup spoon,A,noun,Meals (306),Words/soup_spoon_716.mp4,,2.42 5.50 8.04 8.58 9.04
717,soup,A,noun,Meals (306),Words/soup_717.mp4,,2.08 3.00 3.62 4.79 5.38
718,south,A,noun,Land (1004),Words/south_718.mp4,,2.75 5.04 8.88
720,spice,B,noun,Ingredients (1302),Words/spice_720_fs.mp4,,1.04 2.04 5.83 6.46 7.79 8.71 9.71
723,spine,B,noun,Body (3101),Words/spine_723_fs.mp4,,4.04
724,splash,A,noun,Outdoors (1202),Words/a_splash_724.mp4,,4.50 8.96
726,spring,A,noun,Sky (1704),Words/spring_726.mp4,,2.71 5.54
729,squirrel,A,noun,Wildlife (107),Words/squirrel_729.mp4,,3.00
730,staff,B,noun,Service (703),Words/staff_730_fs.mp4,,5.33
733,state,B,noun,Law (1501),Words/state_733_fs.mp4,,0.58 1.88 3.46
734,steak,A,noun,Ingredients (1302),Words/steak_734.mp4,,1.17 5.12 8.71
736,stepbrother,B,noun,Family (2301),Words/stepbrother_736_fs.mp4,,0.67 1.75 2.79 3.58 4.38 5.08 9.38
737,stepfather,B,noun,Family (2301),Words/stepfather_737_fs.mp4,,3.46
739,stop,A,verb,Streets (1103),Words/stop_739.mp4,,1.71 2.75 3.71 6.58
740,stopwatch,B,noun,Olympics (2003),Words/stopwatch_740_fs.mp4,,1.17 2.17 4.38
741,storm,A,noun,Storm (1703),Words/storm_741.mp4,,6.88
743,straight,A,adjective,Shapes (2501),Words/straight_743.mp4,,0.92 7.00
744,stranger,A,noun,People (2304),Words/stranger_744.mp4,,4.54
746,stream,A,noun,Rivers (1002),Words/stream_746.mp4,,5.25
747,stress,B,noun,Fear (3501),Words/stress_747_fs.mp4,,4.25
751,style,B,noun,Style (903),Words/style_751_fs.mp4,,0.75 2.04 4.08 4.58 5.04 7.04 8.88
752,sugar,A,noun,Sweets (303),Words/sugar_752.mp4,,3.42 4.21 6.46
753,suit,A,noun,Clothes (904),Words/suit_753.mp4,,2.58 3.75 6.75
754,support,B,verb,Workout (1203),Words/support_754_fs.mp4,,2.79
755,surface,B,noun,Shapes (2501),Words/surface_755_fs.mp4,,1.08 1.79 2.67 3.71 5.54
762,t-shirt,A,noun,Clothes (904),Words/t_762.mp4,,5.38 6.83
763,tablecloth,B,noun,Cleaning (2702),Words/tablecloth_763_fs.mp4,,1.12
764,tablet,A,noun,Gadgets (2402),Words/tablet_764.mp4,,0.88 1.79 6.75
767,tea,A,noun,Drinks (301),Words/tea_767.mp4,,1.54 2.92 5.21 7.92
768,team,A,noun,Olympics (2003),Words/team_768.mp4,,3.12 4.62
772,therapy,B,noun,Medicine (2803),Words/therapy_772_fs.mp4,,2.21 6.88 8.88
773,thermometer,B,noun,Illness (2801),Words/thermometer_773_fs.mp4,,1.50 4.21 5.75 6.46 7.08 9.38
776,thirst,B,noun,Outdoors (1202),Words/thirst_776_fs.mp4,,2.88 7.42
777,thirsty,A,adjective,Drinks (301),Words/thirsty_777.mp4,,5.71
778,thread,B,noun,Tailor (902),Words/thread_778_fs.mp4,,1.96 3.38 4.92 5.50 6.12 6.92 7.58 9.08
779,otter,B,noun,Pets (102),Words/an_otter_779_fs.mp4,,3.38
781,thunder,A,noun,Storm (1703),Words/thunder_781.mp4,,9.58
784,tilt,B,verb,Seaside (205),Words/tilt_784_fs.mp4,,0.79
785,timetable,A,noun,Station (202),Words/timetable_785.mp4,,2.38 3.71 8.25
786,tired,A,adjective,Trades (702),Words/tired_786.mp4,,6.21
787,to judge,B,verb,Friends (3201),Words/to_judge_787_fs.mp4,,1.33 3.88
788,to microwave,B,verb,Kitchenware (1301),Words/to_microwave_788_fs.mp4,,0.71 3.25 4.67
790,tomato,A,noun,Groceries (305),Words/tomato_790.mp4,,1.04 3.38 4.38 5.08 5.50 5.92 6.46 6.88 8.42
793,top,A,noun,Mountains (1003),Words/top_793.mp4,,1.62
794,tournament,B,noun,Contests (2602),Words/tournament_794_fs.mp4,,1.88 3.25 4.38 5.12 5.83 6.71 7.96 9.04
795,towel,A,noun,Routine (2201),Words/towel_795.mp4,,4.67
797,track,A,noun,Outdoors (1202),Words/track_797.mp4,,3.25
800,training,A,noun,Football (2001),Words/training_800.mp4,,2.79 4.75
802,trash can,A,noun,Cleaning (2702),Words/trash_can_802.mp4,,2.92
804,travel,A,verb,Flights (201),Words/travel_804.mp4,,1.38 2.58 4.75 6.88 7.67 9.62
805,traveling,A,noun,Station (202),Words/traveling_805.mp4,,7.71
808,tree,A,noun,Land (1004),Words/tree_808.mp4,,3.04
812,trust,B,noun,Fear (3501),Words/trust_812_fs.mp4,,1.04 1.83
821,underwear,A,noun,Clothes (904),Words/underwear_821.mp4,,1.25 2.25 4.38 5.71 7.08 8.04
832,unpack,A,verb,Luggage (203),Words/unpack_832.mp4,,6.62
833,unpacking,A,noun,Luggage (203),Words/unpacking_833.mp4,,2.58 3.42
834,hostess,B,noun,Guests (505),Words/a_hostess_834_fs.mp4,,1.38 2.29 8.33 10.38 13.29
835,plumber,B,noun,Trades (702),Words/a_plumber_835_fs.mp4,,3.54 6.71 9.58 12.75
836,prepared,B,adjective,Classroom (801),Words/prepared_836_fs.mp4,,2.79 3.58 4.71 8.62 9.21
837,taxi,A,noun,Cars (605),Words/a_taxi_837.mp4,,2.00 4.50
838,pilot,A,noun,Fieldwork (705),Words/a_pilot_838.mp4,,4.25
839,extend,B,verb,Furniture (1801),Words/extend_839_fs.mp4,,3.12 6.12 7.42 8.42 9.12 9.62 10.12 10.71 11.21 12.21 12.71 13.92
840,hike,B,verb,Hiking (206),Words/hike_840.mp4,,3.67 6.17 7.38 8.08 8.92 10.67 11.42 12.88 14.33
841,melt,A,verb,Electricity (2401),Words/melt_841.mp4,,1.50 5.33 13.42
843,up,A,adverb,Movement (603),Words/up_843.mp4,,1.96 2.75 6.58
847,victory,B,noun,Racing (2601),Words/victory_847_fs.mp4,,0.83 1.75 2.42 2.92 5.83 8.88
848,vinegar,B,noun,Groceries (305),Words/vinegar_848_fs.mp4,,1.96 5.04
849,visa,B,noun,Papers (1903),Words/visa_849_fs.mp4,,1.29 3.04 4.29 6.04 6.92
851,wait,A,verb,Transit (602),Words/wait_851.mp4,,2.46 3.12 3.71 4.42
852,waiter,A,noun,Service (703),Words/waiter_852.mp4,,2.67 3.58
853,walk,A,verb,Movement (603),Words/walk_853.mp4,,3.75 5.71 8.42 12.12
857,wallet,A,noun,Money (1902),Words/wallet_857.mp4,,1.00 3.00 3.96 5.21
859,wardrobe,B,noun,Furniture (1801),Words/wardrobe_859_fs.mp4,,5.62
860,washing,A,noun,Washing (2701),Words/washing_860.mp4,,2.00 5.42
863,water bottle,A,noun,Hiking (206),Words/water_bottle_863.mp4,,1.29 2.38 4.04 4.83 5.38 8.58
864,water,A,noun,Rivers (1002),Words/water_864.mp4,,9.21
866,waterfall,A,noun,Hiking (206),Words/waterfall_866.mp4,,2.54
867,watering,A,noun,Plants (2102),Words/watering_867.mp4,,1.79 4.04 4.71 9.04
869,weight,A,noun,Gym (1201),Words/weight_869.mp4,,2.79 6.08
873,wife,A,noun,Couples (2303),Words/wife_873.mp4,,2.75
876,wine,A,noun,Drinks (301),Words/wine_876.mp4,,1.46 2.33 2.92 4.71 6.54 9.38
878,winter,A,noun,Snow (1701),Words/winter_878.mp4,,3.54 6.71
880,wool,A,noun,Farm (103),Words/wool_880.mp4,,1.21 2.38 4.38 4.83 5.71 6.38 7.54
882,workout,A,noun,Gym (1201),Words/workout_882.mp4,,2.29 4.29 5.96 8.42
887,write,A,verb,Stories (402),Words/write_887.mp4,,1.04 2.71 5.08 6.25
889,yogurt,A,noun,Meals (306),Words/yogurt_889.mp4,,2.62 4.71 6.54 8.25
4011,audience,A,noun,Music (401),Words/audience_4011.mp4,,6.71
4013,deck,B,noun,Seaside (205),Words/a_deck_4013.mp4,,3.75 7.88
4014,roll,B,verb,Bikes (601),Words/to_roll_4014.mp4,,2.42
4017,lantern,B,noun,Decor (1803),Words/lantern_4017.mp4,,2.12 4.38 7.04 9.71 12.75
4019,ring,B,noun,Shapes (2501),Words/a_ring_4019.mp4,,3.88 6.71 9.46 12.42
4021,cut,A,verb,Baking (1303),Words/to_cut_4021.mp4,,0.58 1.25 1.54 2.88 5.21 7.08 7.54 8.04 8.54 10.08 10.58 11.38
4023,fun,A,noun,Friends (3201),Words/fun_4023.mp4,,7.42
4026,smooth,A,adjective,Adventure (406),Words/smooth_4026.mp4,,3.92 10.75
4027,pie,B,noun,Baking (1303),Words/a_pie_4027.mp4,,2.54 5.75 7.21 10.12
4036,smile,A,noun,Joy (1401),Words/a_smile_4036.mp4,,1.71 3.75 5.71
4037,cook,A,verb,Stove (1304),Words/to_cook_4037.mp4,,4.42 6.38
4038,love,A,verb,Romance (501),Words/to_love_4038.mp4,,3.25 5.21 11.42
4040,meal,A,noun,Restaurant (304),Words/a_meal_4040.mp4,,5.54 7.04 9.21
4041,buy,A,verb,Prices (1901),Words/to_buy_4041.mp4,,6.21 8.38
4042,store,A,noun,Shops (1101),Words/store_4042.mp4,,2.38 6.54 10.71
4043,surprise,B,verb,Romance (501),Words/surprise_4043.mp4,,8.62
4045,find,A,verb,Routine (2201),Words/find_4045.mp4,,9.75 11.21
4048,install,B,verb,Construction (1601),Words/install_4048.mp4,,2.46 3.46 5.25 6.71 8.54 9.38 10.75 12.08 13.88
4050,friend,A,noun,Friends (3201),Words/friend_4050.mp4,,11.54
4051,motorcycle,B,noun,Bikes (601),Words/motorcycle_4051.mp4,,9.75
4052,record,A,verb,Seaside (205),Words/record_4052.mp4,,4.42 8.38
4053,corn,A,noun,Groceries (305),Words/corn_4053.mp4,,7.54
4057,cola,A,noun,Friends (3201),Words/cola_4057.mp4,,2.88
4058,trip,A,noun,Luggage (203),Words/trip_4058.mp4,,2.46
4064,pole,B,noun,Birds (104),Words/pole_4064.mp4,,1.12 4.33 5.71 8.50
4066,dirt,B,noun,Land (1004),Words/dirt_4066.mp4,,1.12 2.88 5.12 6.58
4069,rod,B,noun,Adventure (406),Words/rod_4069.mp4,,2.71 4.71 8.04
4070,wing,B,noun,Adventure (406),Words/wing_4070.mp4,,2.96 6.08 8.17
4071,leap,B,verb,Movement (603),Words/leap_4071.mp4,,2.17
4073,stick,B,noun,Birds (104),Words/stick_4073.mp4,,2.38 3.71 4.46 5.92 8.46 12.42
4074,sun,A,noun,Sky (1704),Words/sun_4074.mp4,,6.21 8.33 10.54 13.33
4076,door,A,noun,Doors (3301),Words/door_4076.mp4,,3.46
4077,asleep,A,adjective,Birds (104),Words/asleep_4077.mp4,,4.00 5.79 9.50 13.67
4080,wrist,B,noun,Body (3101),Words/wrist_4080.mp4,,1.46 2.33 5.00 6.33 8.96 10.88
4081,peak,B,noun,Mountains (1003),Words/peak_4081.mp4,,11.54
4083,middle,A,noun,Furniture (1801),Words/middle_4083.mp4,,11.54 13.54
4084,head,A,noun,Hair (3401),Words/head_4084.mp4,,1.62 4.46 6.04 11.04 13.21
4085,change,A,verb,Style (903),Words/change_4085.mp4,,9.62 10.75 13.88
4086,bite,B,verb,Wildlife (107),Words/bite_4086.mp4,,5.88 7.62 13.38
4087,work,A,noun,Office (701),Words/work_4087.mp4,,3.88 6.92 9.54 12.46
4089,dance,A,verb,Sea (105),Words/dance_4089.mp4,,2.58
4091,crack,B,verb,Force (2901),Words/crack_4091.mp4,,4.04 9.54
4094,feed,A,noun,Farm (103),Words/feed_4094.mp4,,4.08 6.96 11.58
4095,movie,A,noun,Stories (402),Words/movie_4095.mp4,,2.92 10.71 12.46
4096,free,A,adjective,Sea (105),Words/free_4096.mp4,,8.54 10.08
4104,kiss,A,noun,Romance (501),Words/kiss_4104.mp4,,2.25 4.62 7.17 10.46
4105,boyfriend,A,noun,Romance (501),Words/boyfriend_4105.mp4,,6.04 8.88
4108,husband,A,noun,Couples (2303),Words/husband_4108.mp4,,3.04 5.00 5.83 7.62
4113,jewellery,A,noun,Accessories (901),Words/jewellery_4113.mp4,,1.21
4114,mall,B,noun,Shops (1101),Words/mall_4114.mp4,,3.17 5.67 8.29 11.67
4116,small,A,adjective,Sizes (2502),Words/small_4116.mp4,,5.58 8.04 10.71 12.62
4117,search,A,noun,Routine (2201),Words/search_4117.mp4,,5.71 12.88
4122,rob,A,verb,Law (1501),Words/rob_4122.mp4,,9.67 14.04
4123,tears,B,noun,Drama (1403),Words/tears_4123.mp4,,5.08
4124,van,A,noun,Hiking (206),Words/van_4124.mp4,,2.42 6.04 9.21 11.54
4126,building,A,noun,Buildings (1102),Words/building_4126.mp4,,2.21 5.38
4129,home,A,noun,Rooms (1802),Words/home_4129.mp4,,6.71
4130,flat,B,adjective,Hair (3401),Words/flat_4130.mp4,,3.38 7.21
4131,green,A,noun,Hair (3401),Words/green_4131.mp4,,4.17
4132,brush,A,verb,Hair (3401),Words/brush_4132.mp4,,2.54 4.88 7.04
4134,fat,A,adjective,Hair (3401),Words/fat_4134.mp4,,3.88
4136,to exercise,A,verb,Gym (1201),Words/exercise_4136.mp4,,4.00 6.58 9.62
4138,pet,A,verb,Dogs (101),Words/pet_4138.mp4,,4.83 8.25 9.96
4139,path,B,noun,Hiking (206),Words/path_4139.mp4,,4.17 7.62 10.71
4140,adventure,A,noun,Hiking (206),Words/adventure_4140.mp4,,3.54 5.83 8.04 10.04
4141,lie,B,verb,Hiking (206),Words/lie_4141.mp4,,2.79 5.88 9.38
4142,rain,A,verb,Rain (1702),Words/rain_4142.mp4,,3.79 6.46 9.38
4147,hurry,A,verb,Movement (603),Words/hurry_4147.mp4,,1.50 4.83 11.46
4148,luxury,B,noun,Money (1902),Words/a_luxury_4148.mp4,,2.67 4.33 6.38 9.12
4149,giant,B,noun,Safari (106),Words/a_giant_4149.mp4,,5.79
4150,speed,B,verb,Cars (605),Words/speed_4150.mp4,,2.04 4.04 6.04 8.08 10.08
4151,art,A,noun,Art (403),Words/art_4151.mp4,,4.88 5.29 6.21 6.96 8.42 9.83
4155,clean,A,adjective,Washing (2701),Words/clean_4155.mp4,,2.25 3.00 4.21 6.21
4156,approach,B,verb,Gadgets (2402),Words/approach_4156.mp4,,6.50
4158,giant,B,adjective,Sea (105),Words/giant_4158.mp4,,7.88
4163,talk,A,verb,Crafts (404),Words/talk_4163.mp4,,4.54 9.50
4164,brake,A,noun,Cars (605),Words/a_brake_4164.mp4,,2.54 4.00 5.12 7.75 9.88
4165,speed,A,noun,Cars (605),Words/speed_4165.mp4,,6.04 8.46
4166,enter,A,verb,Cars (605),Words/enter_4166.mp4,,3.50 7.38 10.17
4170,save,A,verb,Farm (103),Words/save_4170.mp4,,2.08 3.92 4.79 7.67
4171,creep,B,verb,Farm (103),Words/creep_4171.mp4,,0.96 2.42 3.54 5.25 7.46 9.08 11.38
4172,escape,A,noun,Farm (103),Words/an_escape_4172.mp4,,4.92
4173,chase,B,noun,Farm (103),Words/a_chase_4173.mp4,,4.79 7.04
4174,defend,B,verb,Farm (103),Words/defend_4174.mp4,,2.96
4175,sneak,B,verb,Farm (103),Words/sneak_4175.mp4,,3.21 5.88 10.29
4176,glow,B,verb,Farm (103),Words/glow_4176.mp4,,2.71 7.42
4177,mouth,A,noun,Farm (103),Words/a_mouth_4177.mp4,,1.79 9.33
4178,generous,B,adjective,Farm (103),Words/generous_4178.mp4,,4.12
4182,paint,A,verb,Relatives (2302),Words/paint_4182.mp4,,2.75 7.96
4189,empty,A,adjective,Dogs (101),Words/empty_4189.mp4,,8.58
4191,tower,A,verb,Sizes (2502),Words/tower_4191.mp4,,5.46 7.54 9.21
4193,underground,B,adjective,Doors (3301),Words/underground_4193.mp4,,2.54 8.25
4196,bucket,A,noun,Cleaning (2702),Words/bucket_4196.mp4,,5.21 6.04
4197,late,A,adjective,Routine (2201),Words/late_4197.mp4,,9.62
4206,badge,B,noun,Office (701),Words/badge_4206.mp4,,2.62 4.17 5.71 7.17
4207,deliver,B,verb,Takeaway (302),Words/deliver_4207.mp4,,4.38 8.25
4208,snack,A,noun,Takeaway (302),Words/snack_4208.mp4,,9.25
4211,cheek,A,noun,Cosmetics (3402),Words/cheek_4211.mp4,,1.71
4212,brown,A,adjective,Style (903),Words/brown_4212.mp4,,3.00 5.38 7.62 9.71
4213,red,A,noun,Style (903),Words/red_4213.mp4,,3.25 6.38 9.04
4214,blue,A,noun,Style (903),Words/blue_4214.mp4,,3.29 6.17 8.88
4215,orange,A,noun,Style (903),Words/orange_4215.mp4,,3.54 6.54 9.38
4216,white,A,noun,Style (903),Words/white_4216.mp4,,4.96 8.21
4220,clean,A,verb,Washing (2701),Words/clean_4220.mp4,,2.83 4.04 5.04 6.04 7.12 8.92
4223,spicy,B,adjective,Groceries (305),Words/spicy_4223.mp4,,6.79 10.62
4226,hunt,B,verb,Safari (106),Words/hunt_4226.mp4,,2.67 4.21
4227,friendly,B,adjective,People (2304),Words/friendly_4227.mp4,,2.88 7.29
4228,shore,A,noun,Stove (1304),Words/shore_4228.mp4,,3.38 4.92 6.58 7.79 8.83 10.12
4230,seat,A,noun,Dogs (101),Words/seat_4230.mp4,,11.25
4233,stone,A,noun,Mountains (1003),Words/stone_4233.mp4,,5.25
4234,closet,B,noun,Furniture (1801),Words/closet_4234.mp4,,2.17 3.17 9.21 10.75
4235,cast,B,verb,Adventure (406),Words/cast_4235.mp4,,3.96
4238,roast,A,verb,Stove (1304),Words/roast_4238.mp4,,2.54 4.38 7.17
4239,port,B,noun,Seaside (205),Words/port_4239.mp4,,4.54
4240,identical,B,adjective,Dogs (101),Words/identical_4240.mp4,,3.92 10.08
4241,pilot,B,verb,Fieldwork (705),Words/pilot_4241.mp4,,1.62 5.04 10.04
4243,pay,A,verb,Prices (1901),Words/pay_4243.mp4,,6.58
4244,charge,B,verb,Farm (103),Words/charge_4244.mp4,,4.58 6.38
4245,slide,B,verb,Hiking (206),Words/slide_4245.mp4,,3.08 6.33 10.00
4247,well,A,noun,Rivers (1002),Words/well_4247.mp4,,8.71
4251,space,B,noun,Furniture (1801),Words/space_4251.mp4,,5.96 9.12 10.25
4254,counter,B,noun,Takeaway (302),Words/counter_4254.mp4,,3.83 5.92 7.83 9.08
4257,tight,A,adjective,Safari (106),Words/tight_4257.mp4,,3.88 9.96
4267,neat,B,adjective,Dogs (101),Words/neat_4267.mp4,,3.38 6.96 10.38
4269,dry,A,adjective,Plants (2102),Words/dry_4269.mp4,,3.42 5.04 7.21
4272,gold,A,adjective,Accessories (901),Words/gold_4272.mp4,,1.08 1.75 2.62 3.08 3.62 4.42 5.04 5.67 6.38 7.04 7.67 8.08 8.75
4276,elderly,A,adjective,Relatives (2302),Words/elderly_4276.mp4,,2.71 6.88
4277,accountant,B,noun,Money (1902),Words/accountant_4277.mp4,,1.71 6.29
4282,shelter,B,noun,Dogs (101),Words/shelter_4282.mp4,,1.50 4.42 5.71 7.75
4283,cooking,A,noun,Stove (1304),Words/cooking_4283.mp4,,1.92 7.54
4285,adult,A,noun,Routine (2201),Words/adult_4285.mp4,,0.92 2.75 5.46 6.33 7.75
4287,view,B,verb,Prices (1901),Words/view_4287.mp4,,1.88 6.92
4288,target,A,noun,Olympics (2003),Words/target_4288.mp4,,1.46 2.25 3.42 5.29 6.58
4290,cool,B,verb,Electricity (2401),Words/cool_4290.mp4,,8.25
4291,forehead,B,noun,Electricity (2401),Words/forehead_4291.mp4,,6.67
4294,low,A,adverb,Art (403),Words/low_4294.mp4,,1.75 5.42
4297,departure,B,noun,Flights (201),Words/departure_4297.mp4,,1.58 5.25
4299,react,B,verb,Illness (2801),Words/react_4299.mp4,,3.21
4305,boy,A,noun,Family (2301),Words/boy_4305.mp4,,1.67 3.92 5.00 8.88
4306,prison,B,noun,Law (1501),Words/prison_4306.mp4,,4.04
4309,anthem,B,noun,Football (2001),Words/anthem_4309.mp4,,3.96
4311,young,A,adjective,People (2304),Words/young_4311.mp4,,2.08 4.38 6.75
4313,pub,B,noun,Party (502),Words/pub_4313.mp4,,1.29 4.25 6.71
4315,price,A,noun,Prices (1901),Words/price_4315.mp4,,2.25 5.21
4316,sorry,A,adjective,Drama (1403),Words/sorry_4316.mp4,,1.17 6.71
4319,blend,B,verb,Cosmetics (3402),Words/blend_4319.mp4,,0.67 1.75 2.46 4.21 4.71 5.54 6.21 8.42
4321,model,B,noun,Office (701),Words/model_4321.mp4,,1.08 3.58 6.42
4324,vast,B,adjective,Land (1004),Words/vast_4324.mp4,,3.38
4327,barbecue,B,noun,Meals (306),Words/barbecue_4327.mp4,,1.62 8.38
4329,furniture,A,noun,Furniture (1801),Words/furniture_4329.mp4,,3.04 6.67
4332,arrest,B,verb,Law (1501),Words/arrest_4332.mp4,,2.12 5.62
4336,instructions,B,noun,Workshop (1603),Words/instructions_4336.mp4,,2.21 3.71 7.83 8.29
4339,bank,A,noun,Money (1902),Words/bank_4339.mp4,,4.38 6.21 7.04
4347,ferry,B,verb,Seaside (205),Words/ferry_4347.mp4,,3.21 6.54
4349,guard,A,noun,Fieldwork (705),Words/guard_4349.mp4,,2.71
4351,marble,B,noun,Sights (207),Words/marble_4351.mp4,,2.04
4353,dessert,A,noun,Sweets (303),Words/dessert_4353.mp4,,2.33 4.88 7.38 8.25 9.08
4358,heavy,A,adjective,Luggage (203),Words/heavy_4358.mp4,,1.96 4.83
4360,purse,B,noun,Accessories (901),Words/purse_4360.mp4,,2.75 5.08
4361,shop,B,verb,Prices (1901),Words/shop_4361.mp4,,2.96 6.12
4364,dough,B,noun,Baking (1303),Words/dough_4364.mp4,,1.17 2.12 3.67 4.71 5.38 7.29 8.62
4365,fresh,A,adjective,Baking (1303),Words/fresh_4365.mp4,,2.96 6.38
4368,light,B,verb,Electricity (2401),Words/light_4368.mp4,,2.46 3.42 4.25 4.71 5.38 5.88 7.38
4369,tape,A,noun,Injuries (2802),Words/tape_4369.mp4,,2.04 3.38 4.21 5.50
4371,lobby,B,noun,Money (1902),Words/lobby_4371.mp4,,3.88 6.04
4373,gather,A,verb,Party (502),Words/gather_4373.mp4,,2.21 4.92
4376,noise,A,noun,Dogs (101),Words/noise_4376.mp4,,1.04 8.38
4377,basement,B,noun,Electricity (2401),Words/basement_4377.mp4,,2.42 7.42 8.71
4378,shower,A,noun,Routine (2201),Words/shower_4378.mp4,,3.21 7.38
4380,fill,A,verb,Routine (2201),Words/fill_4380.mp4,,3.46 10.25
4383,thick,A,adjective,Hair (3401),Words/thick_4383.mp4,,2.88
4385,cost,A,verb,Prices (1901),Words/cost_4385.mp4,,3.75
4386,poster,A,noun,Decor (1803),Words/poster_4386.mp4,,3.12 7.71
4387,compare,A,verb,Rooms (1802),Words/compare_4387.mp4,,2.12 5.04
4390,excitement,B,noun,Joy (1401),Words/excitement_4390.mp4,,3.46 7.04
4391,alone,A,adverb,Routine (2201),Words/alone_4391.mp4,,2.75
4393,chat,A,verb,Conversation (504),Words/chat_4393.mp4,,2.92 5.00 6.12
4394,bend,A,verb,Shapes (2501),Words/bend_4394.mp4,,3.08 5.88
4395,opponent,B,noun,Games (405),Words/opponent_4395.mp4,,2.38
4397,bike,A,verb,Bikes (601),Words/bike_4397.mp4,,1.92 3.71
4398,advertisement,A,noun,Streets (1103),Words/advertisement_4398.mp4,,2.04 4.71
4399,dream,A,verb,Mind (3001),Words/dream_4399.mp4,,2.25 5.38
4401,far,B,adjective,Rivers (1002),Words/far_4401.mp4,,2.21 5.54
4402,appetite,B,noun,Takeaway (302),Words/appetite_4402.mp4,,5.08 5.25
4406,smooth,B,verb,Cosmetics (3402),Words/smooth_4406.mp4,,1.38 2.54 3.75 4.71 6.25 7.71 8.58
4407,healthy,A,adjective,Groceries (305),Words/healthy_4407.mp4,,2.21 2.79 4.21 4.71 8.08 10.71
4408,taste,B,noun,Drinks (301),Words/taste_4408.mp4,,3.21 6.42 8.25
4409,blind,B,adjective,Playtime (507),Words/blind_4409.mp4,,1.58 2.42 3.96
4410,contest,A,noun,Contests (2602),Words/contest_4410.mp4,,1.29 2.58 4.04 4.75 5.46 8.21
4412,block,B,verb,Cars (605),Words/block_4412.mp4,,2.42 4.79 6.71
4413,smell,A,noun,Flowers (2101),Words/smell_4413.mp4,,8.75
4415,compliment,B,noun,Friends (3201),Words/compliment_4415.mp4,,1.71 2.92 4.38 6.08 6.58
4416,ticket,A,noun,Flights (201),Words/ticket_4416.mp4,,3.21 5.79
4417,travel,A,noun,Station (202),Words/travel_4417.mp4,,0.92 3.71 6.92
4421,bone,A,noun,Science (804),Words/bone_4421.mp4,,1.88 6.25
4424,border,B,noun,Countries (208),Words/border_4424.mp4,,1.29
4426,meeting,A,noun,Office (701),Words/meeting_4426.mp4,,4.12 6.42 8.54
4429,restaurant,A,noun,Restaurant (304),Words/restaurant_4429.mp4,,3.79 4.62
4431,score,B,verb,Football (2001),Words/score_4431.mp4,,6.29
4432,ignore,B,verb,Shops (1101),Words/ignore_4432.mp4,,3.21 6.38
4434,fair,B,noun,Playtime (507),Words/fair_4434.mp4,,2.42 5.08 7.58
4438,parade,B,noun,Sights (207),Words/parade_4438.mp4,,1.96 4.08 9.46
4440,strike,B,verb,Gym (1201),Words/strike_4440.mp4,,2.58 4.08 5.33
4443,wedding,A,noun,Couples (2303),Words/wedding_4443.mp4,,1.17 4.38 5.92 8.75
4445,bridge,A,noun,Sights (207),Words/bridge_4445.mp4,,1.71 4.04
4447,wet,A,adjective,Rain (1702),Words/wet_4447.mp4,,2.08 4.71 6.04
4448,handle,A,noun,Cleaning (2702),Words/handle_4448.mp4,,2.79 7.92
4451,teenager,A,noun,People (2304),Words/teenager_4451.mp4,,6.92
4454,tip,B,verb,Force (2901),Words/tip_4454.mp4,,2.75 4.71 5.88
4456,modern,A,adjective,Buildings (1102),Words/modern_4456.mp4,,2.92 5.75
4461,dig,B,verb,Seaside (205),Words/dig_4461.mp4,,0.04 0.83 1.33 1.92 2.42
4462,funeral,B,noun,Relatives (2302),Words/funeral_4462.mp4,,2.21 5.25 7.79 9.08
4464,read,A,verb,Stories (402),Words/read_4464.mp4,,4.21 6.46
4465,upstairs,A,adverb,Streets (1103),Words/upstairs_4465.mp4,,1.00 1.79 2.92 4.42 5.62 6.92
4466,aboard,B,adverb,Transit (602),Words/aboard_4466.mp4,,2.12 4.38 5.71 7.71
4470,store,B,verb,Cleaning (2702),Words/store_4470.mp4,,2.92 5.38 8.29
4472,altitude,B,noun,Hiking (206),Words/altitude_4472.mp4,,2.04 4.29 5.92
4474,menu,A,noun,Restaurant (304),Words/menu_4474.mp4,,0.88 2.21 5.17
4476,hall,A,noun,Restaurant (304),Words/hall_4476.mp4,,3.38 5.75
4478,date,A,noun,Routine (2201),Words/date_4478.mp4,,2.04 6.38
4481,focus,A,verb,Art (403),Words/focus_4481.mp4,,2.38 5.00
4482,shoot,B,verb,Art (403),Words/shoot_4482.mp4,,2.46 5.67
4485,powerful,A,adjective,Rivers (1002),Words/powerful_4485.mp4,,3.71
4487,kind,A,adjective,People (2304),Words/kind_4487.mp4,,4.79 9.08
4490,prepare,A,verb,Guests (505),Words/prepare_4490.mp4,,4.58 8.21
4495,cost,A,noun,Prices (1901),Words/cost_4495.mp4,,1.38 3.71
4496,lay,B,verb,Decor (1803),Words/lay_4496.mp4,,2.75 5.88
4499,visit,A,verb,Sights (207),Words/visit_4499.mp4,,2.92 5.38
4500,quick,A,adjective,Force (2901),Words/quick_4500.mp4,,1.62 3.42 5.46 7.12
4502,ceiling,B,noun,Rooms (1802),Words/ceiling_4502.mp4,,2.42 6.21
4504,success,A,noun,Office (701),Words/success_4504.mp4,,1.58 8.79
4506,comfort,B,noun,Calm (1402),Words/comfort_4506.mp4,,3.08 6.38
4509,weigh,A,verb,Luggage (203),Words/weigh_4509.mp4,,3.21 5.04
4519,ash,B,noun,Decor (1803),Words/ash_4519.mp4,,3.38 7.04
4522,tour,A,noun,Sights (207),Words/tour_4522.mp4,,4.21 7.62 10.38
4524,fold,B,verb,Baking (1303),Words/fold_4524.mp4,,7.71
4526,election,B,noun,Law (1501),Words/election_4526.mp4,,2.54 5.58 6.42
4527,vegetable,A,noun,Ingredients (1302),Words/vegetable_4527.mp4,,1.42 6.04
4529,color,A,noun,Sights (207),Words/color_4529.mp4,,2.25 5.46
4531,popcorn,A,noun,Stories (402),Words/popcorn_4531.mp4,,0.67 1.29 1.96 4.83
4532,trash,B,noun,Cleaning (2702),Words/trash_4532.mp4,,2.12 4.38
4534,official,B,noun,Law (1501),Words/official_4534.mp4,,5.42 7.54
4535,lesson,A,noun,Classroom (801),Words/lesson_4535.mp4,,2.04 5.21
4537,clear,B,verb,Cleaning (2702),Words/clear_4537.mp4,,2.04 3.42 4.54 5.25 6.38 7.42 10.54
4538,rest,B,noun,Cleaning (2702),Words/rest_4538.mp4,,0.71 2.92 3.67 4.25 4.79 5.42 6.08 6.92
4540,equipment,B,noun,Cleaning (2702),Words/equipment_4540.mp4,,2.46 4.54 7.04 8.71
4541,filthy,B,adjective,Cleaning (2702),Words/filthy_4541.mp4,,1.08 3.25 4.04 5.79 6.75 7.75 9.38
4542,agreement,B,noun,Office (701),Words/agreement_4542.mp4,,1.67 6.38 7.04
4548,late,A,adverb,Routine (2201),Words/late_4548.mp4,,3.42 6.00
4550,finally,A,adverb,Routine (2201),Words/finally_4550.mp4,,1.62 2.92 4.58 7.29 9.21
4554,flame,B,noun,Stove (1304),Words/flame_4554.mp4,,2.71
4555,pine,B,noun,Mountains (1003),Words/pine_4555.mp4,,3.25 4.50 5.46 7.04
4558,support,B,noun,Friends (3201),Words/support_4558.mp4,,4.38
4560,crew,B,noun,Olympics (2003),Words/crew_4560.mp4,,2.42 6.62
4562,direction,A,noun,Hiking (206),Words/direction_4562.mp4,,4.04 6.62
4563,law,B,noun,Law (1501),Words/law_4563.mp4,,1.79 7.71
4569,to fry,A,verb,Stove (1304),Words/fry_4569.mp4,,2.88 6.38 8.92
4570,chef,A,noun,Stove (1304),Words/chef_4570.mp4,,2.96 6.88
4571,push,A,verb,Force (2901),Words/push_4571.mp4,,3.42 5.25 6.79 10.71
4573,secret,B,adjective,Papers (1903),Words/secret_4573.mp4,,2.08 4.04 4.88
4576,count,A,verb,Law (1501),Words/count_4576.mp4,,3.21
4579,abroad,A,adverb,Countries (208),Words/abroad_4579.mp4,,2.42 4.42 6.88
4582,measure,B,verb,Relatives (2302),Words/measure_4582.mp4,,2.75 4.38 6.79
4585,crossing,B,noun,Streets (1103),Words/crossing_4585.mp4,,2.54 5.71
4586,crosswalk,B,noun,Streets (1103),Words/crosswalk_4586.mp4,,3.04 7.21
4587,cyclist,A,noun,Bikes (601),Words/cyclist_4587.mp4,,3.79 6.54
4589,pedestrian,B,noun,Streets (1103),Words/pedestrian_4589.mp4,,2.08 5.21
4591,ship,A,noun,Seaside (205),Words/ship_4591.mp4,,1.38 2.58 3.29 4.96 6.62
4592,foot,B,noun,Body (3101),Words/foot_4592.mp4,,3.08 5.08 8.71
4594,together,A,adverb,Friends (3201),Words/together_4594.mp4,,1.46 2.92 4.04 5.83
4598,huge,B,adjective,Sizes (2502),Words/huge_4598.mp4,,3.25 6.88
4600,exchange,B,verb,Money (1902),Words/exchange_4600.mp4,,3.75 4.71 5.88 6.38 9.75
4601,arrange,B,verb,Decor (1803),Words/arrange_4601.mp4,,2.38 6.83
4603,road,A,noun,Bikes (601),Words/road_4603.mp4,,2.38 6.58
4606,tower,A,noun,Sights (207),Words/tower_4606.mp4,,3.38 7.33 8.25
4607,copper,B,noun,Drinks (301),Words/copper_4607.mp4,,5.21 6.71
4608,crowd,A,noun,Shows (503),Words/crowd_4608.mp4,,1.96 3.75 4.75 8.08
4611,daughter,A,noun,Family (2301),Words/daughter_4611.mp4,,1.08 2.38 4.71 6.71
4613,earth,A,noun,Plants (2102),Words/earth_4613.mp4,,1.50
4614,hang,B,verb,Party (502),Words/hang_4614.mp4,,1.71 2.88 3.92 4.75 6.25
4615,colorful,A,adjective,Party (502),Words/colorful_4615.mp4,,0.62 2.00 2.42 2.92 3.58 4.42 5.08 6.04 7.75
4617,fight,B,verb,Contests (2602),Words/fight_4617.mp4,,1.62 3.71
4622,sigh,B,verb,Flights (201),Words/sigh_4622.mp4,,4.54 7.46
4625,vote,B,verb,Law (1501),Words/vote_4625.mp4,,4.42
4627,leave,A,verb,Station (202),Words/leave_4627.mp4,,2.08
4630,haircut,A,noun,Hair (3401),Words/haircut_4630.mp4,,1.00 2.58 3.58 4.04 5.08 5.75 6.92
4631,design,B,verb,Workshop (1603),Words/design_4631.mp4,,4.04 4.83 5.83 6.38
4632,workspace,B,noun,Furniture (1801),Words/workspace_4632.mp4,,2.04
4633,desperate,B,adjective,Fear (3501),Words/desperate_4633.mp4,,2.42
4635,destination,B,noun,Station (202),Words/destination_4635.mp4,,3.29 4.21 5.50
4636,lighthouse,B,noun,Seaside (205),Words/lighthouse_4636.mp4,,1.00 5.29
4640,detergent,B,noun,Washing (2701),Words/detergent_4640.mp4,,1.17 2.12 4.42 5.58 6.88 7.75 8.79 9.75
4641,diet,A,noun,Groceries (305),Words/diet_4641.mp4,,2.42 8.08
4642,pit,B,noun,Coast (1001),Words/pit_4642.mp4,,3.08 8.62
4643,production,B,noun,Media (704),Words/production_4643.mp4,,3.25
4644,excuse,A,noun,Guests (505),Words/excuse_4644.mp4,,1.42 4.21 6.71
4645,attach,B,verb,Crafts (404),Words/attach_4645.mp4,,3.08 3.79 4.33 4.92 6.75 7.42
4652,compete,B,verb,Contests (2602),Words/compete_4652.mp4,,2.04 5.67
4653,mud,B,noun,Land (1004),Words/mud_4653.mp4,,4.04 8.38
4654,doubt,A,noun,Mind (3001),Words/doubt_4654.mp4,,4.88
4655,dress,A,verb,Clothes (904),Words/dress_4655.mp4,,0.83 1.54 2.38 3.75 4.88 6.04 8.25 9.04
4656,mount,B,verb,Construction (1601),Words/mount_4656.mp4,,2.71 4.71 5.54
4657,to drink,A,verb,Drinks (301),Words/drink_4657.mp4,,2.29 4.54 5.88
4658,drive,A,verb,Cars (605),Words/drive_4658.mp4,,2.12 6.42
4659,car,A,noun,Cars (605),Words/car_4659.mp4,,1.96 5.88 8.08
4662,supply,B,verb,Voyage (604),Words/supply_4662.mp4,,3.67 8.08
4665,accident,A,noun,Force (2901),Words/accident_4665.mp4,,2.04 4.04 6.00 7.92
4666,smash,B,verb,Force (2901),Words/smash_4666.mp4,,1.96 4.71 6.42
4670,roof,A,noun,Buildings (1102),Words/roof_4670.mp4,,1.33 2.88 5.71
4671,machine,A,noun,Electricity (2401),Words/machine_4671.mp4,,2.38 4.88 7.79
4676,tradition,A,noun,Shops (1101),Words/tradition_4676.mp4,,2.54 8.58
4678,eat,A,verb,Meals (306),Words/eat_4678.mp4,,2.04 5.25 7.71
4679,delicious,A,adjective,Takeaway (302),Words/delicious_4679.mp4,,3.58 5.38 6.42 7.92 9.21
4681,lamp,A,noun,Sights (207),Words/lamp_4681.mp4,,2.92
4683,rice,A,noun,Meals (306),Words/rice_4683.mp4,,1.38 1.79 2.54 3.58 6.42 8.25
4686,repair,A,noun,Repairs (1602),Words/repair_4686.mp4,,1.42 5.04
4691,colleague,B,noun,Office (701),Words/colleague_4691.mp4,,0.92 1.92 6.29
4692,product,A,noun,Shops (1101),Words/product_4692.mp4,,2.42 5.88
4694,contract,B,noun,Papers (1903),Words/contract_4694.mp4,,3.33 6.92
4695,chaos,B,noun,Rooms (1802),Words/chaos_4695.mp4,,2.04 6.21
4696,encourage,B,verb,Community (506),Words/encourage_4696.mp4,,2.25 3.42 6.54
4698,motor,B,noun,Cars (605),Words/motor_4698.mp4,,0.75 3.71 4.21 6.12
4700,robot,B,noun,Science (804),Words/robot_4700.mp4,,1.92 5.21
4703,raise,B,verb,Movement (603),Words/raise_4703.mp4,,3.75
4705,band,B,noun,Music (401),Words/band_4705.mp4,,1.29 2.42 3.38 4.29
4706,to shout,B,verb,Shows (503),Words/shout_4706.mp4,,1.79 4.04
4707,patient,A,noun,Medicine (2803),Words/patient_4707.mp4,,3.54 4.38 6.25 7.08 8.38
4709,group,A,noun,People (2304),Words/group_4709.mp4,,2.92 4.67
4712,blow,A,verb,Party (502),Words/blow_4712.mp4,,1.71 2.67 4.08 5.92
4713,goodbye,B,noun,Conversation (504),Words/goodbye_4713.mp4,,5.08
4714,expert,A,noun,Service (703),Words/expert_4714.mp4,,1.38 5.38
4716,explore,A,verb,Hiking (206),Words/explore_4716.mp4,,4.54 8.38
4717,dark,A,adjective,Sky (1704),Words/dark_4717.mp4,,2.92
4722,sunglasses,A,noun,Accessories (901),Words/sunglasses_4722.mp4,,3.71 5.71
4724,to laugh,A,verb,Joy (1401),Words/laugh_4724.mp4,,2.92
4725,pizza,A,noun,Meals (306),Words/pizza_4725.mp4,,1.46 3.25 4.83
4726,farmer,A,noun,Fieldwork (705),Words/farmer_4726.mp4,,2.54 5.75
4727,father,A,noun,Family (2301),Words/father_4727.mp4,,2.04 4.58
4731,nation,A,noun,Countries (208),Words/nation_4731.mp4,,3.42 7.71
4732,build,A,verb,Construction (1601),Words/build_4732.mp4,,1.25 1.71 4.04 4.75 5.21 6.88 9.08
4735,punch,B,noun,Gym (1201),Words/punch_4735.mp4,,2.08 4.33
4737,jug,B,noun,Decor (1803),Words/jug_4737.mp4,,3.42 4.88 6.88
4738,everywhere,A,adverb,Rooms (1802),Words/everywhere_4738.mp4,,3.75 4.42
4741,to pull,A,verb,Force (2901),Words/pull_4741.mp4,,2.29 3.79 6.42
4743,flight,B,noun,Flights (201),Words/flight_4743.mp4,,2.75 5.00
4745,flow,B,verb,Rivers (1002),Words/flow_4745.mp4,,3.08 7.71
4749,formation,B,noun,People (2304),Words/formation_4749.mp4,,1.71 3.38 5.42 7.00
4750,clothes,A,noun,Clothes (904),Words/clothes_4750.mp4,,6.04
4752,failure,B,noun,Contests (2602),Words/failure_4752.mp4,,4.67
4754,referee,B,noun,Football (2001),Words/protest_4754.mp4,,3.29 7.75
4756,france,A,noun,Countries (208),Words/france_4756.mp4,,2.42 6.71
4757,freedom,A,noun,Joy (1401),Words/freedom_4757.mp4,,4.08
4758,full,A,adjective,Sizes (2502),Words/full_4758.mp4,,3.75 4.83 6.00 6.92 7.50 8.25 9.42
4759,baker,B,noun,Service (703),Words/baker_4759.mp4,,1.96
4760,share,A,verb,Friends (3201),Words/share_4760.mp4,,7.04
4761,bacon,B,noun,Meals (306),Words/bacon_4761.mp4,,6.67
4762,gallery,B,noun,Art (403),Words/gallery_4762.mp4,,1.38 2.71 5.04
4763,gamer,B,noun,Games (405),Words/gamer_4763.mp4,,2.17 4.38 7.58
4766,garden,A,verb,Flowers (2101),Words/garden_4766.mp4,,2.04 8.46
4767,gardener,A,noun,Fieldwork (705),Words/gardener_4767.mp4,,3.21 5.79 7.08
4768,card,A,noun,Games (405),Words/card_4768.mp4,,1.92 3.25 4.54
4771,palace,A,noun,Sights (207),Words/palace_4771.mp4,,1.71 2.38 4.88 7.75
4777,helpful,A,adjective,People (2304),Words/helpful_4777.mp4,,1.75 4.08 6.38
4778,workshop,B,noun,Workshop (1603),Words/workshop_4778.mp4,,1.17 2.17 3.25 3.67 4.58 5.04 8.50
4779,germany,A,noun,Countries (208),Words/germany_4779.mp4,,3.71 8.12
4782,playground,A,noun,Classroom (801),Words/playground_4782.mp4,,1.62 6.92
4783,couple,A,noun,Romance (501),Words/couple_4783.mp4,,2.75 6.58
4784,give,A,verb,Party (502),Words/give_4784.mp4,,2.54 4.54 6.38
4785,terrace,B,noun,Buildings (1102),Words/terrace_4785.mp4,,2.58 8.96
4788,shocked,A,adjective,Drama (1403),Words/shocked_4788.mp4,,2.25
4789,authority,B,noun,Law (1501),Words/authority_4789.mp4,,2.25 6.04
4792,to plant,B,verb,Plants (2102),Words/plant_4792.mp4,,1.54 4.38 5.92
4793,sand,B,verb,Workshop (1603),Words/sand_4793.mp4,,3.54 5.38 7.42
4794,grandmother,A,noun,Relatives (2302),Words/grandmother_4794.mp4,,4.21 7.42
4795,to bake,A,verb,Baking (1303),Words/bake_4795.mp4,,1.50 3.71 6.92
4796,balance,B,verb,Games (405),Words/balance_4796.mp4,,3.46 4.62
4797,little,A,adjective,Sizes (2502),Words/little_4797.mp4,,6.88 8.38 9.42
4798,temple,A,noun,Buildings (1102),Words/temple_4798.mp4,,4.00 8.29 9.92
4800,groom,B,noun,Party (502),Words/groom_4800.mp4,,1.58 2.92
4801,tall,A,adjective,Sizes (2502),Words/tall_4801.mp4,,1.96
4802,museum,A,noun,Buildings (1102),Words/museum_4802.mp4,,2.75 5.50 7.25
4804,tour,B,verb,Sights (207),Words/tour_4804.mp4,,5.04
4805,church,A,noun,Buildings (1102),Words/church_4805.mp4,,2.75 4.58
4806,dome,B,noun,Buildings (1102),Words/dome_4806.mp4,,3.62 6.42
4807,orange,A,adjective,Shapes (2501),Words/orange_4807.mp4,,4.38
4808,braid,B,noun,Hair (3401),Words/braid_4808.mp4,,1.92 6.83
4809,corridor,B,noun,Rooms (1802),Words/corridor_4809.mp4,,1.79
4810,post,B,noun,Construction (1601),Words/post_4810.mp4,,1.71 5.38 7.25
4811,teammate,B,noun,Ballgames (2002),Words/teammate_4811.mp4,,7.92
4812,tidy,B,adjective,Rooms (1802),Words/tidy_4812.mp4,,2.54 6.79
4813,harbour,B,noun,Seaside (205),Words/harbour_4813.mp4,,2.58 4.46
4814,to pick,A,verb,Plants (2102),Words/pick_4814.mp4,,2.25 2.96 4.08 4.92 5.54 6.88 8.42 9.58
4820,same,A,adjective,Party (502),Words/same_4820.mp4,,1.62 2.54 4.04 5.38 8.17
4821,sunset,B,noun,Sky (1704),Words/sunset_4821.mp4,,1.58 2.50 3.42
4822,message,A,noun,Conversation (504),Words/message_4822.mp4,,3.54 6.21 9.38
4825,to wipe,B,verb,Cleaning (2702),Words/wipe_4825.mp4,,0.71 1.33 2.25 3.46 4.62
4827,paint,A,noun,Art (403),Words/paint_4827.mp4,,2.71
4831,hit,B,noun,Ballgames (2002),Words/hit_4831.mp4,,1.92
4837,table,A,noun,Furniture (1801),Words/table_4837.mp4,,2.96 5.75 7.42
4838,throw,A,verb,Games (405),Words/throw_4838.mp4,,4.50 6.17
4839,move,A,verb,Cars (605),Words/move_4839.mp4,,1.46 3.58 5.25 7.08
4840,hide,A,verb,Playtime (507),Words/hide_4840.mp4,,1.79 3.25 5.50 6.96
4841,key,A,noun,Doors (3301),Words/key_4841.mp4,,1.42 3.42 4.71 6.67 8.04
4842,to work,A,verb,Trades (702),Words/work_4842.mp4,,1.21 2.92 3.92 4.75 6.21
4843,structure,A,noun,Construction (1601),Words/structure_4843.mp4,,0.71 1.83 3.04 3.83 4.25 4.71 6.46
4844,half,A,noun,Sizes (2502),Words/half_4844.mp4,,1.21 2.33 4.04 6.04
4845,cloth,A,noun,Tailor (902),Words/cloth_4845.mp4,,2.46 4.25 5.67 7.38
4846,iron,B,verb,Washing (2701),Words/iron_4846.mp4,,1.79 3.25 5.00 6.46 8.08
4847,floor,A,noun,Rooms (1802),Words/floor_4847.mp4,,2.08 3.38 5.04 6.58
4848,grow,A,verb,Plants (2102),Words/grow_4848.mp4,,1.75 3.08 4.38 6.17
4849,summer,A,noun,Sky (1704),Words/summer_4849.mp4,,1.33 2.92 5.67 7.08
4850,camera,A,noun,Art (403),Words/camera_4850.mp4,,1.04 2.46 3.46 4.83 7.29
4851,ancient,A,adjective,Science (804),Words/ancient_4851.mp4,,1.96 4.08
4852,gear,B,noun,Repairs (1602),Words/gear_4852.mp4,,1.92
4853,tiny,B,adjective,Sizes (2502),Words/tiny_4853.mp4,,3.08 5.67 6.79
4855,remember,A,verb,Mind (3001),Words/remember_4855.mp4,,7.42
4857,worker,A,noun,Trades (702),Words/worker_4857.mp4,,2.42 5.62
4859,piece,A,noun,Games (405),Words/piece_4859.mp4,,1.75 4.71 6.58
4860,bubble,B,noun,Science (804),Words/bubble_4860.mp4,,2.25 4.38 6.29
4861,listen,A,verb,Music (401),Words/listen_4861.mp4,,1.75 3.54 5.50
4862,choose,A,verb,Mind (3001),Words/choose_4862.mp4,,2.42 4.21 6.04
4864,uniform,A,noun,Clothes (904),Words/uniform_4864.mp4,,3.75 5.88 8.08
4865,lens,B,noun,Gadgets (2402),Words/lens_4865.mp4,,1.38 3.58 4.79 7.08
4866,drone,B,noun,Gadgets (2402),Words/drone_4866.mp4,,1.75 3.62 4.71
4867,thumb,B,noun,Body (3101),Words/thumb_4867.mp4,,2.12 3.71 5.25 7.25
4868,program,B,verb,Office (701),Words/program_4868.mp4,,1.00 1.96 3.46 4.58 6.46
4869,design,A,noun,Art (403),Words/design_4869.mp4,,2.25 3.88 6.04 7.71
4870,foam,B,noun,Hair (3401),Words/foam_4870.mp4,,2.75 4.71 6.38 7.92
4872,rating,A,noun,Mind (3001),Words/rating_4872.mp4,,1.96 4.04 5.17
4874,traffic light,A,noun,Streets (1103),Words/traffic_light_4874.mp4,,0.04
4875,truck,A,noun,Cars (605),Words/truck_4875.mp4,,2.12 4.38 7.42
4878,pier,B,noun,Seaside (205),Words/pier_4878.mp4,,0.25 3.88 6.33
4879,competition,B,noun,Contests (2602),Words/competition_4879.mp4,,1.79 4.42 6.71
4880,bottle,A,noun,Drinks (301),Words/bottle_4880.mp4,,2.08 4.08 5.79
4881,bus,A,noun,Transit (602),Words/bus_4881.mp4,,1.62 4.04 6.42
4882,aircraft,B,noun,Flights (201),Words/aircraft_4882.mp4,,1.50 2.88 4.04 5.25
4883,reveal,A,verb,Doors (3301),Words/reveal_4883.mp4,,0.33 2.04 4.04 5.96
4886,steep,B,adjective,Mountains (1003),Words/steep_4886.mp4,,2.04 5.38
4889,circular,B,adjective,Shapes (2501),Words/circular_4889.mp4,,2.33 5.50
4892,shorts,A,noun,Clothes (904),Words/shorts_4892.mp4,,2.71 4.38 5.79
4893,crowded,B,adjective,Streets (1103),Words/crowded_4893.mp4,,5.38 6.75
4898,panel,B,noun,Construction (1601),Words/panel_4898.mp4,,4.04
4899,enormous,A,adjective,Sizes (2502),Words/enormous_4899.mp4,,2.38 4.54 7.42
4900,stack,B,noun,Sizes (2502),Words/stack_4900.mp4,,2.42 4.17 5.92
4901,blue,A,adjective,Sky (1704),Words/blue_4901.mp4,,1.71 4.08 5.88
4904,risky,B,adjective,Fear (3501),Words/risky_4904.mp4,,3.04 4.54 7.25
4905,span,B,verb,Sizes (2502),Words/span_4905.mp4,,2.71 5.25 6.79
4906,tent,B,noun,Hiking (206),Words/tent_4906.mp4,,2.54 4.38 6.38
4907,speaker,B,noun,Gadgets (2402),Words/speaker_4907.mp4,,2.08 4.38 6.62
4908,branch,B,noun,Plants (2102),Words/branch_4908.mp4,,2.25 4.38 6.58
4909,famous,A,adjective,People (2304),Words/famous_4909.mp4,,2.29 6.79 8.25
4910,scarf,A,noun,Accessories (901),Words/scarf_4910.mp4,,1.46 3.75 6.12
4911,owner,A,noun,Service (703),Words/owner_4911.mp4,,1.04 4.54 5.71
4912,instructor,B,noun,Service (703),Words/instructor_4912.mp4,,2.12 2.62 3.50 4.25 4.71 5.17 5.88 8.08 9.04
4913,bracelet,B,noun,Accessories (901),Words/bracelet_4913.mp4,,2.58 4.42 5.54
4914,guitar,A,noun,Music (401),Words/guitar_4914.mp4,,1.00 2.00 3.04 6.58 7.58
4915,shoulder,A,noun,Body (3101),Words/shoulder_4915.mp4,,4.08 4.92 6.67 7.42
4916,bicycle,A,noun,Bikes (601),Words/bicycle_4916.mp4,,1.33 2.71
4917,shoot,A,verb,Olympics (2003),Words/shoot_4917.mp4,,6.75
4918,stairs,B,noun,Movement (603),Words/stairs_4918.mp4,,0.75 1.71 2.42 3.54 4.75 5.67 6.25 7.08
4919,membership,B,noun,Community (506),Words/membership_4919.mp4,,0.04 1.62 3.25 4.21 5.17 6.46 7.08 7.96
4920,community,B,noun,Community (506),Words/community_4920.mp4,,1.42 4.04 5.50 6.75
4921,trail,B,noun,Hiking (206),Words/trail_4921.mp4,,2.42 3.38 4.04 5.00 6.17
4922,host,A,noun,Guests (505),Words/host_4922.mp4,,2.12 4.12 6.04
4923,seat,A,verb,Restaurant (304),Words/seat_4923.mp4,,0.54 1.29 2.04
4924,familiar,A,adjective,Conversation (504),Words/familiar_4924.mp4,,1.88 2.71 4.21 6.50 7.21
4925,care,B,verb,Medicine (2803),Words/care_4925.mp4,,2.25 3.04 3.88 5.38 6.38 7.38
4926,dentist,A,noun,Medicine (2803),Words/dentist_4926.mp4,,0.83 2.21 3.71 5.29 6.62 8.04
4927,lawyer,A,noun,Law (1501),Words/lawyer_4927.mp4,,0.92 2.71 3.54 5.08 6.42 7.25 7.83
4928,to fix,B,verb,Repairs (1602),Words/fix_4928.mp4,,1.29 3.58 4.04 5.17 6.29 7.21
4929,grade,A,noun,Campus (803),Words/grade_4929.mp4,,2.25 4.21 4.83 5.50 6.42 7.42
4930,reward,B,noun,Classroom (801),Words/reward_4930.mp4,,1.29 2.08 4.38
4931,diagram,B,noun,Campus (803),Words/diagram_4931.mp4,,2.71 3.54 4.83 5.79 7.04
4932,to steer,B,verb,Cars (605),Words/steer_4932.mp4,,0.79 1.38 2.08 3.38 4.21 4.88 5.54 7.08 7.58
4933,wheel,A,noun,Transit (602),Words/wheel_4933.mp4,,1.04 1.79 3.25 5.38 5.79 8.38
4934,headset,B,noun,Gadgets (2402),Words/headset_4934.mp4,,1.42 2.71 3.88 5.21 7.75
4935,compass,B,noun,Seaside (205),Words/compass_4935.mp4,,1.38 2.04 3.04 4.75 5.83 7.46
4936,kitchen,A,noun,Stove (1304),Words/kitchen_4936.mp4,,1.58 2.25 3.58 5.21 5.67
4937,ring,A,verb,Routine (2201),Words/ring_4937.mp4,,1.42 4.38 7.79
4938,waitress,A,noun,Service (703),Words/waitress_4938.mp4,,1.33 2.46 3.25 5.71 7.29
4939,golden,A,adjective,Meals (306),Words/golden_4939.mp4,,0.88 2.25 4.04 5.54 6.71 7.71
4940,butcher,B,noun,Service (703),Words/butcher_4940.mp4,,0.92 1.62 2.58 4.21 6.00
4941,firefighter,A,noun,Fieldwork (705),Words/firefighter_4941.mp4,,1.00 1.42 2.04 2.92 3.92 5.00 6.29 7.88
4942,luggage,B,noun,Luggage (203),Words/luggage_4942.mp4,,1.79 2.38 5.42 6.04 7.04 7.67
4943,praise,B,noun,Conversation (504),Words/praise_4943.mp4,,1.04 3.08 5.00 5.79 6.25 6.83
4944,gown,B,noun,Clothes (904),Words/gown_4944.mp4,,2.08 3.08 6.71
4945,sing,A,verb,Music (401),Words/sing_4945.mp4,,3.25 4.21 5.79
4947,portrait,B,noun,Art (403),Words/portrait_4947.mp4,,1.29 1.92 2.75 3.33 3.75 6.46
4949,scenery,B,noun,Mountains (1003),Words/scenery_4949.mp4,,7.38
4952,bed,A,noun,Furniture (1801),Words/bed_4952.mp4,,3.08 9.04
4953,hope,B,verb,Joy (1401),Words/hope_4953.mp4,,2.75
4954,visit,A,noun,Guests (505),Words/visit_4954.mp4,,1.88 3.42 6.00
4956,reception,A,noun,Hotel (204),Words/reception_4956.mp4,,3.54 6.04
4957,hotel,A,noun,Hotel (204),Words/hotel_4957.mp4,,2.58 3.88 5.21 6.92
4958,villa,B,noun,Buildings (1102),Words/villa_4958.mp4,,3.92 7.79
4959,cottage,B,noun,Buildings (1102),Words/cottage_4959.mp4,,2.71 5.79
4962,binoculars,B,noun,Adventure (406),Words/binoculars_4962.mp4,,1.79 4.21 4.71 5.38
4965,bathroom,A,noun,Rooms (1802),Words/bathroom_4965.mp4,,6.42 7.00
4968,card,A,noun,Papers (1903),Words/card_4968.mp4,,5.88 8.38
4971,fireworks,B,noun,Shows (503),Words/fireworks_4971.mp4,,6.29 7.38 9.67
4973,monument,B,noun,Sights (207),Words/monument_4973.mp4,,3.75 7.75
4975,different,A,adjective,Mind (3001),Words/different_4975.mp4,,4.83 6.04
4977,hand,A,noun,Body (3101),Words/hand_4977.mp4,,4.08 8.21
4978,cook,A,noun,Service (703),Words/cook_4978.mp4,,7.79
4979,office,A,noun,Office (701),Words/office_4979.mp4,,5.92 6.58
4980,to breathe,A,verb,Illness (2801),Words/breathe_4980.mp4,,2.04 3.38 4.67 6.29
4981,vaccine,B,noun,Medicine (2803),Words/vaccine_4981.mp4,,3.71 5.38 6.42 7.42
4983,officer,A,noun,Law (1501),Words/officer_4983.mp4,,2.62 6.04 10.08
4984,briefcase,B,noun,Office (701),Words/briefcase_4984.mp4,,1.25 2.29 7.88
4985,fix,B,verb,Repairs (1602),Words/fix_4985.mp4,,1.33 3.92
4986,bright,A,adjective,Gadgets (2402),Words/bright_4986.mp4,,4.08
4987,present,B,verb,Office (701),Words/present_4987.mp4,,1.38
4988,attack,A,noun,Law (1501),Words/attack_4988.mp4,,1.79 5.79
4990,iron,A,noun,Washing (2701),Words/iron_4990.mp4,,2.38 2.79 3.25 3.71 4.75 5.21 6.83
4991,messy,B,adjective,Rooms (1802),Words/messy_4991.mp4,,3.71 8.54
4992,busy,A,adjective,Routine (2201),Words/busy_4992.mp4,,2.12 7.42
4994,wooden,A,adjective,Kitchenware (1301),Words/wooden_4994.mp4,,3.42 8.71
4997,laugh,B,noun,Joy (1401),Words/a_laugh_4997.mp4,,2.29 7.67
4998,tunnel,B,noun,Transit (602),Words/a_tunnel_4998.mp4,,6.42
5000,thin,A,adjective,Sizes (2502),Words/thin_5000.mp4,,1.38 3.04 5.88 6.71 8.04
5001,landscape,A,noun,Mountains (1003),Words/landscape_5001.mp4,,1.88 3.92
5002,dusk,B,noun,Sky (1704),Words/dusk_5002.mp4,,3.38 5.38
5006,kettle,A,noun,Electricity (2401),Words/kettle_5006.mp4,,3.54 6.04
5007,lock,A,noun,Doors (3301),Words/lock_5007.mp4,,4.04 6.46
5008,unlock,B,verb,Doors (3301),Words/unlock_5008.mp4,,5.92 6.96
5009,child,A,noun,Family (2301),Words/child_5009.mp4,,2.25 4.79
5010,king,A,noun,Law (1501),Words/king_5010.mp4,,9.08
5011,old,A,adjective,Relatives (2302),Words/old_5011.mp4,,2.54 5.54
5012,romance,A,noun,Romance (501),Words/romance_5012.mp4,,5.04
5013,cheap,A,adjective,Prices (1901),Words/cheap_5013.mp4,,3.25
5014,rich,A,adjective,Money (1902),Words/rich_5014.mp4,,3.71 6.12
5016,knee,A,noun,Body (3101),Words/knee_5016.mp4,,6.29
5017,cut,A,adjective,Ingredients (1302),Words/cut_5017.mp4,,2.71 6.08 8.92
5019,beef,A,noun,Meals (306),Words/beef_5019.mp4,,7.75 8.75
5020,replace,A,verb,Repairs (1602),Words/replace_5020.mp4,,1.54 6.79
5021,lady,A,noun,People (2304),Words/lady_5021.mp4,,2.38 4.38 6.92
5022,shine,A,verb,Electricity (2401),Words/shine_5022.mp4,,3.04 6.21
5024,dictionary,A,noun,Study (802),Words/dictionary_5024.mp4,,8.42
5025,joke,A,noun,Conversation (504),Words/joke_5025.mp4,,8.42
5028,difficult,A,adjective,Mind (3001),Words/difficult_5028.mp4,,2.08 4.88 8.62
5030,costume,B,noun,Clothes (904),Words/costume_5030.mp4,,2.92 6.04
5032,ahead,A,adverb,Movement (603),Words/ahead_5032.mp4,,3.38 5.29 6.42
5034,spill,B,verb,Drinks (301),Words/spill_5034.mp4,,3.42 7.29
5037,sidewalk,A,noun,Streets (1103),Words/sidewalk_5037.mp4,,1.04 9.08 9.71
5038,pace,B,noun,Outdoors (1202),Words/pace_5038.mp4,,2.58
5039,cage,B,noun,Birds (104),Words/cage_5039.mp4,,2.58 5.21
5040,armchair,B,noun,Furniture (1801),Words/armchair_5040.mp4,,2.46 5.33
5042,painful,B,adjective,Injuries (2802),Words/painful_5042.mp4,,1.21 1.92 2.88
5044,hear,A,verb,Conversation (504),Words/hear_5044.mp4,,4.88
5045,sound,A,noun,Streets (1103),Words/sound_5045.mp4,,6.25
5048,shut,B,adjective,Doors (3301),Words/shut_5048.mp4,,0.96 1.79 3.58 4.58 5.17
5049,close,A,verb,Doors (3301),Words/close_5049.mp4,,2.71 5.38 6.54
5050,lose,B,verb,Contests (2602),Words/lose_5050.mp4,,1.79 5.08
5053,label,B,noun,Luggage (203),Words/label_5053.mp4,,2.08 5.04
5054,lift,B,verb,Force (2901),Words/lift_5054.mp4,,1.25 3.79
5056,maid,B,noun,Service (703),Words/maid_5056.mp4,,1.29 2.29 3.54 4.54 5.08
5058,postman,A,noun,Fieldwork (705),Words/postman_5058.mp4,,4.04 7.54
5060,male,B,noun,People (2304),Words/male_5060.mp4,,2.62 4.42 6.75
5062,boss,A,noun,Office (701),Words/boss_5062.mp4,,3.71 6.71
5063,column,A,noun,Movement (603),Words/column_5063.mp4,,6.38
5064,trumpet,B,noun,Music (401),Words/trumpet_5064.mp4,,7.08
5065,aisle,B,noun,Shops (1101),Words/aisle_5065.mp4,,1.79 2.50 3.21 4.71
5066,sample,A,noun,Groceries (305),Words/sample_5066.mp4,,2.92 6.71
5068,bride,A,noun,Party (502),Words/bride_5068.mp4,,4.71 6.38
5070,mattress,B,noun,Furniture (1801),Words/mattress_5070.mp4,,2.42 6.04
5071,service,B,verb,Repairs (1602),Words/service_5071.mp4,,1.08 3.42 5.42
5074,introduce,A,verb,Community (506),Words/introduce_5074.mp4,,6.42
5076,member,A,noun,Community (506),Words/member_5076.mp4,,2.92 7.46
5078,pork,B,noun,Meals (306),Words/pork_5078.mp4,,2.96 5.88 7.42
5079,pyramid,B,noun,Sights (207),Words/pyramid_5079.mp4,,2.75 7.75
5080,yellow,A,adjective,Shapes (2501),Words/yellow_5080.mp4,,1.75 3.71 4.88 6.71 8.75
5081,purple,A,adjective,Shapes (2501),Words/purple_5081.mp4,,3.25 6.04
5083,berry,B,noun,Sweets (303),Words/berry_5083.mp4,,2.54 3.42 5.21
5085,statue,A,noun,Streets (1103),Words/statue_5085.mp4,,3.08 5.67
5087,dirty,A,adjective,Cleaning (2702),Words/dirty_5087.mp4,,2.58 4.38 5.54 7.67 9.58 10.42
5089,mother,A,noun,Family (2301),Words/mother_5089.mp4,,1.71 4.38 6.54
5091,motorbike,A,noun,Bikes (601),Words/motorbike_5091.mp4,,2.92 5.25
5092,helper,A,noun,People (2304),Words/helper_5092.mp4,,3.08 6.08 6.96 7.71
5093,overgrown,B,adjective,Plants (2102),Words/overgrown_5093.mp4,,3.58 5.42
5095,awe,B,noun,Joy (1401),Words/awe_5095.mp4,,2.08 4.46
5097,music,A,noun,Music (401),Words/music_5097.mp4,,5.96
5099,photo,A,noun,Art (403),Words/photo_5099.mp4,,4.42 5.38 6.21 6.88 7.71
5102,alley,B,noun,Streets (1103),Words/alley_5102.mp4,,5.92
5103,neck,A,noun,Body (3101),Words/neck_5103.mp4,,2.58
5106,windmill,B,noun,Land (1004),Words/windmill_5106.mp4,,2.62 6.83
5107,cradle,B,verb,Family (2301),Words/cradle_5107.mp4,,2.75 4.38
5108,village,A,noun,Shops (1101),Words/village_5108.mp4,,3.92 7.25
5109,sweet,A,adjective,Sweets (303),Words/sweet_5109.mp4,,1.42 2.79 5.54 6.04
5114,flamingo,B,noun,Birds (104),Words/flamingo_5114.mp4,,1.33 6.21 8.58
5116,to open,A,verb,Doors (3301),Words/open_5116.mp4,,7.08
5117,bookstore,B,noun,Shops (1101),Words/bookstore_5117.mp4,,1.25 2.08 3.38 4.04 6.08
5121,remove,B,verb,Force (2901),Words/remove_5121.mp4,,3.71 7.42
5122,achieve,A,verb,Contests (2602),Words/achieve_5122.mp4,,2.12 3.42 4.75 5.38 6.92
5123,flood,B,verb,Washing (2701),Words/flood_5123.mp4,,2.12 4.71
5125,stage,A,verb,Stories (402),Words/stage_5125.mp4,,1.58 2.88 6.38
5127,shut,A,verb,Doors (3301),Words/shut_5127.mp4,,6.12
5129,cover,A,noun,Repairs (1602),Words/cover_5129.mp4,,2.04 6.21
5130,kite,A,noun,Adventure (406),Words/kite_5130.mp4,,3.00
5132,mixture,B,noun,Stove (1304),Words/mixture_5132.mp4,,3.42 6.54 8.54
5133,scream,B,verb,Joy (1401),Words/scream_5133.mp4,,2.04
5134,parent,A,noun,Family (2301),Words/parent_5134.mp4,,2.04 6.75
5137,parliament,B,noun,Law (1501),Words/parliament_5137.mp4,,1.71 7.46
5138,train,A,noun,Transit (602),Words/train_5138.mp4,,1.46 6.08
5139,blank,A,adjective,Papers (1903),Words/blank_5139.mp4,,1.25 2.83 3.88 5.33 6.29
5140,allow,B,verb,Law (1501),Words/allow_5140.mp4,,7.75
5141,doctor,A,noun,Medicine (2803),Words/doctor_5141.mp4,,1.46 3.58 5.71
5142,neighborhood,B,noun,Buildings (1102),Words/neighborhood_5142.mp4,,3.42 5.12 6.12
5144,dove,B,noun,Birds (104),Words/dove_5144.mp4,,4.71 6.38
5145,tram,A,noun,Transit (602),Words/tram_5145.mp4,,1.88 4.29 6.17
5146,strip,B,noun,Shapes (2501),Words/strip_5146.mp4,,5.54
5147,people,A,noun,People (2304),Words/people_5147.mp4,,1.38 4.58
5148,morning,A,noun,Routine (2201),Words/morning_5148.mp4,,2.42 4.38 7.38
5149,pharmacy,A,noun,Medicine (2803),Words/pharmacy_5149.mp4,,2.42 3.38 5.79
5151,frame,A,noun,Decor (1803),Words/frame_5151.mp4,,4.71 5.88 9.25
5152,bedroom,A,noun,Rooms (1802),Words/bedroom_5152.mp4,,2.71 3.42 5.54 8.46
5154,houseplant,B,noun,Decor (1803),Words/houseplant_5154.mp4,,3.38 7.42
5155,lunch,A,noun,Meals (306),Words/lunch_5155.mp4,,1.75
5156,kneel,B,verb,Movement (603),Words/kneel_5156.mp4,,1.58
5157,neighbourhood,B,noun,Buildings (1102),Words/neighbourhood_5157.mp4,,2.38 6.38
5158,connect,B,verb,Gadgets (2402),Words/connect_5158.mp4,,2.46 4.25 7.67
5161,cathedral,B,noun,Sights (207),Words/cathedral_5161.mp4,,3.25 6.33
5162,beautiful,A,adjective,Sights (207),Words/beautiful_5162.mp4,,2.12
5164,campaign,B,noun,Law (1501),Words/campaign_5164.mp4,,6.04 8.08
5165,plastic,B,noun,Rivers (1002),Words/plastic_5165.mp4,,1.71
5167,tile,B,noun,Buildings (1102),Words/tile_5167.mp4,,2.25 5.71 8.04
5168,batch,A,noun,Baking (1303),Words/batch_5168.mp4,,2.42 7.17
5169,mail,B,verb,Papers (1903),Words/mail_5169.mp4,,3.08 6.08
5170,package,B,noun,Papers (1903),Words/package_5170.mp4,,2.12 3.25 4.58 5.21 6.08
5171,add,A,verb,Stove (1304),Words/add_5171.mp4,,2.04 3.25 5.04 6.04
5172,bang,B,verb,Force (2901),Words/bang_5172.mp4,,1.33 2.21 4.42 5.08 5.58 6.88 7.75 8.21
5173,raincoat,A,noun,Clothes (904),Words/raincoat_5173.mp4,,1.62 7.67
5176,mug,A,noun,Drinks (301),Words/mug_5176.mp4,,1.71 3.38 5.04 7.21
5177,teapot,A,noun,Drinks (301),Words/teapot_5177.mp4,,1.71 5.83
5181,signature,B,noun,Papers (1903),Words/signature_5181.mp4,,2.75 4.54 7.25
5184,romantic,B,adjective,Romance (501),Words/romantic_5184.mp4,,2.04 4.04 5.54
5190,windy,A,adjective,Storm (1703),Words/windy_5190.mp4,,2.58 6.21
5191,snowy,A,adjective,Snow (1701),Words/snowy_5191.mp4,,2.88 5.29
5196,bun,B,noun,Hair (3401),Words/bun_5196.mp4,,2.42 5.50
5197,rebel,B,verb,Law (1501),Words/rebel_5197.mp4,,1.88 7.08
5199,follow,B,verb,Ingredients (1302),Words/follow_5199.mp4,,1.75 3.42 4.38 5.54 7.25
5200,lively,A,adjective,Joy (1401),Words/lively_5200.mp4,,2.25 3.88 5.08
5202,put,A,verb,Routine (2201),Words/put_5202.mp4,,3.54 8.83
5203,relative,B,noun,Relatives (2302),Words/relative_5203.mp4,,4.79
5204,improve,A,verb,Repairs (1602),Words/improve_5204.mp4,,3.08 6.00
5205,oath,B,noun,Law (1501),Words/oath_5205.mp4,,3.88
5206,evidence,A,noun,Mind (3001),Words/evidence_5206.mp4,,4.21 5.08 5.58 5.75 6.42
5208,cuisine,B,noun,Restaurant (304),Words/cuisine_5208.mp4,,3.04 5.71
5209,lounge,B,verb,Routine (2201),Words/lounge_5209.mp4,,1.96 3.88 6.38 8.42
5212,station,A,noun,Station (202),Words/station_5212.mp4,,2.38
5213,railway,B,noun,Station (202),Words/railway_5213.mp4,,7.92
5214,desert,A,noun,Land (1004),Words/desert_5214.mp4,,3.88 8.04
5215,cycling,A,noun,Outdoors (1202),Words/cycling_5215.mp4,,1.25 4.33 6.33
5216,stroll,B,noun,Movement (603),Words/stroll_5216.mp4,,3.58 7.38
5218,room,A,noun,Rooms (1802),Words/room_5218.mp4,,2.71 4.71 6.71
5219,roommate,B,noun,People (2304),Words/roommate_5219.mp4,,3.42 5.21
5222,steps,B,noun,Movement (603),Words/steps_5222.mp4,,2.92 5.92 6.38 7.04
5223,route,B,noun,Hiking (206),Words/route_5223.mp4,,1.83 6.42 7.08
5224,royal,A,adjective,Law (1501),Words/royal_5224.mp4,,1.71 5.38
5225,finish,A,verb,Racing (2601),Words/finish_5225.mp4,,1.62 5.67
5226,carriage,B,noun,Station (202),Words/carriage_5226.mp4,,5.21
5230,doll,A,noun,Crafts (404),Words/doll_5230.mp4,,2.50 6.21 8.42
5231,hospitality,B,noun,Guests (505),Words/hospitality_5231.mp4,,2.04 3.08 4.71
5232,yacht,B,noun,Seaside (205),Words/yacht_5232.mp4,,1.92 6.42
5233,military,B,adjective,Law (1501),Words/military_5233.mp4,,1.62 4.38
5235,cargo,B,noun,Voyage (604),Words/cargo_5235.mp4,,2.12 5.75
5237,star,A,noun,Sky (1704),Words/star_5237.mp4,,1.46 2.38
5238,dune,B,noun,Land (1004),Words/dune_5238.mp4,,4.58 8.12
5240,wing,B,noun,Birds (104),Words/wing_5240.mp4,,2.29
5243,schedule,B,verb,Routine (2201),Words/schedule_5243.mp4,,8.58
5244,classmate,A,noun,Classroom (801),Words/classmate_5244.mp4,,2.42 4.88
5246,flask,B,noun,Science (804),Words/flask_5246.mp4,,1.54 3.88 4.42 5.08 6.42 7.12
5247,footprints,B,noun,Movement (603),Words/footprints_5247.mp4,,2.04 6.04
5248,rent,A,noun,Prices (1901),Words/rent_5248.mp4,,1.42 3.38 4.67 6.08
5249,to wash,A,verb,Washing (2701),Words/wash_5249.mp4,,2.71 3.42 6.04
5251,type,A,verb,Office (701),Words/type_5251.mp4,,2.88 4.92 6.54
5252,tropical,B,adjective,Sky (1704),Words/tropical_5252.mp4,,3.04 4.38 5.08 6.38
5253,senior,A,adjective,Relatives (2302),Words/senior_5253.mp4,,2.75 4.04 5.75
5254,partner,A,noun,Couples (2303),Words/partner_5254.mp4,,1.58 2.79 4.75
5255,guilty,B,adjective,Law (1501),Words/guilty_5255.mp4,,3.04 6.04 6.92 7.71
5261,share,B,noun,Community (506),Words/share_5261.mp4,,1.83 3.75 5.46 6.71
5263,photograph,A,noun,Decor (1803),Words/photograph_5263.mp4,,1.96 2.58 3.75 4.42 5.25 5.71 6.38 7.08 8.00 9.04
5264,shift,B,verb,Movement (603),Words/shift_5264.mp4,,2.71 3.88 4.42 6.42 6.88
5267,gun,A,noun,Olympics (2003),Words/gun_5267.mp4,,2.29 6.04 7.08
5269,purchase,B,verb,Prices (1901),Words/purchase_5269.mp4,,0.62 2.04 2.71 3.42 4.21 4.92 5.67 6.62
5270,supermarket,A,noun,Groceries (305),Words/supermarket_5270.mp4,,8.04
5274,soaked,B,adjective,Routine (2201),Words/soaked_5274.mp4,,2.88 5.21 8.54
5276,sibling,B,noun,Family (2301),Words/sibling_5276.mp4,,5.38
5277,agree,A,verb,Community (506),Words/agree_5277.mp4,,1.42 2.54 3.46 6.25 7.42
5278,corner,B,noun,Streets (1103),Words/corner_5278.mp4,,3.92
5279,scroll,B,noun,Papers (1903),Words/scroll_5279.mp4,,5.29
5280,signpost,B,noun,Hiking (206),Words/signpost_5280.mp4,,3.04 5.96
5282,song,A,noun,Music (401),Words/song_5282.mp4,,2.38 4.38 7.58
5283,tower,A,noun,Sizes (2502),Words/tower_5283.mp4,,2.38 2.92 3.75 4.42 4.88 5.42 5.88 7.50 10.08 10.88
5286,sweatshirt,A,noun,Clothes (904),Words/sweatshirt_5286.mp4,,5.17
5287,silence,A,noun,Conversation (504),Words/silence_5287.mp4,,2.58 4.04 5.04
5290,skyscraper,B,noun,Buildings (1102),Words/skyscraper_5290.mp4,,2.42 5.71
5292,productive,B,adjective,Office (701),Words/productive_5292.mp4,,3.04 4.71 5.88 7.46
5293,glove,A,noun,Ballgames (2002),Words/glove_5293.mp4,,2.08 3.38 5.46
5294,slippers,A,noun,Accessories (901),Words/slippers_5294.mp4,,3.92 7.46
5296,traditional,A,adjective,Countries (208),Words/traditional_5296.mp4,,1.88 6.04 8.04 8.96
5297,ruin,B,noun,Force (2901),Words/ruin_5297.mp4,,3.75 8.04
5299,illegal,A,adjective,Law (1501),Words/illegal_5299.mp4,,3.71 6.04 6.92
5304,dirt,B,noun,Routine (2201),Words/dirt_5304.mp4,,1.33 6.88
5306,comfortable,A,adjective,Furniture (1801),Words/comfortable_5306.mp4,,2.29 4.88
5307,spacious,B,adjective,Rooms (1802),Words/spacious_5307.mp4,,1.92 4.71
5308,sunflower,A,noun,Flowers (2101),Words/sunflower_5308.mp4,,1.04
5309,note,A,noun,Papers (1903),Words/note_5309.mp4,,1.46 4.21 5.62
5310,son,A,noun,Family (2301),Words/son_5310.mp4,,2.92 4.71 6.88
5311,calm,B,adjective,Calm (1402),Words/calm_5311.mp4,,0.75 2.92 3.62 4.58 5.58 6.71
5312,backyard,B,noun,Plants (2102),Words/backyard_5312.mp4,,2.04 4.08 5.38 7.79
5313,neon,B,adjective,Shops (1101),Words/neon_5313.mp4,,3.21 8.71
5314,basket,A,noun,Sights (207),Words/basket_5314.mp4,,1.92 2.62 4.83 5.71 6.12
5315,postcard,A,noun,Sights (207),Words/postcard_5315.mp4,,1.88 2.79 4.04 4.58 5.04 5.88 6.42
5316,curly,B,adjective,Hair (3401),Words/curly_5316.mp4,,3.42 9.08
5317,ruffle,B,noun,Tailor (902),Words/ruffle_5317.mp4,,2.75 5.38
5318,speak,A,verb,Shows (503),Words/speak_5318.mp4,,1.88 4.71
5322,spit,B,verb,Meals (306),Words/spit_5322.mp4,,6.21
5324,sponge,A,noun,Washing (2701),Words/sponge_5324.mp4,,1.12 1.71 5.38 7.92
5325,spouse,B,noun,Couples (2303),Words/spouse_5325.mp4,,6.79
5328,blouse,A,noun,Clothes (904),Words/blouse_5328.mp4,,2.58 5.62
5330,spy,A,noun,Media (704),Words/spy_5330.mp4,,3.17 6.33
5331,fitness,B,noun,Gym (1201),Words/fitness_5331.mp4,,4.38
5332,unity,B,noun,Community (506),Words/unity_5332.mp4,,2.04 2.67 3.54 4.42 5.08 6.08
5333,staircase,B,noun,Sights (207),Words/staircase_5333.mp4,,2.54 5.04 7.96
5334,respect,B,verb,Shows (503),Words/respect_5334.mp4,,1.12 6.29
5337,rail,B,noun,Transit (602),Words/rail_5337.mp4,,3.42 5.58
5338,stay,A,verb,Hotel (204),Words/stay_5338.mp4,,2.79 6.17 10.71
5339,control,B,verb,Cars (605),Words/control_5339.mp4,,1.54 5.04
5340,garage,A,noun,Buildings (1102),Words/garage_5340.mp4,,2.29 4.58 5.04 5.88 6.38 7.54
5342,tongue,B,noun,Body (3101),Words/tongue_5342.mp4,,3.71 5.71 6.71
5343,twin,B,adjective,Furniture (1801),Words/twin_5343.mp4,,2.58 3.54 6.12
5344,quilt,B,noun,Crafts (404),Words/quilt_5344.mp4,,1.92 3.21 4.79 5.79
5346,stomach,A,noun,Body (3101),Words/stomach_5346.mp4,,3.04 4.96
5348,thank,A,verb,Community (506),Words/thank_5348.mp4,,2.67 5.08
5349,award,B,verb,Contests (2602),Words/award_5349.mp4,,4.25
5354,class,A,noun,Workout (1203),Words/class_5354.mp4,,1.71 2.71 3.71 4.42
5357,fancy,A,adjective,Style (903),Words/fancy_5357.mp4,,3.42 6.71
5358,peek,B,verb,Study (802),Words/peek_5358.mp4,,5.08
5360,metro,B,noun,Transit (602),Words/metro_5360.mp4,,0.88 2.00 5.71
5361,easy,A,adjective,Mind (3001),Words/easy_5361.mp4,,2.46 6.08
5362,silly,A,adjective,Joy (1401),Words/silly_5362.mp4,,2.46 3.58 6.04
5363,aid,B,verb,Friends (3201),Words/aid_5363.mp4,,1.50 5.88
5365,weapon,B,noun,Olympics (2003),Words/weapon_5365.mp4,,1.00 2.08
5367,stuff,B,verb,Takeaway (302),Words/stuff_5367.mp4,,2.08 4.38 6.92
5370,canoe,B,noun,Adventure (406),Words/canoe_5370.mp4,,4.42 6.75
5371,garland,B,noun,Flowers (2101),Words/garland_5371.mp4,,2.04 8.25
5373,expand,B,verb,Sizes (2502),Words/expand_5373.mp4,,2.04 3.54 6.29
5375,swing,B,verb,Adventure (406),Words/swing_5375.mp4,,2.21 4.04
5376,switch,B,noun,Electricity (2401),Words/switch_5376.mp4,,3.58 6.33
5378,set,A,verb,Cleaning (2702),Words/set_5378.mp4,,3.92 7.54
5379,alter,B,verb,Tailor (902),Words/alter_5379.mp4,,2.38 5.96
5380,take,B,verb,Force (2901),Words/take_5380.mp4,,1.04 2.25 3.46 4.25
5381,conversation,A,noun,Conversation (504),Words/conversation_5381.mp4,,2.08 4.33 7.42
5382,discuss,A,verb,Conversation (504),Words/discuss_5382.mp4,,2.38 6.21
5383,avenue,B,noun,Streets (1103),Words/avenue_5383.mp4,,1.67 4.42
5385,win,B,noun,Contests (2602),Words/win_5385.mp4,,1.42 10.00
5386,tear,B,verb,Force (2901),Words/tear_5386.mp4,,2.42 4.96
5387,sorrow,B,noun,Drama (1403),Words/sorrow_5387.mp4,,2.04
5390,youth,A,noun,People (2304),Words/youth_5390.mp4,,2.92 5.92
5391,stare,B,verb,Playtime (507),Words/stare_5391.mp4,,2.92 6.62
5396,mark,B,verb,Mind (3001),Words/mark_5396.mp4,,2.54 6.21
5400,opera,A,noun,Stories (402),Words/opera_5400.mp4,,3.08 5.08
5401,wonder,A,verb,Mind (3001),Words/wonder_5401.mp4,,1.71 3.25 5.21 8.04
5402,throat,B,noun,Body (3101),Words/throat_5402.mp4,,2.00 4.38
5403,time,A,noun,Classroom (801),Words/time_5403.mp4,,3.04 5.54
5404,greedy,A,adjective,Drama (1403),Words/greedy_5404.mp4,,4.54 5.04 9.21
5405,toddler,B,noun,Family (2301),Words/toddler_5405.mp4,,4.04 6.25
5407,toilet,A,noun,Electricity (2401),Words/toilet_5407.mp4,,3.42 7.88
5408,kit,A,noun,Workshop (1603),Words/kit_5408.mp4,,2.17 6.38 8.38
5409,tooth,A,noun,Body (3101),Words/tooth_5409.mp4,,2.75 4.83
5410,toothbrush,A,noun,Routine (2201),Words/toothbrush_5410.mp4,,2.62 7.71
5411,swirl,B,noun,Shapes (2501),Words/swirl_5411.mp4,,3.04 6.88
5412,pillar,B,noun,Buildings (1102),Words/pillar_5412.mp4,,3.92
5414,rail,B,noun,Streets (1103),Words/rail_5414.mp4,,1.21 2.04 3.71
5415,red,A,adjective,Shapes (2501),Words/red_5415.mp4,,2.42 5.25
5416,locomotive,B,noun,Transit (602),Words/locomotive_5416.mp4,,2.88 5.75
5417,depot,B,noun,Transit (602),Words/depot_5417.mp4,,2.17 4.67
5418,interior,B,noun,Transit (602),Words/interior_5418.mp4,,3.08 5.96
5419,transfer,B,noun,Transit (602),Words/transfer_5419.mp4,,3.08 4.83 7.79
5420,vessel,B,noun,Voyage (604),Words/vessel_5420.mp4,,1.46 2.75 5.71
5422,recycling,B,noun,Land (1004),Words/recycling_5422.mp4,,2.79 5.46
5423,worldwide,B,adjective,Countries (208),Words/worldwide_5423.mp4,,3.08 5.38 8.67
5426,delegation,B,noun,Law (1501),Words/delegation_5426.mp4,,1.42 6.08
5427,seal,B,noun,Papers (1903),Words/seal_5427.mp4,,2.58 3.71
5428,freight,B,noun,Cars (605),Words/freight_5428.mp4,,2.25
5429,trust,A,verb,Olympics (2003),Words/trust_5429.mp4,,2.00 5.50
5430,fast,A,adjective,Bikes (601),Words/fast_5430.mp4,,2.75 5.42
5431,balloon,A,noun,Flights (201),Words/balloon_5431.mp4,,4.58 8.38
5432,trick,B,verb,Shows (503),Words/trick_5432.mp4,,2.71 6.92
5434,electricity,B,noun,Electricity (2401),Words/electricity_5434.mp4,,2.04 3.25 6.75
5436,twist,B,verb,Force (2901),Words/twist_5436.mp4,,3.17 4.38 5.42 6.12 6.67 7.25
5437,courtyard,B,noun,Buildings (1102),Words/courtyard_5437.mp4,,3.75 5.08 8.04
5438,filling,B,noun,Baking (1303),Words/filling_5438.mp4,,4.42 6.88 10.54
5439,grey,A,adjective,Rain (1702),Words/grey_5439.mp4,,2.96 5.17
5441,uncle,A,noun,Relatives (2302),Words/uncle_5441.mp4,,2.08 3.88 7.54
5442,sleeve,B,noun,Clothes (904),Words/sleeve_5442.mp4,,4.71
5444,cooperate,B,verb,Community (506),Words/cooperate_5444.mp4,,2.96 7.42
5446,misty,B,adjective,Rain (1702),Words/misty_5446.mp4,,2.04 7.38
5448,billboard,B,noun,Streets (1103),Words/billboard_5448.mp4,,3.58 8.71
5449,doorway,B,noun,Doors (3301),Words/doorway_5449.mp4,,2.71 6.38
5450,device,B,noun,Electricity (2401),Words/device_5450.mp4,,2.12 7.71
5451,injection,B,noun,Medicine (2803),Words/injection_5451.mp4,,2.42
5453,vase,B,noun,Decor (1803),Words/vase_5453.mp4,,1.21 8.12
5455,approval,B,noun,Law (1501),Words/approval_5455.mp4,,1.75 8.38
5456,permission,A,noun,Law (1501),Words/permission_5456.mp4,,2.38 5.88
5457,visitor,A,noun,Guests (505),Words/visitor_5457.mp4,,5.38 8.08 9.08
5460,sickness,B,noun,Illness (2801),Words/sickness_5460.mp4,,3.25 5.62
5461,ballot,B,noun,Law (1501),Words/ballot_5461.mp4,,2.04 4.58 6.04 7.42
5463,journal,B,noun,Stories (402),Words/journal_5463.mp4,,2.21 4.54
5465,waist,B,noun,Body (3101),Words/waist_5465.mp4,,1.88 4.88
5469,walker,B,noun,Outdoors (1202),Words/walker_5469.mp4,,2.12 6.38
5470,downtown,B,noun,Streets (1103),Words/downtown_5470.mp4,,3.25 5.83 7.58
5471,level,B,adjective,Repairs (1602),Words/level_5471.mp4,,1.62 3.21 3.88 4.71 7.17 7.79 8.71
5473,wealthy,B,adjective,Money (1902),Words/wealthy_5473.mp4,,2.71 4.54
5474,coin,A,noun,Money (1902),Words/coin_5474.mp4,,3.71 6.00
5477,fort,B,noun,Law (1501),Words/fort_5477.mp4,,1.17 2.75 5.38 9.08 10.17
5479,robe,B,noun,Clothes (904),Words/robe_5479.mp4,,3.58 7.04
5481,pink,A,adjective,Hair (3401),Words/pink_5481.mp4,,3.71 4.25 4.71 5.38 9.04
5482,bath,A,noun,Routine (2201),Words/bath_5482.mp4,,1.50 2.62 3.75 6.08 7.33
5486,flowerpot,A,noun,Plants (2102),Words/flowerpot_5486.mp4,,2.12 4.71
5488,farewell,B,noun,Conversation (504),Words/farewell_5488.mp4,,1.50 5.92
5489,wear,A,verb,Style (903),Words/wear_5489.mp4,,1.71 3.58 5.71 7.08
5491,welcome,B,adjective,Hotel (204),Words/welcome_5491.mp4,,2.92 7.75
5493,hub,B,noun,Bikes (601),Words/hub_5493.mp4,,1.42 2.75 4.38 6.12 6.96
5495,rumor,A,noun,Conversation (504),Words/rumor_5495.mp4,,1.29 7.92
5496,adjust,A,verb,Routine (2201),Words/adjust_5496.mp4,,2.88 5.00
5497,candidate,B,noun,Law (1501),Words/candidate_5497.mp4,,2.08
5498,window,A,noun,Doors (3301),Words/window_5498.mp4,,2.92 5.04 8.00
5499,woman,A,noun,People (2304),Words/woman_5499.mp4,,1.75 3.42 5.75
5502,storage,B,noun,Trades (702),Words/storage_5502.mp4,,0.58 1.00 1.71 4.21
5503,position,B,noun,Workout (1203),Words/position_5503.mp4,,1.62 4.21 8.25
5504,send,B,verb,Papers (1903),Words/send_5504.mp4,,7.54
5507,zoo,A,noun,Safari (106),Words/zoo_5507.mp4,,2.33 5.96
6821,afford,B,verb,Prices (1901),Words/afford_6821_a34.mp4,afford_2938_video.mp4,1.12
6836,apartment building,B,noun,Buildings (1102),Words/apartment_building_6836_a34.mp4,apartment-building_7577_video.mp4,1.08
6883,boost,B,verb,Music (401),Words/boost_6883_a33.mp4,boost_7476_video.mp4,2.08 3.21
6949,chocolate,A,noun,Sweets (303),Words/chocolate_6949_a34.mp4,chocolate_2824_video.mp4,1.17
6975,company,B,noun,Guests (505),Words/company_6975_a33.mp4,company_3636_video.mp4,1.92
6976,composer,A,noun,Music (401),Words/composer_6976_a34.mp4,composer_7599_video.mp4,1.75
6990,copy,A,noun,Safari (106),Words/copy_6990_a34.mp4,copy_3199_video.mp4,0.67
6992,cord,B,noun,Buildings (1102),Words/cord_6992_a34.mp4,cord_6973_video.mp4,1.29
7021,date,A,noun,Romance (501),Words/date_7021_a34.mp4,date_3978_video.mp4,0.54
7028,delete,B,verb,Gadgets (2402),Words/delete_7028_a33.mp4,delete_6556_video.mp4,1.08
7094,extract,B,verb,Force (2901),Words/extract_7094_a34.mp4,extract_9057_video.mp4,1.67
7107,feel,B,verb,Snow (1701),Words/feel_7107_a33.mp4,feel_978_video.mp4,2.75
7127,flood,A,noun,Rivers (1002),Words/flood_7127_a34.mp4,flood_9338_video_2.mp4,1.88
7144,fries,B,noun,Takeaway (302),Words/fries_7144_a34.mp4,fries_8105_video.mp4,1.00
7201,guru,B,noun,Mind (3001),Words/guru_7201_a33.mp4,guru_7994_video.mp4,3.04
7299,livestock,B,noun,Farm (103),Words/livestock_7299_a34.mp4,livestock_7871_video.mp4,2.62
7314,main course,A,noun,Restaurant (304),Words/main_course_7314_a34.mp4,main-course_4589_video.mp4,1.62
7323,make the bed,A,phrase,Routine (2201),Words/make_the_bed_7323_a34.mp4,make-the-bed_6285_video.mp4,1.29
7344,messenger,B,noun,Fieldwork (705),Words/messenger_7344_a34.mp4,messenger_6592_video.mp4,1.33
7364,mobile,A,noun,Art (403),Words/mobile_7364_a34.mp4,mobile_7011_video.mp4,1.58
7369,move around,B,phrase,Voyage (604),Words/move_around_7369_a33.mp4,move-around_4592_video.mp4,1.58
7793,date back,B,phrase,Science (804),Words/date_back_7793_a34.mp4,date-back_5844_video.mp4,2.04
7814,early,A,adjective,Routine (2201),Words/early_7814_a34.mp4,early_1270_video.mp4,1.96
7821,excel,B,verb,Music (401),Words/excel_7821_a33.mp4,excel_9053_video.mp4,1.21
7862,have a problem,A,phrase,Style (903),Words/have_a_problem_7862_a34.mp4,have-a-problem_1906_video.mp4,1.38
7940,plenty,B,adverb,Takeaway (302),Words/plenty_7940_a33.mp4,plenty_4346_video.mp4,2.04
8000,stay at,B,phrase,Hotel (204),Words/stay_at_8000_a33.mp4,stay-at_4784_video.mp4,1.71
8054,anniversary,A,noun,Romance (501),Words/anniversary_8054_a33.mp4,anniversary_2087_video_v2.mp4,0.79
