1110	Pusy od vnučky!	Pusy od vnuka!	pusa od vnučky	kresba od vnučky
1112	Babička peče chleba.	Babička vaří polévku.	pečení s babičkou	pletení s babičkou
1115	Tancuješ v Řecku? Pěkný styl.	Potápíš se v Řecku? Pěkný styl.	tanec v Řecku	plavání v Řecku
1116	Ženich ji nese.	Ženich nese dort.	ženich nese nevěstu	ženich češe koně
1119	Průvodce vede prohlídku.	Průvodce vede závod.	průvodce s deštníkem	horský průvodce při lezení
1120	Tenhle kluk si pohazuje klíčema, fakt hustý.	Tenhle kluk si pohazuje mobilem, fakt hustý.	kluk s pizzou	kluk s kytarou
1123	Její chodba je taneční parket!	Její kuchyně je taneční parket!	tanec po chodbě	běh po chodbě
1125	Lodě odpočívají v přístavu.	Lodě odpočívají na pláži.	lodě v přístavu	lodě v kanálu
1126	Z práce dostal bolest hlavy.	Z hudby dostal bolest hlavy.	bolest hlavy v noci	bolest hlavy na slunci
1127	Samé zdraví a štěstí!	Samý déšť a tma!	plno zdraví a radosti	kontrola zdraví
1129	Doktor drží srdce!	Doktor drží mozek!	model srdce	model mozku
1131	Obě paty jsou nad zemí.	Obě paty jsou na zemi.	zvednuté obě paty	chůze na vysokých podpatcích
1133	Pomocník má její tašku.	Pomocník má jejího psa.	pomocník s její taškou	pomocník v kuchyni
1134	Hádej, kdo obědvá na kopci? Ovce.	Hádej, kdo obědvá na kopci? Krávy.	strom na kopci	dům na kopci
1135	Ruku má na boku.	Ruku má na hlavě.	ruka na boku	ruka na jeho rameni
1136	Konečně je doma!	Konečně je v práci!	návrat domů s taškou	odchod z domova s taškou	"domov" does not fit "he is home"; TS uses doma, FP carries domov
1138	Klidný den v nemocnici.	Klidný den na letišti.	světlá nemocniční chodba	plný nemocniční pokoj
1139	Hostitel pronáší přípitek.	Hostitel peče dort.	hostitel zvedá sklenku	moderátor televizní show	TV show host is moderátor in Czech
1141	Host odchází z hotelu.	Host přichází do hotelu.	odchod z luxusního hotelu	hotel u moře
1143	Je tu jen jeden člověk.	Je tu jen jeden velbloud.	jeden člověk v poušti	dav lidí
1144	Lovec klečí.	Lovec běží.	lovec s dalekohledem	lovec s puškou
1147	Má infekci na lokti.	Má infekci na koleni.	infekce na lokti	infekce v oku
1148	Injekce je připravená. Utíkej!	Obvaz je připravený. Utíkej!	podnos na injekci	podnos připravený k večeři
1149	Nespavost: on versus strop.	Nespavost: on versus lednička.	nespavost v noci	nespavost před zkouškou
1151	Z jeho žehličky stoupá pára.	Z jeho konvice stoupá pára.	žehlička plná páry	žehlička na vlasy	iron gate pun does not travel; FP = hair straightener
1152	Žehlicí prkno se rozkládá.	Plážové lehátko se rozkládá.	rozkládání žehlicího prkna	sezení na žehlicím prkně
1154	Novinář chce odpovědi.	Doktor chce odpovědi.	novinář s diktafonem	novinář u stolu
1156	Papoušek tu v džungli šéfuje.	Opice tu v džungli šéfuje.	papoušek v džungli	papoušek v kleci
1158	Voda z konvice je horká. Kdo by to řekl?	Voda z kohoutku je horká. Kdo by to řekl?	nalévání z konvice	konvice na sporáku
1159	Tady je klíč od vašeho pokoje.	Tady je klíč od vašeho auta.	klíč od hotelového pokoje	klíč od auta
1160	Kuchyně je dobře vybavená.	Kuchyně je skoro prázdná.	světlá kuchyně	tmavá kuchyně
1161	Dává si led na koleno.	Dává si led na hlavu.	led na pokrčeném koleni	klečení na jednom koleni
1163	Dáma má bílé rukavice.	Dáma má černé rukavice.	dáma na schodech	dáma u baru
1166	Přenáší velkou lampu.	Přenáší velkou květinu.	lampička na stůl	lampa do zahrady	lampička is a small lamp; TS says big lamp, so lampa
1167	Právník má spoustu knih.	Právník má spoustu koček.	právník se složkou	právník v soudní síni
1170	Knihovník je na žebříku.	Knihovník je na stole.	knihovník na žebříku	knihovník u počítače
1173	Blesk bije do moře!	Blesk bije do stromu!	blesk nad mořem	blesk nad městem
1175	Popcorn lítá po celém obýváku.	Popcorn lítá po celé kuchyni.	kamarádi v obýváku	kamarádi v čekárně
1178	Poražený je pod ručníkem.	Poražený je pod stolem.	poražený v zápase	poražený v závodě
1179	Moc zavazadel na jednoho chlapa.	Moc zavazadel na jednu holku.	vozík plný zavazadel	zavazadla na střeše auta
1180	Jmenovka na zavazadle je prázdná.	Jmenovka na zavazadle je červená.	uvazování jmenovky na zavazadlo	odstřihávání jmenovky ze zavazadla
1182	Pokojská stele postel.	Pokojská vaří kafe.	pokojská stele postel	pokojská na svatbě
1183	Vesluje mužský sportovec.	Vesluje sportovkyně.	mužský veslař	mužský plavec
1185	Manažer rozdává úkoly.	Manažer rozdává dárky.	manažer s notebookem	manažer s telefonem
1188	Právě se vzali a už tancujou.	Právě se vzali a už se hádají.	manželský pár tančí	manželský pár se hádá	ženatý is male-only; a couple needs vzít se / manželský
1189	Nesou matraci.	Nesou piano.	matrace do schodů	matrace na zemi
1193	Otevři pusu, jde lék.	Otevři pusu, jde zmrzlina.	tekutý lék na lžičce	lék v krabičce na prášky
1195	Létající mexická tortilla!	Létající mexické taco!	mexický pouliční stánek	mexická restaurace
1198	Modelka to na molu totálně válí.	Modelka to na pláži totálně válí.	modelka na molu	model letadla
1200	Tohle slunečné ráno miluje.	Tohle deštivé ráno miluje.	slunečné ráno	deštivé ráno
1202	Máma a mimino: nos na nos.	Máma a pes: nos na nos.	máma zvedá mimino	máma krmí mimino
1203	Jeho motorka jiskří!	Jeho skútr jiskří!	motorka v zatáčce	motorka v garáži
1206	Bláto lítá všude!	Sníh lítá všude!	bota v hlubokém blátě	bota v čerstvém sněhu
1208	Dinosaurus v muzeu!	Velryba v muzeu!	dinosaurus v muzeu	muzeum moderního umění
1211	Celý národ zpívá jako jeden muž.	Celý národ tančí jako jeden muž.	národ zpívá společně	národ milovníků kávy
1213	Velké vlny, velká nevolnost.	Malé vlny, velká nevolnost.	nevolnost na rozbouřeném moři	nevolnost po velkém jídle
1214	Protahuje si krk.	Protahuje si nohu.	dlouhý natažený krk	šála kolem krku
1215	Sousedi si povídají.	Sousedi se hádají.	sousedi u plotu	hlučný soused
1216	Kolo, tulipány, větrné mlýny. Jo, Nizozemsko.	Auto, tulipány, větrné mlýny. Jo, Nizozemsko.	tulipány v Nizozemsku	trh v Nizozemsku
1218	Na hřišti nikdo není. Děsivé!	Na hřišti jsou děti. Děsivé!	nikdo na houpačkách	nikdo na pláži
1219	Nikdo nepřišel. Super párty.	Přišli všichni. Super párty.	nikdo u stolu	přeplněný jídelní stůl
1221	Důstojník salutuje.	Důstojník tančí.	salutující důstojník	důstojník za volantem
1225	Malíř fakt miluje petrolejovou.	Malíř fakt miluje růžovou.	malíř na žebříku	malíř u stojanu
1227	Režim rodiče: jogging.	Režim rodiče: spánek.	rodič vedle kola	rodič opravuje kolo
1230	Cestující tvrdě spí.	Cestující je úplně vzhůru.	spící cestující ve vlaku	cestující v taxíku
1232	Pacient se nadechuje.	Pacient obědvá.	pacient zhluboka dýchá	pacient v posteli
1233	Chodec má kafe.	Chodec má psa.	chodec s kafem	lávka pro chodce
1235	Lidé jásají!	Lidé brečí!	lidé jásají v noci	lidé jásají na stadionu
1237	Taková „rušná“ křižovatka: jeden člověk.	Taková „rušná“ křižovatka: jeden pes.	jeden člověk na přechodu	jeden člověk v autobuse
1238	V lékárně je spousta dóz.	V lékárně je spousta hraček.	útulná stará lékárna	lékárna s červeným křížem
1241	Fotograf leží na mokré ulici!	Fotograf stojí na mokré ulici!	fotograf na zemi	fotograf ve studiu
1242	Věší obraz.	Věší zrcadlo.	obraz na zdi	obrázek v mobilu
1248	Planeta má prstence!	Planeta nemá prstence!	planeta s prstenci	planeta na mapě
1254	Instalatér opravuje trubku.	Instalatér opravuje dveře.	instalatér pod umyvadlem	instalatér na střeše
1255	V Polsku je zima.	V Polsku je léto.	zasněžené náměstí v Polsku	písečná pláž v Polsku
1256	Policista se usmívá.	Policista brečí.	policista ukazuje	policista běží
1258	Udělala polské pirohy.	Udělala polské klobásy.	polské pirohy v řadách	polské klobásy na grilu
1260	Běhá v Portugalsku.	Jezdí na kole v Portugalsku.	běh v Portugalsku	jízda tramvají v Portugalsku
1262	Skořice na portugalských koláčcích!	Čokoláda na portugalských koláčcích!	portugalské pudinkové košíčky	portugalské sardinky
1263	Pošťák roznáší dopisy.	Pošťák roznáší pizzy.	pošťák u dveří	pošťák v dodávce
1266	Prezident mluví a foťáky blikají!	Prezident zpívá a foťáky blikají!	prezident při projevu	prezident podává ruku
1267	Vypadá hodně profesionálně.	Vypadá hodně ospale.	profesionální vzhled	profesionální sportovec
1268	Profesor přednáší.	Profesor spí.	přednášející profesor	profesorova pracovna
1270	Dupe v louži.	Dupe ve sněhu.	dupnutí do louže	louže rozlitého mléka
1274	Obrovská duha nad kopci.	Obrovská duha nad mořem.	duha nad zelenými kopci	duha nad městem
1275	Drbe si vyrážku.	Drbe si hlavu.	drbání červené vyrážky	vyrážka na obličeji
1278	Na recepci je mosazný zvonek.	Na recepci je mosazná lampa.	klíč na recepci	slavnostní recepce
1286	Dělník čistí střechu.	Dělník natírá střechu.	střecha z pálených tašek	prosklená střecha nádraží
1287	Prázdný pokoj? Čas tančit!	Prázdný obchod? Čas tančit!	prázdný slunný pokoj	prázdná slunná pláž
1290	Tahle trasa má tolik zatáček!	Tahle trasa má tolik náklaďáků!	trasa na horu	trasa podél pobřeží
1299	Svůj sken prý miluje.	Svůj sken prý nesnáší.	pacient jde na sken	bezpečnostní sken na letišti
1303	Jaká stylová jízda na skútru!	Jaká stylová jízda na kole!	skútr v Itálii	skútr na pláži
1304	Sekretář má hrozně moc práce!	Sekretář se hrozně nudí!	zaneprázdněný sekretář	sekretář na dovolené
1305	Padá fazolové semínko.	Padá malý kamínek.	sázení fazolového semínka	pták zobe semínka
1306	Prodavač je moc šťastný.	Prodavač je moc naštvaný.	prodavač zeleniny	prodavač knih
1307	Sluha má stříbrný podnos.	Sluha má stříbrný zvonek.	sluha s podnosem	sluha v kuchyni
1308	I její stín tancuje!	I její kamarádka tancuje!	obří stín na zdi	stín pod stromem
1311	Mává obrovské lodi!	Mává maličké lodi!	mávání velké lodi	mávání z velké lodi
1312	Prodavačka má kabát.	Prodavačka má klobouk.	prodavačka v práci	prodavačka o pauze
1314	Její rameno potřebuje prohlídku.	Její koleno potřebuje prohlídku.	vyšetření ramene	taška na jejím rameni
1315	Dešťová sprcha? Spíš vodopád!	Zahradní sprcha? Spíš vodopád!	velká dešťová sprcha	závěs do sprchy
1316	Sourozenci se smějou.	Sourozenci se hádají.	sourozenci se spolu smějí	sourozenci se perou o hračku
1317	Je na kamenném chodníku.	Je na dřevěném chodníku.	široký kamenný chodník	chodník plný lidí
1319	Je nezadaná a šťastná.	Je nezadaná a smutná.	šťastně nezadaná	jen jeden šálek čaje
1321	Tady je vaše jídlo, pane.	Tady je váš účet, pane.	vaše jídlo, pane	váš účet, pane
1323	To je ale vysoký mrakodrap!	To je ale vysoký maják!	pohled vzhůru na mrakodrap	pohled dolů z mrakodrapu
1325	Spí. Polštář je její nejlepší kámoš.	Spí. Kočka je její nejlepší kámoš.	spaní na posteli	spaní ve vlaku
1326	Chlupaté papuče, líné ráno.	Chlupaté ponožky, líné ráno.	obouvání chlupatých papučí	chlupaté papuče v obchodě
1327	On nosí slovenský kroj.	Ona nosí slovenský kroj.	slovenský lidový kroj	slovenský fotbalový dres
1328	Tančí na Slovensku!	Plave na Slovensku!	louka na Slovensku	pláž na Slovensku
1337	Hrajou si na gauči.	Hrajou si na zemi.	kamarádi na šedém gauči	kamarádi v šedém autobuse
1340	Někdo tajně odchází.	Někdo tajně tančí.	někdo odchází pryč	někdo venčí psa
1342	Jeho syn je zpátky doma!	Jeho dcera je zpátky doma!	objímá dospělého syna	mává synovi na rozloučenou
1344	Pavouk je v práci.	Mravenec je v práci.	pavouk v síti	pavouk ve vaně
1346	Boxer plive vodu.	Boxer pije vodu.	plivání vody do kbelíku	plivání žvýkačky
1347	Ruka mačká houbu.	Ruka mačká citron.	vymačkaná mýdlová houba	houba v lese	sponge cake pun does not travel; FP = mushroom (houba)
1350	Přechází náměstí. Čau, holubi!	Přechází řeku. Čau, holubi!	běh přes náměstí	sezení na tichém náměstí
1353	Jedna jasná hvězda. Přej si něco!	Jeden jasný měsíc. Přej si něco!	ukazování na jasnou hvězdu	hvězda na stromečku
1354	Zase pozdě na nádraží!	Zase pozdě na letišti!	spěch přes nádraží	spaní na nádraží
1355	Ruce na volantu.	Ruce na mobilu.	ruce na volantu	kormidlo lodi
1358	Nevlastní matka jí splétá copánky.	Nevlastní matka jí stříhá vlasy.	nevlastní matka splétá cop	nevlastní matka ve škole
1359	Nevlastní sestry se nemůžou přestat smát.	Nevlastní sestry nemůžou přestat brečet.	nevlastní sestry se smějí	nevlastní sestry v jedné posteli
1360	Používá stetoskop. Pšt!	Používá teploměr. Pšt!	poslech stetoskopem	stetoskop na stole
1362	Na ránu jdou stehy.	Na ránu jde náplast.	stehy na předloktí	stehy na košili
1363	Tenhle kámen bude plavat, ne?	Tenhle list bude plavat, ne?	kámen nad jezerem	kámen ve zdi
1366	List surfuje po potoce.	Žába surfuje po potoce.	čistý lesní potok	potok plný ryb
1367	Přechází rušnou ulici.	Přechází rušný most.	rušná velkoměstská ulice	tichá vesnická ulice
1369	Prší? On tančí s pouliční lampou!	Prší? On tančí se semaforem!	řada rozsvícených pouličních lamp	řada zapálených svíček
1371	Metro jede šíleně rychle.	Metro jede šíleně pomalu.	projíždějící souprava metra	mapa metra
1372	Její kufr je šedý a praktický.	Její kufr je červený a praktický.	tahání šedého kufru	balení šedého kufru
1373	Léto jak má být: skok do jezera.	Léto jak má být: skok do bazénu.	skok do jezera v létě	bazénová párty v létě
1375	Z její rukavice lítá pot!	Z její boty lítá pot!	pot na její paži	pot na tričku
1378	Dává si švýcarské fondue.	Dává si švýcarskou čokoládu.	švýcarské sýrové fondue	švýcarské čokoládové fondue
1379	Někdo našel vypínač. Páni.	Někdo našel mobil. Páni.	vypínač světla	železniční výhybka
1380	Švýcarsko: i krávy tu mají hudbu.	Švýcarsko: i kozy tu mají hudbu.	alpský roh ve Švýcarsku	obchod se zvonci ve Švýcarsku
1381	Injekční stříkačka stříká!	Láhev stříká!	stříkající injekční stříkačka	plnění injekční stříkačky
1383	Krejčí spravuje sako.	Krejčí spravuje botu.	krejčí s metrem	krejčí prodává boty
1385	Voda z kohoutku! Páni!	Voda z hadice! Páni!	otáčení kohoutkem	poklepání na rameno
1386	Taxikář mává!	Taxikář spí!	mávající taxikář	taxikář v noci
1389	Tečou jí slzy.	Tečou mu slzy.	slza na její tváři	trhlina v jejích šatech
1390	Chce se dotknout měsíce.	Chce se dotknout slunce.	natahování se po měsíci	měsíc nad mořem
1394	Velké oranžové slunce nad mořem.	Velké oranžové slunce nad sněhem.	slunce nad mořem	slunce nad horami
1396	Celé divadlo je její!	Celé divadlo je jeho!	prázdné staré divadlo	divadlo plné lidí
1398	Její teploměr je obří!	Její zubní kartáček je obří!	velký skleněný teploměr	teploměr na zdi
1400	Kontrolují jí krk.	Kontrolují jí ucho.	světlo v krku	škrábání v krku
1403	Tyhle prsty u nohou milují pláž!	Tyhle prsty u nohou milují sníh!	prsty u nohou v mokrém písku	prsty u nohou v měkké trávě
1404	Chytá jazykem sníh k obědu.	Chytá rukou sníh k obědu.	vyplazuje jazyk	kousání do jazyka
1405	Kontroluje se každý zub.	Kontroluje se každý nehet.	kontrola zubu	zoubková víla
1406	Koukni na můj zubní kartáček!	Koukni na můj kartáč na vlasy!	zubní kartáček s pěnou	zubní kartáček v kelímku
1410	Stojí u semaforu.	Stojí na zastávce.	čekání u semaforu	čekání na nádraží
1411	Stará tramvaj, velký úsměv, skvělý styl.	Starý autobus, velký úsměv, skvělý styl.	stará zelená tramvaj	starý zelený autobus
1413	Běžecký pás: běh donikam.	Běžecký pás: chůze donikam.	běh na běžeckém pásu	oprava rozbitého běžeckého pásu
1414	Páni, ten dub je obrovský!	Páni, ta palma je obrovská!	obrovský dub	obrovský košík na piknik
1415	Leze do svého náklaďáku.	Leze do svého auta.	velký stříbrný náklaďák	velký stříbrný autobus
1416	Vyjíždí z tunelu.	Vyjíždí z garáže.	výjezd ze silničního tunelu	vjezd do železničního tunelu
1419	Dvojčata, stejné šaty. Domluvené?	Dvojčata, stejný klobouk. Domluvené?	dvojčata ve stejných šatech	dvojčata v kočárku
1420	Nejlepší strýc na světě!	Nejlepší teta na světě!	na strýcových ramenou	na strýcově kole
1422	Ruka ukazuje na obrazovku.	Ruka ukazuje na okno.	ukazovat na obrazovku	ukazovat na dveře
1423	Ukazuje na sloupcový graf.	Ukazuje na koláčový graf.	sloupcové a čárové grafy	graf na papíře
1424	Stojící kolega má na sobě modrou.	Stojící kolega má na sobě červenou.	kolega v modré košili	kolega v červené košili
1425	Hádej, kdo je na vodítku.	Hádej, kdo je na gauči.	pes na vodítku	pes bez vodítka
1427	Udržuje rovnováhu na laně!	Udržuje rovnováhu na kládě!	udržování rovnováhy na laně	udržování rovnováhy na větvi
1429	Zpívá pro kamarády.	Tancuje pro kamarády.	zpívání do mikrofonu	zpívání ve sprše
1432	Zpívá v kostýmu. Skleněný střevíček je připravený.	Tancuje v kostýmu. Skleněný střevíček je připravený.	zpívání v kostýmu	nákup kostýmu
1433	Tady se prostě normálně tancuje doma.	Tady se prostě normálně večeří doma.	tancování v kostýmech	tancování na pódiu
1434	Zloděje na lustru nikdo nevidí.	Zloděje na střeše nikdo nevidí.	zloděj s taškou	zloděj se zbraní
1435	Mikrofon nikomu nepůjčí.	Kytaru nikomu nepůjčí.	mikrofon na stojanu	mikrofon v telefonu
1436	Lidé jsou věkově rozmanití.	Lidé jsou samí teenageři.	pět rozmanitých portrétů	pět rozmanitých krajin
1438	Podcast nahrává muž.	Podcast nahrává žena.	nahrávání podcastu	poslouchání podcastu
1441	Její výhra stála za to úsilí.	Její výhra stála za ty peníze.	stojí to za úsilí	úsilí zůstat vzhůru
1442	Tahle kancelář je plná rostlin.	Tahle kancelář je plná psů.	světlá otevřená kancelář	tmavá prázdná kancelář
1446	Konference je narvaná!	Konference je prázdná!	přeplněný sál na konferenci	videohovor z konference
1447	Vakcína trochu bolí.	Vakcína trochu lechtá.	vakcína do paže	vakcína do nohy
1450	Kytky od návštěvníka. Sladké.	Bonbony od návštěvníka. Sladké.	návštěvník s květinami	návštěvník v muzeu
1451	Z tohohle vitaminu se směje.	Z tohohle vitaminu brečí.	oranžový gumový vitamin	zelený gumový vitamin
1452	Sopka je trochu naštvaná.	Sopka je trochu ospalá.	sopka chrlí lávu v noci	sopka pod sněhem
1453	Loď je na dlouhé plavbě.	Loď je na říční plavbě.	plavba přes oceán	plavba po řece
1454	Měří si pas.	Měří si paži.	metr kolem pasu	pásek kolem pasu
1457	Servírka nese milkshake.	Servírka nese pizzu.	servírka nosí snídani	servírka snídá
1458	Chodec má zlatého psa.	Chodec má černého psa.	chodec s trekovými holemi	chodec s kočárkem
1459	Maluje zeď nabílo.	Maluje zeď namodro.	velká holá zeď	zeď kolem zahrady
1466	Déšť, nebo slunce? Počasí se nemůže rozhodnout.	Sníh, nebo slunce? Počasí se nemůže rozhodnout.	proměnlivé počasí na kopci	slunečné počasí na pláži
1467	Mechanik koulí kolo.	Mechanik myje kolo.	koulení kola od auta	přední kolo bicyklu
1468	Plnou rychlostí na závodním invalidním vozíku!	Plnou rychlostí na závodní motokáře!	závodní invalidní vozík	rampa pro invalidní vozíky
1473	Dělník drží trám.	Dělník drží trubku.	dělník v ochranných brýlích	dělník v obleku
1476	Spisovatel píše v noci, jak jinak.	Spisovatel píše v poledne, jak jinak.	spisovatel u psacího stroje	spisovatel u notebooku
1477	Rentgen ukazuje kosti ruky.	Rentgen ukazuje kosti chodidla.	rentgen ruky	rentgen chodidla
1479	V zoo se podává oběd.	Na farmě se podává oběd.	žirafa v zoo	lev v zoo
1481	Hrad má dva klenuté průchody.	Hrad má čtyři klenuté průchody.	klenutý průchod pod schody	klenutý průchod nad řekou
1482	Skvělé zlaté náušnice!	Skvělé stříbrné náušnice!	velké zlaté kruhové náušnice	náušnice v dárkové krabičce
1483	Jahody jsou červené.	Jahody jsou zelené.	sazenice jahod	jahodový milkshake
1484	Tahle hudba nemá tlačítko play.	Tahle básnička nemá tlačítko play.	stará hudba v notách	stará hrací skříňka
1485	Chtějí prodat dům.	Chtějí prodat auto.	prodej bílého domu	prodej červeného auta
1487	Bůh má zlatý trůn.	Bůh má stříbrný trůn.	bůh na trůnu	král na koni
1488	Koně táhnou kočár.	Voli táhnou kočár.	zlatý královský kočár	zlatý železniční vagon
1489	Nejlepší kamarádka víly je žába.	Nejlepší kamarádka víly je kočka.	víla na mechu	víla na obloze
1491	Tolik motýlů!	Tolik ptáků!	motýli nad květinami	motýli na tričku
1495	Fakt: jednorožec má jeden roh.	Fakt: jednorožec má dva rohy.	jednorožec na zadních	spící jednorožec
1497	Housle leží na starých notách.	Kytara leží na starých notách.	housle s růžemi	hodina houslí
1498	Dva chlapi v balonu. Ciao!	Dva chlapi na koni. Ciao!	balon se dvěma muži	balon se dvěma psy
1499	Stonky jsou dlouhé a kroucené.	Stonky jsou krátké a tlusté.	dlouhé kroucené stonky	stonky ve váze
1501	Nalévá zelenou tekutinu.	Nalévá červenou tekutinu.	nalévání ze široké mísy	nalévání čaje do hrnku
1502	Západ slunce pro dva. Jak sladké.	Snídaně pro dva. Jak sladké.	společný západ slunce	západ slunce na horách
1504	Filozof má plnovous.	Filozof má klobouk.	vousatý filozof	smějící se filozof
1505	Nákup v supermarketu ve stylu 50. let.	Nákup v pekárně ve stylu 50. let.	pokladna v supermarketu	parkoviště u supermarketu
1508	Kostel má vysokou věž.	Kostel má maličkou věž.	starý kamenný kostel	starý kamenný most
1510	Proč ta postava křičí?	Proč ta postava zpívá?	postava křičí na mostě	postava křičí na horské dráze
1513	Sepne ruce a modlí se.	Sepne ruce a tleská.	sepjaté ruce při modlení	modlení s otevřenými dlaněmi
1514	Náboženství na starém obraze.	Náboženství v moderním komiksu.	obraz o náboženství	kniha o náboženství
1519	Její květiny jsou tak hezké.	Její peří je tak hezké.	hezké květiny ve vlasech	hezké stužky ve vlasech
1520	Kudrnaté vlasy a perly? Elegance.	Krátké vlasy a perly? Elegance.	dlouhé kudrnaté blond vlasy	kudrnatý pes
1522	Má košík třešní.	Má košík jablek.	košík třešní	pes v košíku
1523	Blond vlasy plné květin.	Černé vlasy plné květin.	dlouhé vlnité blond vlasy	krátké blond vlasy
1524	Stopuje a zastaví mu UFO.	Stopuje a zastaví mu autobus.	stopování na horské silnici	stopování na dálnici
1525	Vlak se řítí přímo na nás!	Náklaďák se řítí přímo na nás!	černý parní vlak	vlak na dráze modelů
1526	Bojovník má helmu.	Bojovník má štít.	samurajský bojovník	bojovník na koni
1527	Katedrála má obrovskou kupoli.	Katedrála má plochou střechu.	barokní kupole katedrály	sbor zpívá v katedrále
1528	Balony nad Japonskem!	Ptáci nad Japonskem!	symboly Japonska	mapa Japonska
1529	Dvě věže, jedna sopka.	Dvě věže, dvě sopky.	dvě kulaté hradní věže	dvě vysoké vodárenské věže
1530	Městečko je na kopci. Prý pěkný výhled.	Městečko je u moře. Prý pěkný výhled.	staré městečko na kopci	nové přímořské městečko
1531	Oblouk rámuje kostel.	Strom rámuje kostel.	velký lomený oblouk	velká špičatá věž
1534	Páni, každý kůň má jeden roh!	Páni, každý kůň má dva rohy!	dlouhý roh jednorožce	hlasitý klakson auta
1535	Je vzhůru nohama. V pohodě.	Leží. V pohodě.	balancování vzhůru nohama	visení vzhůru nohama
1537	Faraon z Egypta má luk.	Faraon z Egypta má meč.	faraon starého Egypta	pyramida v Egyptě
1538	Stojí mezi dvěma sloupy.	Stojí mezi dvěma stromy.	dva zdobené sloupy	sloupek v novinách
1541	Malá kaple, zasněžená nálada.	Malá kaple, slunečná nálada.	zasněžená bílá kaple	kaple plná hostů
1543	Drží velkou hlávku zelí.	Drží velkou dýni.	zahrada plná zelí	zelí v hrnci
1544	Věší prádlo.	Věší vlajky.	věšení bílého prádla	skládání bílého prádla
1545	Královna má obří límec!	Královna má obřího psa!	královna s žezlem	královna s mečem
1547	Svatý muž usilovně přemýšlí.	Svatý muž se hlasitě směje.	svatý muž v zamyšlení	svatý muž se modlí
1548	V každém okně jsou lidi.	V každém okně jsou kočky.	rodina v každém okně	kočka v každém okně
1549	Někdo vylil všechnu barvu!	Někdo vylil všechno mléko!	kapky barvy	plechovka barvy
1551	Nebe nám seslalo kytaru!	Nebe nám seslalo housle!	zvedání kytary	ladění kytary
1554	Mnich má červený deštník.	Mnich má černý deštník.	mnich v růžovém	mnich v černém
1555	Postava drží velký meč.	Postava drží velké kopí.	meč držený vzhůru	meč na zdi
1559	Slunečnice plní žlutou vázu.	Růže plní žlutou vázu.	slunečnice ve váze	slunečnice na poli
1560	Stojí u houpačky.	Stojí u branky.	houpačka na laně	houpací křeslo
1562	Kovboj odjíždí do západu slunce!	Kovboj odjíždí do moře!	kovboj na koni	kovboj na býkovi
1565	Je celá z rezavých ozubených kol.	Je celá z rezavých řetězů.	rezavá kovová ozubená kola	rezavé kovové řetězy
1567	Letadlo stoupá!	Letadlo padá!	stoupající letadlo	klesající letadlo
1568	Plaví se pod měsícem.	Plaví se pod sluncem.	plavit se v noci	plavit se na slunci
1569	Je to šrafovaný portrét.	Je to akvarelový portrét.	portrét perem a tuší	portrét olejem
1574	Lucerna visí z větve.	Lucerna visí ze střechy.	lucerna na řetězu	lucerna v její ruce
1575	Pár se objímá.	Pár se hádá.	pár pod měsícem	pár na pláži
1576	Ve snu se houpe na měsíci.	Ve snu se houpe na stromě.	sen o měsíci	sen o moři
1579	Chytré telefony postavily dům.	Knihy postavily dům.	dům z chytrých telefonů	chytrý telefon v kapse
1581	Život v dodávce, baby!	Život ve stanu, baby!	dodávka se surfem	dodávka s kolem
1583	Astronaut odlétá pryč!	Pilot odlétá pryč!	astronaut ve vesmíru	astronaut na Měsíci
1584	Její sukně tancuje taky.	Její pes tancuje taky.	tancování v červené sukni	tancovat v dešti
1585	Je tu pět bílých růží.	Je tu pět červených růží.	pět bílých květů růží	bílé růže ve váze
1586	Kam se podíváš, znečištění.	Kam se podíváš, květiny.	znečištění z továrny	znečištění z lodi
1589	Tenhle člověk vypadá smutně.	Tenhle člověk vypadá šťastně.	smutná postava s oranžovými vlasy	smutná postava s modrými vlasy
1590	Kapuce je plná hvězd.	Kapuce je plná květin.	hvězdná kapuce	kapuce přes oči
1591	Tenhle maják má pruhy.	Tenhle maják má puntíky.	pruhovaný maják	pruhovaná plážová budka
1592	Robot má modré rty. Je mu zima?	Robot má červené rty. Je mu zima?	kovová hlava robota	robotický vysavač
1593	Ten modrý sestřih vlasů je pecka!	Ten modrý klobouk je pecka!	petrolejový sestřih mikádo	sestřih vlasů v salonu
1595	Dvě pyramidy. Hodně špičaté.	Dvě věže. Hodně špičaté.	dvě hnědé pyramidy	pyramida z pomerančů
1596	Nad Ruskem svítí měsíc.	Nad Ruskem svítí slunce.	kostel v Rusku	palác v Rusku
1597	Jejda, má obličej pod vodou!	Jejda, má obličej v písku!	pes pod vodou	pes nad vodou
1598	Ježíš zvedá jednu ruku.	Ježíš zvedá obě ruce.	Ježíš žehná	Ježíš nese kříž
1600	Po kanálu pluje malá loďka.	Po kanálu pluje velká loď.	loďka na kanálu	loďka na jezeře
1603	Na moři vrtají ropu.	Na kopci vrtají ropu.	těžba ropy na moři	olej na pánvi
1609	Tančí balet na skále!	Tančí balet na lodi!	balet na skále	balet ve studiu
1610	Měsíc osvětluje balkon.	Lampa osvětluje balkon.	balkon v měsíčním světle	slunný balkon
1611	Holubice letí ve světle.	Vrána letí ve světle.	holubice s roztaženými křídly	holubice v kleci
1612	Děti z Koreje mávají.	Děti z Koreje tančí.	mávající děti z Koreje	zpívající děti z Koreje
1613	Startují tři rakety!	Startují dvě rakety!	rakety stoupají při západu slunce	raketa přistává při západu slunce
1614	Ve Španělsku běží býci!	Ve Španělsku běží koně!	býci běží ve Španělsku	koňské dostihy ve Španělsku
1617	Anděl vede dítě.	Anděl vede jehně.	anděl vede dítě	anděl hraje na harfu
1618	Kolem něj létají andělé.	Kolem něj létají ptáci.	okřídlení andělé v oblacích	andělé na vánočním stromku
1619	Velká loď pluje pod plnými plachtami.	Velká loď je úplně bez plachet.	napnuté plachty ve větru	roztrhané plachty ve větru
1620	V nebi je dneska pěkně narváno.	V nebi je dneska pěkně prázdno.	andílci létají v nebi	nebe plné svatých
1623	Tolik mrakodrapů!	Tolik mostů!	mrakodrapy za soumraku	stavba mrakodrapu
1625	Surfař drží surfové prkno.	Surfař drží kytaru.	surfové prkno nastojato	surfové prkno na vlnách
1629	Jen jeden ananas. Tak osamělý.	Jen jeden banán. Tak osamělý.	jeden stojící ananas	ananas nakrájený na plátky
1630	Chobotnice má osm ramen. Počítal jsem.	Chobotnice má šest ramen. Počítal jsem.	chobotnice s osmi rameny	chobotnice ve sklenici
1631	Čarodějnice má koště. Chytré.	Čarodějnice má kočku. Chytré.	čarodějnice s koštětem	čarodějnice na koštěti
1633	Tahle socha tě sleduje.	Tenhle pes tě sleduje.	socha chrliče	socha koně
1635	Ocas mořské panny? Totálně zelený.	Ocas mořské panny? Totálně modrý.	usměvavá kreslená mořská panna	mořská panna na skále
1638	Závěsy rámují moře v měsíčním světle.	Závěsy rámují moře v poledním slunci.	těžké fialové závěsy	těžké fialové koberce
1639	Fakt: miminko je ve stáji.	Fakt: miminko je na hradě.	miminko ve stáji	kůň ve stáji
1641	Děsivý klaun a vrána.	Děsivý klaun a kočka.	děsivé oči na obloze	večer s děsivým filmem
1642	Obloha nad vesnicí je rudá.	Obloha nad vesnicí je modrá.	vesnice při západu slunce	vesnice pod hlubokým sněhem
1643	Má kovbojský klobouk.	Má kšiltovku.	široký kovbojský klobouk	široký slaměný klobouk
1644	Rytíř má na sobě celé brnění.	Rytíř na sobě nemá žádné brnění.	rytíř v kovovém brnění	rytíř bez brnění
1647	Na pohlednici je žena.	Na pohlednici je muž.	stará roztržená pohlednice	pohlednice s pláží
1649	Všechno je tu barevné!	Všechno je tu šedé!	barevná duhová cesta	barevný deštník
1650	Pěkný zámek, děsivý útes.	Pěkný zámek, děsivý most.	zámek na útesu	útes nad mořem
1651	Její modrý plášť je posetý hvězdami.	Její červený plášť je posetý hvězdami.	modrý plášť posetý hvězdami	plášť z peří
1652	Dotkne se motýla!	Dotkne se ptáka!	dotknout se zářícího motýla	chytit zářícího motýla
1653	Kočka chce zlatou rybku...	Kočka chce ptáčka...	zlatá rybka v akváriu	zlatá rybka v jezírku
1655	Páni, její koruna je tak vysoká!	Páni, její koruna je tak malá!	vysoká zlatá koruna	malá stříbrná koruna
1656	Má červené rty.	Má modré rty.	lesklé červené rty	otisk rtů na skleničce
1658	Tmavý kámen, rudé růže, pecka.	Tmavý kámen, bílé růže, pecka.	tmavý gotický průchod	tmavá lesní cesta
1660	Truhla plná pokladů!	Truhla plná lahví!	otevřená truhla s pokladem	papírová mapa pokladu
1661	Čas je tu trochu nejasný.	Mapa je tu trochu nejasná.	určování času	stroj času
1664	Kněz poslouchá.	Kněz zpívá.	kněz ve zpovědnici	kněz na svatbě
1665	Je ve starověkém chrámu.	Je na starověkém hradě.	starověký egyptský chrám	starověký řecký chrám
1666	Na faraonovi sedí kobra.	Na faraonovi sedí sokol.	faraon z profilu	faraon na trůnu
1667	Paříž v noci. Čistá magie!	Paříž v poledne. Čistá magie!	Paříž v noci	Paříž v dešti
1669	Dvě křídla, ale socha stejně nelétá.	Čtyři křídla, ale socha stejně nelétá.	dvě opeřená křídla	dvě křídla letadla
1670	Červený autobus v Londýně. Klasika.	Červené auto v Londýně. Klasika.	červený autobus v Londýně	červený autobus v Paříži
1672	Praha září za soumraku.	Praha září v poledne.	Pražský hrad za soumraku	Pražský hrad ve sněhu
1674	Fialová obloha, fialové kopce.	Fialová obloha, zelené kopce.	fialová hvězdná obloha	fialové pole květin
1675	Stojí sám u stromu.	Stojí sám u domu.	sám na prázdném poli	sám v prázdném pokoji
