34	Bádminton: una actividad genial.	Tenis: una actividad genial.	una actividad al aire libre	actividad para días de lluvia
75	Tío, los murciélagos están aleteando.	Tío, los pájaros están aleteando.	aleteando con alas enormes	aleteando en el suelo
78	El mar se llevó su castillo de la playa.	Un perro se llevó su castillo de la playa.	un castillo en la playa	una playa llena de piedras
101	Uf. Ella está aburridísima.	Uf. Él está aburridísimo.	aburrida de esperar	aburrida en una fiesta
141	Con esta zanahoria come un caballo.	Con esta patata come un caballo.	una zanahoria gigante	una patata gigante
179	¡El café hace magia!	¡El agua hace magia!	café de cafetera italiana	café de máquina
198	Un calambre le cortó la carrera.	Un calambre le cortó el baño.	un calambre en el gemelo	un calambre en la mano
212	Este bailarín se mueve de lujo.	Este cantante se mueve de lujo.	un bailarín de hip-hop	una bailarina de ballet
213	Su baile es pura seda.	Su canto es pura seda.	baile de salsa en la cocina	bailando bajo la lluvia
270	¡Su goma se ha convertido en una montaña!	¡Su goma se ha convertido en una flor!	goma con forma de montaña	una casita de montaña
274	¡Todo el mundo está de pie!	¡Todo el mundo está sentado!	todo el mundo animando	todo el mundo yéndose pronto
282	Su sombra de ojos es oro puro.	Su sombra de ojos es plata pura.	sombra de ojos dorada brillante	sombra azul en una brocha
285	Foto en familia, ¡todos a decir patata!	Baño en familia, ¡todos a decir patata!	foto familiar al aire libre	un álbum de fotos familiar
288	Hasta al perro le encanta la moda.	Hasta al gato le encanta la moda.	moda callejera en París	portada de revista de moda
290	¡Gol! ¡Qué sensación!	¡Tarjeta roja! ¡Qué sensación!	un sentimiento de alegría	un sentimiento de aburrimiento	TS/FS use 'sensación': '¡Qué sentimiento!' is not said after a goal
292	La almohada perdió la pelea.	La lámpara perdió la pelea.	una pelea de almohadas	pelea de bolas de nieve
293	Rodar pelis en una azotea mola.	Rodar pelis en la playa mola.	rodaje en azotea al atardecer	rodaje en un estudio	loc 'realización de películas' is bureaucratic; used rodar/rodaje
340	¡Se han traído su propia portería!	¡Se han traído su propio banquillo!	una portería en la plaza	un propósito de año nuevo
346	Bola de golf en el hoyo. ¡Sí!	Bola de golf en el agua. ¡Sí!	putt de golf al atardecer	bola de golf al agua
358	Qué cuidado con ese martillo.	Qué cuidado con esa cuchara.	un martillo sobre un clavo	un martillo en la caja
360	Primero gel desinfectante de manos, luego samosas.	Primero crema de manos, luego samosas.	un chorrito de gel desinfectante	gel desinfectante en una puerta
387	Cámara de seguridad: fue el perro.	Cámara de seguridad: fue el gato.	cámara de seguridad de noche	cámara de seguridad de tienda
430	Él le está enseñando su idioma a ella.	Ella le está enseñando su idioma a él.	aprendiendo un idioma nuevo	una app de idiomas
431	¿Perezoso? No, él es un «genio».	¿Perezosa? No, ella es un «genio».	un hombre perezoso en casa	un gato perezoso en casa
442	El trabajo en equipo puede con una caja pesada.	El trabajo en equipo puede con un sofá pesado.	trabajo en equipo con cajas	un equipo de fútbol unido
451	Está cerrando la puerta con llave.	Está abriendo la puerta.	cerrando con llave un barco	cerrando con llave un coche
459	El encargado está dando órdenes.	El encargado está dando flores.	un encargado con un portapapeles	un mánager de fútbol
471	El perro quiere la carne.	El gato quiere la carne.	carne asada sobre una tabla	carne cruda en una tienda
531	Esta fiesta en el jardín está que arde.	Esta fiesta en la piscina está que arde.	fiesta de jardín al atardecer	una fiesta en la piscina
545	¡Menuda actuación de malabares!	¡Menuda actuación de baile!	actuación callejera de malabares	el rendimiento en un examen
556	Le salvó la vida con una tirita.	Le salvó la vida con un poco de hielo.	una tirita en un dedo	yeso en una pared
558	Perdió el gorro jugando al voleibol.	Perdió el zapato jugando al voleibol.	jugando al vóley en el parque	jugando a las cartas
563	¡Las llaves estaban en su bolsillo!	¡Las llaves estaban en su zapato!	llaves en el bolsillo	llaves puestas en el coche
606	La receta dice: primero los huevos.	La receta dice: primero el pescado.	una receta dibujada a mano	una receta de sopa
609	Están descansando en la colina.	Están corriendo en la colina.	descansando en la cima	descansando en una hamaca
612	Está señalando a la derecha.	Está señalando al cielo.	girando a la derecha entre puestos	girando en el semáforo
617	¡Vino en patines en línea solo para quitarle la bebida!	¡Vino en bici solo para quitarle la bebida!	patines en línea morados	patines en línea sobre hielo
629	A salvo dentro, tormenta fuera.	A salvo dentro, sol fuera.	a salvo en un refugio	una caja fuerte en la pared
671	Tanto gritar, gargantas irritadas.	Tanto cantar, gargantas irritadas.	gritando por todo el valle	gritándole a la tele
697	La zona para fumar está llena.	La zona para fumar está vacía.	fumando fuera de un bar	un cartel de prohibido fumar
721	¡El derrame lo ha causado ella!	¡El derrame lo ha causado el niño!	derramando un vaso de agua	derramando una taza de café
756	Buena ola con esa tabla de surf.	Buena ola con esa moto de agua.	encerando una tabla de surf blanca	tabla de surf en venta
777	¡Está sediento que flipas!	¡Está hambriento que flipas!	sediento en el mercado	sediento después de correr
817	Dos gatos están uno al lado del otro.	Dos perros están uno al lado del otro.	dos gatos lado a lado	dos gatos cara a cara	TP uses 'lado a lado': the 5-word loc does not fit a 2-5 word label
860	El coche necesitaba un «pequeño» lavado.	La bici necesitaba un «pequeño» lavado.	lavado de un coche embarrado	lavado de un perro embarrado
862	¿Ver la tele? Solo con palomitas.	¿Ver la tele? Solo con pizza.	una noche viendo la tele	una noche observando pájaros	loc 'visionado' is jargon for this sense; used 'ver la tele'
863	Su botella de agua es de metal.	Su botella de agua es de plástico.	llenando una botella de agua	una botella en la cama
871	¡Marcó desde su silla de ruedas!	¡Falló desde su silla de ruedas!	silla de ruedas deportiva	silla de ruedas de hospital
872	¡Por fin le sale el silbido!	¡Por fin le sale el canto!	silbando en el jardín	silbando en un partido
892	Se está enjuagando para quitarse el agua del mar.	Se está enjuagando para quitarse la pintura.	enjuagándose el salitre	enjuagando los platos
894	¡La cremallera se ha atascado!	¡El esquí se ha atascado!	una cremallera de chaqueta atascada	cremallera de tienda de campaña
925	Su maleta está en la recogida de equipajes.	Su maleta está en facturación.	maleta en recogida de equipajes	maleta en control de seguridad
980	El capitán está al timón.	El capitán está en el bar.	un capitán al timón	un capitán de fútbol
995	Su compañera de clase sabe un secreto.	Su profesora sabe un secreto.	susurrándole a una compañera	una compañera en la pizarra
1001	La clínica está lista para ti.	El colegio está listo para ti.	una clínica luminosa	una clínica para perros
1009	La brújula es más lista que yo.	El móvil viejo es más listo que yo.	una brújula de latón	un reloj de latón
1017	Una mujer está en el paso de peatones.	Un perro está en el paso de peatones.	cruzando por un paso de peatones	paso de peatones con lluvia
1093	Hay una fractura en la pierna.	Hay una fractura en el brazo.	una fractura en la pierna	una fractura en la muñeca
1116	El novio la lleva en brazos.	El novio lleva una tarta en brazos.	novio llevando a la novia	novio cepillando un caballo
1159	Aquí tiene la llave de su habitación.	Aquí tiene la llave de su coche.	llave de habitación de hotel	la llave del coche
1167	El abogado tiene un montón de libros.	El abogado tiene un montón de gatos.	un abogado con una carpeta	un abogado en el juzgado
1179	Demasiado equipaje para un solo hombre.	Demasiado equipaje para una sola chica.	un carrito lleno de equipaje	equipaje en la baca
1182	La camarera de piso está haciendo la cama.	La camarera de piso está haciendo café.	camarera de piso haciendo camas	una camarera en una boda
1202	Madre y bebé: nariz con nariz.	Madre y perro: nariz con nariz.	madre levantando a su bebé	madre alimentando a su bebé
1237	Qué cruce tan «concurrido»: una persona.	Qué cruce tan «concurrido»: un perro.	una persona en el cruce	una persona en el autobús
1267	Se la ve muy profesional.	Se la ve con mucho sueño.	un look profesional	una atleta profesional
1286	Un obrero está limpiando el tejado.	Un obrero está pintando el tejado.	un tejado de tejas	tejado de cristal de estación
1323	¡Qué rascacielos tan alto!	¡Qué faro tan alto!	mirando un rascacielos desde abajo	mirando abajo desde un rascacielos
1373	Vibes de verano: salto épico al lago.	Vibes de verano: salto épico a la piscina.	salto al lago en verano	fiesta de piscina en verano
1403	¡A estos dedos de los pies les encanta la playa!	¡A estos dedos de los pies les encanta la nieve!	dedos en la arena mojada	dedos en la hierba suave
1406	¡Mira mi cepillo de dientes!	¡Mira mi cepillo del pelo!	cepillo de dientes con espuma	un cepillo en un vaso
1502	Puesta de sol para dos. Qué monos.	Desayuno para dos. Qué monos.	viendo juntos la puesta de sol	atardecer en la montaña
1535	Está al revés. Pan comido.	Está tumbado. Pan comido.	haciendo equilibrio al revés	colgado al revés
1547	El hombre santo está pensando muchísimo.	El hombre santo está riéndose muchísimo.	un hombre santo pensando	un hombre santo rezando	'hombre sagrado' is not idiomatic; used 'hombre santo'
1593	¡Me encanta ese corte de pelo azul!	¡Me encanta ese sombrero azul!	un corte bob turquesa	corte de pelo en peluquería
1603	Perforan en busca de petróleo en alta mar.	Perforan en busca de petróleo en una colina.	plataforma petrolífera en alta mar	aceite en una sartén
1610	La luna ilumina el balcón.	Una lámpara ilumina el balcón.	balcón iluminado por la luna	un balcón soleado
1625	El surfista sujeta una tabla de surf.	El surfista sujeta una guitarra.	sujetando la tabla en vertical	cogiendo olas con la tabla
1653	El gato quiere el pez de colores...	El gato quiere el pájaro...	pez de colores en pecera	pez de colores en estanque
1696	El águila tiene a su cargo dos polluelos.	El águila tiene a su cargo cuatro polluelos.	un águila sobre su nido	un águila pescando un pez
1706	Perro guay, gafas de sol guays.	Perro guay, gorro guay.	un husky con gafas de sol	gafas en una toalla
1707	Las plantas se están comiendo la cabaña.	Las plantas se están comiendo la iglesia.	cabaña invadida por las plantas	una cabaña junto al mar
1747	¡Mejor sitio para la tienda de campaña, imposible!	¡Mejor sitio de playa, imposible!	una tienda en una colina	una tienda en la playa
1752	Las ventanas del molino de viento están iluminadas.	Las ventanas del molino de viento están abiertas.	un molino junto al lago	un molino en un campo
1781	En esta casa es Halloween todos los días.	En este castillo es Halloween todos los días.	una casa encantada de Halloween	fiesta escolar de Halloween
1806	¿Dos moños? Va a la última.	¿Dos lazos? Va a la última.	el pelo en dos moños	dos bollos en un plato
1894	Dulces sueños, ericitos.	Dulces sueños, conejitos.	familia de erizos acostada	un erizo en un jardín
1919	El callejón es muy estrecho.	El callejón es muy ancho.	un callejón estrecho de adoquines	salvarse por los pelos
1920	El cíborg tiene la cabeza brillante.	El cíborg tiene la cola brillante.	un cíborg entre neones	un cíborg en un bosque
1946	Este gato es demasiado guay.	Este perro es demasiado guay.	gato guay con gafas	una bebida fresquita de verano
1980	La cabaña está rodeada de pinos.	La cabaña está rodeada de palmeras.	pinos nevados	una mesa de pino
1981	¡Las olas se estrellan contra el faro!	¡Las olas se estrellan contra el puerto!	olas estrellándose contra las rocas	durmiendo en un sofá ajeno
2012	Las flores cubren la entrada.	La nieve cubre la entrada.	entrada de jardín con flores	entrada de hotel con flores
2023	¡Alguien dejó regalos en la nieve!	¡Alguien dejó esquís en la nieve!	regalos en la nieve	regalos debajo de una cama
2049	El rincón de lectura parece acogedor.	El rincón de la cocina parece acogedor.	un rincón de lectura acogedor	un jersey de lana calentito
2057	La chimenea es de piedra.	La chimenea es de metal.	chimenea de piedra nevada	limpiando la chimenea
2060	Esquís rojos y amarillos, qué guay.	Esquís azules y blancos, qué guay.	esquís clavados en la nieve	esquís en la baca
2073	¡Mira, el sol brilla por la ventana!	¡Mira, la luna brilla por la ventana!	sol brillando por la ventana	luna brillando por la ventana
2099	¡Esta casa del árbol es superguay!	¡Esta caseta de perro es superguay!	casa del árbol tropical	casa del árbol del jardín
2100	¡Su vestido de gala es más grande que el jardín!	¡Su sombrero es más grande que el jardín!	un enorme vestido de gala azul	un vestido en una percha
2114	Un puente a través del arroyo.	Un puente a través de la carretera.	puente a través del arroyo	la casa de enfrente
2115	Una postura tranquila de yoga.	Una postura tranquila de baile.	yoga con las piernas cruzadas	yoga en una tabla de paddle
2139	Detrás de ella brillan rayos láser.	Detrás de ella brillan velas.	rayos láser de neón	un puntero láser para gatos
2182	El senderista lleva una mochila roja.	El senderista lleva una mochila azul.	un senderista en una cornisa	senderista en su tienda
2214	Veo un castillo a través de él.	Veo una iglesia a través de él.	mirando por una roca agujereada	mirando por una ventana
2260	Pobre bote de remos, nadie lo quiere.	Pobre barco, nadie lo quiere.	un bote de remos vacío	un bote de remos abarrotado
2365	Su traje de metal brilla un montón.	Su traje de metal está sucísimo.	un traje de metal rojo	un coche de metal rojo
2398	La terraza ofrece vistas al mar.	La terraza ofrece vistas a la ciudad.	terraza alicatada junto al mar	una terraza en la montaña
2401	Un camino hacia un mundo de fantasía.	Un camino hacia una ciudad llena de gente.	un sendero de bosque de fantasía	portada de libro de fantasía
2430	El río fluye entre rocas.	El río fluye entre casas.	río fluyendo entre rocas	río fluyendo por un pueblo
2458	Una casa de labranza con ventanas iluminadas.	Una casa de labranza con ventanas a oscuras.	casa de labranza al atardecer	casa de labranza costera
2471	Es un ratón de biblioteca de manual.	Es una gamer de manual.	ratón de biblioteca leyendo	ratón de biblioteca con móvil
2480	¡El coche lleva demasiados regalos!	¡El coche lleva demasiados perros!	regalos en la baca	regalos bajo un árbol
2493	La granja está cosida como una colcha de retales.	La granja está cosida como una bandera.	una granja en colcha de retales	una colcha en la cama
2512	Este libro para colorear te necesita.	Este álbum de fotos te necesita.	página de libro para colorear	portada del libro para colorear
2528	¿Un sombrero de copa morado? Atrevido.	¿Un sombrero de copa negro? Atrevido.	sombrero de copa morado brillante	sombrero de copa de mago
2530	La luz de las velas brilla entre rosas.	La luz de las velas brilla entre libros.	farol con luz de vela	velas en una tarta
2537	La niña está leyendo un cuento antes de dormir.	El niño está leyendo un cuento antes de dormir.	un cuento en la cama	un cuento en la tele
2562	Noche lluviosa, detective solitario.	Día soleado, detective solitario.	un detective bajo la lluvia	un detective de la científica
2563	Un mercader está revisando grano.	Un mercader está revisando monedas.	mercader alumbrado por velas	un mercader en el mercado
2595	Alguien se ha dejado un piano de cola fuera.	Alguien se ha dejado un piano de cola dentro.	un piano de cola fuera	un piano de cola dentro
2604	Un árbol sin vida, una luna verde.	Un árbol sin vida, una luna blanca.	árbol sin vida entre rocas	árbol sin vida en maceta
2618	La escritura a mano está en cursiva.	La escritura a mano está en letra de imprenta.	cursiva desvaída escrita a mano	pulcra letra de imprenta
2622	¡Una Estatua de la Libertad diminuta!	¡Una torre Eiffel diminuta!	una mini Estatua de la Libertad	un disfraz de estatua verde
2633	Ese árbol es una discoteca. ¡Mira los rayos!	Ese árbol es una discoteca. ¡Mira los pájaros!	rayos de luz de colores	vigas de madera del tejado
2641	¡Los rayos de luz llenan el cielo!	¡Los rayos de luz llenan la habitación!	rayos de luz dorados	rayos por una ventana
2685	Para el baile de máscaras, máscaras doradas.	Para el baile de máscaras, máscaras rojas.	antifaces dorados para el baile	invitación a un baile de máscaras
2714	Limones, mar y un sombrero de paja.	Naranjas, mar y un sombrero de paja.	sombrero de paja grande	sombrero de paja de espantapájaros
2725	Está agachado en una roca.	Está agachado en un árbol.	agachado sobre una roca alta	agachado dentro de una cueva
2732	El nieto está sentado en su regazo.	El nieto está sentado en una silla.	nieto sentado encima del abuelo	un nieto en la playa
2745	Piedras antiguas llenan el patio.	Coches antiguos llenan el patio.	un patio empedrado	patio con mesas de café
2750	La planta de interior está sobre unos libros.	La planta de interior está sobre una tele.	una planta en una estantería	una planta en el suelo
2754	¡Cuánto vapor al atardecer!	¡Cuánta nieve al atardecer!	vapor blanco de una chimenea	humo blanco de una chimenea
2793	Hay dos hombres de negocios arriba del todo.	Hay cinco hombres de negocios arriba del todo.	un hombre de negocios subiendo escaleras	un ejecutivo en un ascensor
2808	La mujer de negocios sonríe.	La mujer de negocios llora.	ejecutiva junto a su coche	ejecutiva en un tren
2809	Sostiene una pequeña taza de té.	Sostiene una pequeña tetera.	una taza entre las manos	taza de té con platito
2823	Cero viento: el agua está en calma.	Cero viento: el agua está llena de olas.	un barco en aguas en calma	una ciudad en calma
2837	Está en una librería.	Está en una juguetería.	una librería abarrotada	la cafetería de una librería
2850	¡Sus tambores son enormes!	¡Su guitarra es enorme!	una batería enorme	un bidón de aceite
2877	Está trepando por la cuerda.	Está subiendo por una escalera.	trepar por una cuerda	trepar a un árbol	loc 'escalar' wrong for climbing a rope; used 'trepar'
3049	Tiene una pregunta enorme.	Tiene un sándwich enorme.	pregunta en un bocadillo	una pregunta de examen
3052	Está pensando, no trabajando.	Está durmiendo, no trabajando.	pensando en un pupitre	pensando en la cocina
3157	Sostiene en alto un ladrillo rojo.	Sostiene en alto un casco rojo.	muro de ladrillo a medias	casa de ladrillo costera
3266	Está montando en bici junto a la bahía.	Está montando en bici junto al río.	montar en bici junto al mar	pedalear junto a las vías
3294	¡Va a darle una patada al balón!	¡Va a lanzar el balón!	a punto de chutar	abrir una puerta a patadas
3301	Lleva el timón del barco.	Lleva el volante del coche.	al timón de un buque	conduciendo un coche pequeño
3357	Una silla alta junto a la red.	Una escalera alta junto a la red.	una red cruzando la pista	una red de pesca
3362	Tío, el mapache te está mirando fijamente.	Tío, el gato te está mirando fijamente.	un mapache en una cornisa	mapache en la basura
3382	Tío, este loro es un pirata.	Tío, este loro es un chef.	un loro con parche	un loro en una jaula
3424	El director de orquesta sostiene una batuta.	El director de orquesta sostiene una flauta.	director de orquesta con frac	un revisor en un tren
3497	Camina hacia la puesta de sol. Un clásico.	Camina hacia el mar. Un clásico.	caminando hacia la puesta de sol	atardecer visto desde el coche
3519	Ese pendiente blanco es precioso.	Ese collar blanco es precioso.	un pendiente blanco de lágrima	un pendiente en el suelo
3640	La lámpara brilla en el espacio.	La lámpara brilla sobre un barco.	brillando hacia el espacio	una luz en un barco
3706	¡La montaña rusa asusta a todos!	¡La noria asusta a todos!	familia en la montaña rusa	familia mirando la montaña rusa
3772	¡Este dragón es de hielo!	¡Este dragón es de fuego!	cara de dragón de hielo	un dragón escupiendo fuego
3797	¡Haciendo el pino en el agua, qué crack!	¡Haciendo el pino en la nieve, qué crack!	haciendo el pino en remojo	haciendo el pino en seco
4027	¿Quién se ha comido la tarta? ¿La vaca?	¿Quién se ha comido la tarta? ¿El perro?	una tarta de manzana dorada	un gráfico de tarta
4029	¡La botella lo golpeó y lo tiró!	¡La pelota lo golpeó y lo tiró!	golpeado y tirado del bloque	golpeando una puerta
4032	¡Menudo pringue verde!	¡Menudo pringue rojo!	un pringue de slime verde	un dormitorio en desorden	loc 'desorden' = untidiness, wrong for a slime mess; TS/FS use 'pringue'
4033	¡Primer intento con un palo de golf!	¡Primer intento con un palo de hockey!	haciendo swing con el palo	un club de golf privado
4035	Da un paso sobre el agua.	Da un paso sobre el fuego.	pisando bloques flotantes	pisando un tren en marcha
4058	¡Viaje de una noche, diez maletas!	¡Viaje de una noche, dos maletas!	maleta para un viaje corto	tropezar con una maleta
4068	¡Está acariciando un tiburón!	¡Está acariciando un delfín!	acariciando a un tiburón	a lomos de un tiburón
4079	El río se precipita a toda velocidad. ¡Brutal!	Los coches pasan a toda velocidad. ¡Brutal!	precipitándose río abajo	corriendo al aeropuerto	FS uses 'pasan': cars do not 'se precipitan'; swapped subject kept
4101	Un artista está mostrando una cola.	Un artista está mostrando una bandera.	mostrando una cola gigante	mostrando una bandera blanca
4170	¡La gallina salvó a su pollito!	¡La gallina salvó su huevo!	salvar a un pollito	salvar a un gatito
4174	¡La gallina defiende a sus pollitos como una superheroína!	¡El zorro defiende a sus pollitos como un superhéroe!	defendiendo a sus pollitos	defendiendo sus huevos
4178	La gallina es una donante generosa.	El zorro es un donante generoso.	una gallina generosa	un zorro generoso
4179	¡Es su cumpleaños número 100!	¡Es su cumpleaños número 50!	la tarta de su centenario	un cumpleaños en la playa
4182	¡Pintó todo el césped!	¡Pintó toda la casa!	pintando sobre el césped	pintando la valla del jardín
4198	El agujero llega muy hondo bajo el agua. ¡Nos vemos en el fondo!	La cuerda llega muy hondo bajo el agua. ¡Nos vemos en el fondo!	cayendo hondo por un pozo	cavando hondo en la arena
4221	El lagarto está de chill en el sofá.	El lagarto está de chill en la mesa.	cereales en el sofá	cereales en la mesa
4222	Tío, el geco está saludando con la mano.	Tío, la rana está saludando con la mano.	saludando a la cámara	ondeando una bandera
4248	La ola de la piscina cubierta ganó esta vez.	La ola del océano ganó esta vez.	una piscina de olas cubierta	clase de natación en interior
4249	¡Voy a lomos de un dragón!	¡Voy a lomos de un caballo!	el lomo de un dragón	el lomo de un caballo	animals have 'lomo', not 'espalda'
4257	A la tortuga le están dando un abrazo bien apretado.	Al pez le están dando un abrazo bien apretado.	un abrazo apretado de panda	un abrazo apretado bajo el agua
4280	Día de rodaje: está hecha un mar de lágrimas.	Día de rodaje: se está partiendo de risa.	rodaje de una escena triste	rodaje de un programa culinario
4304	Lanzó el balón de fútbol americano, qué pasada.	Chutó el balón de fútbol americano, qué pasada.	balón de fútbol americano volando	balón redondo sobre el césped
4319	Las rayas se están mezclando.	Las rayas se están ensanchando.	difuminando crema en la piel	mezclando fruta en la batidora
4340	¡Las gaviotas quieren sus patatas fritas!	¡Los perros quieren sus patatas fritas!	protegiendo sus patatas fritas	compartiendo patatas fritas con amigos
4349	Este guardia sí que sabe surfear.	Este guardia sí que sabe esquiar.	un guardia haciendo surf	un guardia a caballo
4351	Está apoyada en el mármol.	Está apoyada en el piano.	una barandilla de mármol pulido	estatua de mármol de jardín
4356	¿Espalda dolorida? ¡Pues caballito igual!	¿Cuello dolorido? ¡Pues caballito igual!	frotándose la espalda dolorida	garganta dolorida en la cama
4371	El vestíbulo del banco es enorme.	El vestíbulo del banco es diminuto.	un vestíbulo de banco de mármol	vestíbulo de hotel abarrotado
4376	¡El perro más pequeño es el que más ruido hace!	¡El gato más pequeño es el que más ruido hace!	mucho ruido	mucha música
4377	¡El sótano tiene un cine!	¡El sótano tiene una piscina!	un sótano con cine	un sótano lleno de agua
4392	¡Menuda caída en el parque!	¡Menuda caída en la cocina!	una caída sobre un banco	una caída desde una escalera
4397	Va en bici por Ámsterdam.	Va en bici por el bosque.	en bici por el canal	en bici por la playa
4409	¡Toda la fiesta va a ciegas!	¡Toda la fiesta está dormida!	a ciegas para un juego	una cita a ciegas
4459	Un poquito de quema, no pasa nada.	Un poquito de lluvia, no pasa nada.	la quema de un malvavisco	la quema de cartas viejas
4488	Cada documento se lleva una X roja. Mal día en la oficina.	Cada documento se lleva un check verde. Mal día en la oficina.	sellando un documento	imprimiendo un documento
4500	Unas manos rápidas salvan el día.	Unos perros rápidos salvan el día.	unos reflejos rápidos	una siesta rápida
4507	El agente está poniendo una etiqueta.	El agente está poniendo un candado.	una etiqueta en una maleta	la etiqueta de una chaqueta
4525	Le ayudó a volver a respirar.	Le ayudó a volver a levantarse.	ayudando a un hombre atragantado	ayudando con los platos
4526	Ella está pensando muchísimo en estas elecciones.	Él está pensando muchísimo en estas elecciones.	votando en unas elecciones	ganando unas elecciones
4533	Lo están celebrando en la sala del tribunal.	Están llorando en la sala del tribunal.	familia feliz en el tribunal	fiesta en pista de tenis
4538	Tarea hecha. Hora de un descanso.	Tarea hecha. Hora de salir a correr.	un descanso en el sofá	área de descanso de autopista
4541	¡El lavabo estaba mugriento, lleno de pelos!	¡El lavabo estaba mugriento, lleno de barro!	un lavabo mugriento lleno de pelos	botas mugrientas junto a la puerta
4554	Un muro de llamas, y él sigue cocinando.	Un muro de agua, y él sigue cocinando.	un muro de llamas naranjas	una vela en la cena
4578	Los campos de cultivo forman un mosaico.	Los aparcamientos forman un mosaico.	campos de cultivos verdes	una cosecha de manzanas	loc 'cosecha' wrong for crop fields; used 'cultivo'
4580	En su cita hay un solo batido.	En su cita hay una sola pizza.	una cita con batido	la fecha del calendario
4581	Una cabaña de mantas llena de caramelos.	Una cabaña de mantas llena de libros.	un bol de caramelos	escaparate de tienda de caramelos
4620	Está durmiendo aquí durante la noche.	Está trabajando aquí durante la noche.	noche entera en el aeropuerto	un viaje en tren nocturno
4630	Dibujó primero el corte de pelo.	Dibujó primero la barba.	un corte de pelo degradado	corte con los lados largos
4653	Dejó el barro en la alfombrilla. Casi todo.	Dejó la nieve en la alfombrilla. Casi toda.	botas cubiertas de barro	barro en la mesa
4664	Está contando la dosis gota a gota.	Está contando la dosis cucharada a cucharada.	una dosis de aceite amarillo	una dosis de jarabe
4687	Está en la embajada.	Está dentro de la embajada.	papeles para la embajada	fiesta nocturna en la embajada
4690	Su lugar de trabajo es un cubículo.	Su lugar de trabajo es una cocina.	lugar de trabajo muy concurrido	trabajando en una granja
4722	¡Hasta las mujeres con gafas de sol se están desmayando!	¡Hasta las mujeres con gafas de sol están bailando!	mujeres con gafas oscuras	gafas en una playa soleada
4734	La está cuidando con todo el cuidado del mundo.	Está cuidando a un perro con todo el cuidado del mundo.	cuidado cariñoso en el sofá	cuidado de la piel
4736	El ejército está entrenando en la arena.	El ejército está entrenando en la nieve.	un ejército entrenando unido	un ejército en guerra
4741	¡Está tirando de un pez para sacarlo!	¡Está tirando de una bota para sacarla!	tirar de un pez	arrastrar un barco a tierra
4769	Está de pie junto a una valla.	Está sentada en una valla.	una valla junto al borde	una valla alrededor de un jardín
4771	Puerta, puerta, puerta... ¡palacio!	Puerta, puerta, puerta... ¡iglesia!	la puerta de un palacio	un palacio en una ciudad
4773	La música ha provocado una reunión.	La música ha provocado una pelea.	corrillo alrededor de un músico	una reunión familiar en casa
4783	¡La pareja está cubierta de tarta!	¡La pareja está cubierta de barro!	una pareja embadurnada de tarta	una pareja en bici
4785	¡Brindis en la terraza!	¡Brindis en la cocina!	zumo en una terraza soleada	fiesta en la azotea
4800	¡El novio está supernervioso!	¡La novia está supernerviosa!	un novio nervioso	novio alimentando a un caballo
4804	Están recorriendo un pueblo azul.	Están recorriendo un pueblo rojo.	recorriendo un pueblo azul	de gira con una banda
4821	¡Llegó la pizza de la puesta de sol!	¡Llegó el sushi de la puesta de sol!	reparto de pizza al atardecer	atardecer sobre las montañas
4825	Encimera limpiada con un paño. Cocina lista.	Ventana limpiada con un paño. Cocina lista.	limpiando con un paño la encimera	limpiándose las lágrimas
4833	Va patinando por la costa como si nada.	Va en bici por la costa como si nada.	patinando por la carretera costera	navegando junto a la costa
4835	¡Hay una persecución en la ciudad!	¡Hay un desfile en la ciudad!	la ciudad de noche	la ciudad a mediodía
4842	Está trabajando en un coche viejo.	Está trabajando en una bici vieja.	trabajando en un motor	trabajando en una oficina
4843	¡Menuda estructura de madera!	¡Menuda estructura de metal!	la estructura de una casa	la estructura de una oración
4844	Cortó la calabaza por la mitad.	Cortó la tarta por la mitad.	una calabaza cortada por la mitad	media tarta de calabaza
4879	¡Está levantando un coche en esta competición!	¡Está levantando una bici en esta competición!	una competición de mujeres forzudas	un concurso de canto
4906	¡La tienda de campaña es la única superviviente!	¡El arco es el único superviviente!	una carpa blanca de fiesta	una tienda en el bosque
4920	¡La comunidad está animando a tope!	¡La comunidad está llorando a tope!	cartel de huerto comunitario	una comunidad online
4923	Está sentando a dos clientes.	Está sentando a cuatro clientes.	sentando a una pareja joven	sentándose en la barra
4933	Una mano no suelta el volante.	Una mano no suelta el móvil.	el volante de un autobús	rueda de repuesto del autobús
4944	¡Foco, rosas y un vestido de gala dorado!	¡Foco, rosas y un vestido de gala rojo!	vestido de gala oro pálido	probándose un vestido de novia
4969	En la cafetería, gana el libro de ella.	En la cafetería, gana el móvil de él.	leyendo en una cafetería	cocinando en una cafetería
5008	Abrió con llave la puerta de madera.	Abrió con llave la puerta del garaje.	abrir con llave una puerta	desbloquear un móvil
5012	¡París está lleno de romance!	¡París está lleno de nieve!	romance en París	una novela romántica
5032	Lleva al equipo hacia delante.	Lleva al equipo hacia atrás.	caminando delante del grupo	planeando el viaje con antelación
5037	Está en una acera de París.	Está en un puente de París.	una acera ancha y pavimentada	una terraza en la acera
5054	El colega está levantando media casa.	El colega está levantando media tienda de campaña.	subiendo maletas a una furgoneta	levantando pesas en el gimnasio
5056	La camarera de piso hizo un cisne con una toalla.	La camarera de piso hizo un perro con una toalla.	camarera de piso doblando toallas	una camarera en un castillo
5064	Cien trompetas. ¡Mis pobres oídos!	Cien violines. ¡Mis pobres oídos!	desfilando con trompetas	trompeta de club de jazz
5075	Manos pegajosas, cucurucho vacío. «Genial».	Manos pegajosas, cucurucho lleno. «Genial».	manos pegajosas de helado	cinta adhesiva en una caja
5089	Esta madre lo hace todo.	Este padre lo hace todo.	una madre volteando tortitas	una madre comprando tortitas
5101	Las náuseas están ganando la partida en este viaje.	Las náuseas están ganando la partida en este vuelo.	náuseas en un ferri	náuseas en el coche
5104	Su charla es amistosa.	Su charla es agresiva.	charla de jardín a jardín	una charla en un congreso
5106	Molino de viento, tulipanes, gofre holandés: hecho.	Molino de viento, tulipanes, porción de pizza: hecho.	un molino de viento girando	un molino en la playa
5123	¡El café, el fregadero y la bañera se están desbordando!	¡El café, el fregadero y el horno se están desbordando!	una bañera desbordándose	carretera inundada tras la lluvia	loc 'inundar' does not fit overflowing; used 'desbordarse'
5128	¡El sofá causó una herida de verdad!	¡La mesa causó una herida de verdad!	herida contra el sofá	una herida jugando al fútbol
5133	Está gritando en el parque.	Está gritando en la piscina.	gritando en el escondite inglés	gritando con una peli de miedo
5134	Los padres están un pelín ocupados.	Los perros están un pelín ocupados.	padres alimentando a un bebé	padres alimentando a los patos
5154	Sus plantas de interior son una selva.	Sus libros son una selva.	una habitación llena de plantas	una planta de interior en venta
5161	Está delante de una catedral.	Está delante de un castillo.	torre de catedral de ladrillo	dentro de una catedral oscura
5167	Está tocando los azulejos azules.	Está tocando los azulejos rojos.	azulejos blancos y azules	baldosas en el suelo del baño
5182	Mira, el mural es un logro de ella.	Mira, el mural es un logro de él.	un mural, todo un logro	un logro de videojuego
5213	Un tren rojo está en la vía férrea.	Un tranvía rojo está en la vía férrea.	andén junto a la vía	vía férrea en la montaña
5223	Su ruta está marcada en rojo.	Su ruta está marcada en azul.	una ruta en un mapa	ruta de autobús urbana
5225	¡Está terminando muy por delante!	¡Está terminando muy por detrás!	terminando una carrera	terminando sus deberes
5237	Té bajo un cielo lleno de estrellas.	Té bajo un cielo lleno de pájaros.	estrellas sobre el desierto	estrellas sobre una ciudad
5238	¿Selfi en una duna roja? Icónico.	¿Selfi en una duna blanca? Icónico.	un selfi en una duna roja	un buggy en las dunas
5244	Los compañeros de clase hicieron un trato.	Los profesores hicieron un trato.	dos compañeros de clase quedando	fiesta de un compañero
5254	¡Mira cómo bailan esas parejas!	¡Mira cómo nadan esas parejas!	bailando con su pareja	jugando al mus en pareja
5258	¡Bar en la azotea, fiesta de cócteles!	¡Bar en el sótano, fiesta de cócteles!	bar de azotea al atardecer	una tableta de chocolate
5291	Todos los hombres de negocios están durmiendo.	Todos los hombres de negocios están leyendo.	ejecutivos dormidos en un avión	ejecutivos dormidos en un tren
5303	Copos de nieve en su manopla.	Copos de nieve en su zapato.	un copo en una manopla	un copo en una ventana
5317	¡Sus volantes vuelan!	¡Sus zapatos vuelan!	capas de volantes rojos	volantes en una camisa
5343	Las chicas tienen camas gemelas.	Las chicas tienen literas.	dos camas gemelas iguales	habitación de hotel doble
5344	¡Han hecho una colcha de retales enorme!	¡Han hecho una bandera enorme!	una colcha de retales terminada	una colcha sobre una cama
5345	Se apoya en la barandilla.	Se apoya en un árbol.	apoyándose en un puente	apoyándose en una valla
5347	El tráfico se está parando del todo.	Los trenes se están parando del todo.	tráfico parado en seco	una parada para tomar café	'parada' is not said of traffic; TS/FS/TP use parar
5376	Pulsó el interruptor. ¡Luz!	Pateó el interruptor. ¡Luz!	pulsando un interruptor de la luz	un cambio de agujas
5382	¡Todos en la mesa lo están discutiendo a la vez!	¡Todos en el autobús lo están discutiendo a la vez!	discutiendo en una cafetería	discutiéndolo por teléfono
5398	La gente forma una cadena humana.	La gente forma una torre humana.	cadena humana alrededor del mundo	una cadena de oro
5399	Dos actores están en una obra de teatro.	Dos perros están en una obra de teatro.	una obra en un teatro	una obra de teatro escolar
5404	¡Qué codicioso es con las tostadas!	¡Qué codicioso es con la tarta!	codicioso con las tostadas	codicioso con la tarta
5405	¡El niño pequeño está caminando!	¡El niño pequeño está gateando!	primeros pasos de un niño	primeras palabras de un niño
5406	Sus dedos del pie están junto a una concha.	Sus dedos del pie están junto a un cangrejo.	dedos abiertos en la arena	dedos en una chancla
5413	Coches por todas partes. ¡Qué desesperanzador!	Bicis por todas partes. ¡Qué desesperanzador!	un atasco desesperanzador	un equipo de fútbol desesperanzador
5418	El interior es todo de madera.	El interior es todo de plástico.	tranvía con interior de madera	coche con interior moderno
5419	Llega a todos los transbordos.	Pierde todos los transbordos.	un transbordo a un ferri	una transferencia bancaria	loc 'traslado' unnatural for connections; used 'transbordo'
5429	Confía en ellos con los ojos cerrados.	Confía en ellos con los ojos abiertos.	confiando en que la cojan	confiando en un desconocido en internet
5437	¡Fiesta en el patio!	¡Fiesta en la cocina!	fiesta en el patio iluminado	el patio en el recreo
5442	¡Está luchando con cada manga!	¡Está luchando con cada cremallera!	sacando los brazos de las mangas	subiéndose las mangas
5444	Están cooperando en un mapa.	Están cooperando en un coche.	cooperando en un puzle	cooperando con la policía
5470	Paso rápido por el centro, con traje.	Paso rápido por el centro, con vaqueros.	caminando al trabajo por el centro	bar de azotea del centro
5473	Un hombre «rico» con la cartera vacía.	Un hombre «rico» con la cartera llena.	un hombre no tan rico	la mansión de un rico
5487	¡Hacer surf dentro de una ola mola!	¡Bucear dentro de una ola mola!	surf en una ola gigante	surf en una piscina
5494	Un hombre discapacitado va rodando rápido.	Un hombre discapacitado va rodando despacio.	discapacitado en silla de ruedas	discapacitado con muletas
5502	Las cajas pasan a almacenamiento.	Las cajas pasan a la basura.	cajas para almacenamiento	almacenamiento en el móvil
5506	Literalmente todo el mundo vino a este baile.	Literalmente nadie vino a este baile.	un baile callejero al atardecer	una clase de baile
