3645	Lejos de casa, una foto familiar en su escritorio.	Lejos de casa, el perro de la familia en su escritorio.	una foto familiar en el espacio	un álbum de fotos familiar
3647	Está limpiando la luna con un paño.	Está limpiando el sol con un paño.	limpiando la luna con un paño	limpiando la visera del casco
3653	¡Está arreglando la luna!	¡Está arreglando el sol!	arreglando una luna rota	arreglando una rueda pinchada
3658	Un día tan ventoso que el árbol se rindió.	Un día tan lluvioso que el árbol se rindió.	un día ventoso en la Patagonia	tiempo ventoso en el mar
3663	La llama te está echando el ojo.	La cabra te está echando el ojo.	una llama en una cresta	una llama en un establo
3671	Tiene los brazos extendidos.	Tiene los brazos cruzados.	extender los brazos	cruzar los brazos
3673	Hay seis globos aerostáticos en el aire.	Hay dos globos aerostáticos en el aire.	globos aerostáticos al amanecer	globos aerostáticos de noche
3676	Vistas a la bahía, atardecer incluido.	Vistas a la bahía, nieve incluida.	una bahía curva color turquesa	una bahía llena de barcos
3685	¡Cuántos globos aerostáticos!	¡Cuántos helicópteros!	globos aerostáticos sobre rocas	globos aerostáticos sobre el mar
3706	¡La montaña rusa asusta a todos!	¡La noria asusta a todos!	una familia en una montaña rusa	una familia junto a una montaña rusa
3709	El chef está probando la sopa.	El chef está probando la ensalada.	probando la sopa	probando el vino
3718	Sudadera con capucha, bomber y gafas de sol: puro estilo.	Sudadera con capucha, bomber y gorra: puro estilo.	sudadera con capucha bajo una bomber	poniéndose la capucha
3724	El vestido de la mujer es de colores vivos.	El vestido de la mujer es negro.	una mujer con colores vivos	una mujer con colores oscuros
3733	La cola del escorpión está levantada.	La cola del escorpión está bajada.	la cola curvada de un escorpión	un escorpión bajo una roca
3734	Ese cuerno es muy grande. Hala.	Ese cuerno es muy pequeño. Hala.	un cuerno enorme en espiral	tocando un cuerno
3735	Mira, la suricata está sonriendo.	Mira, la suricata está llorando.	una suricata erguida	una suricata cavando un hoyo
3740	Ella tiene un flotador.	Ella tiene una tabla de surf.	corriendo con un flotador	sentada en un flotador
3741	Qué tulipanes más naranjas, tío.	Qué tulipanes más morados, tío.	cuatro tulipanes naranjas	tulipanes en un jardín
3747	¡El cachorro tiene un millón de manchas!	¡El gato tiene un millón de manchas!	manchas negras sobre pelo blanco	una mancha en una camisa
3750	Un unicornio junto al estanque.	Un dragón junto al estanque.	un estanque tranquilo en el bosque	un estanque lleno de patos
3767	¡Estos aficionados hasta limpian!	¡Estos jugadores hasta limpian!	limpiar las gradas	limpiar tu habitación
3770	El cuervo mira a la derecha.	El cuervo mira a la izquierda.	un cuervo negro y brillante	un cuervo en pleno vuelo
3772	¡Este dragón es de hielo!	¡Este dragón es de fuego!	la cara de un dragón de hielo	un dragón escupiendo fuego
3777	¡Sus alas están en llamas!	¡Sus alas están en el agua!	alas bien extendidas	alas bien plegadas
3779	El pobre juguete está solito.	El pobre perro está solito.	un conejo de juguete viejo	un coche de juguete viejo
3797	¡Haciendo el pino en el agua, qué crack!	¡Haciendo el pino en la nieve, qué crack!	el pino en agua poco profunda	el pino en la playa
3803	¡Un dragón está abrazando la torre!	¡Una serpiente está abrazando la torre!	un dragón alrededor de la torre	una alta torre de agua
3806	La bebida lleva dos cerezas.	La bebida lleva tres cerezas.	dos cerezas en un rabito	un bol de cerezas
3809	¡Un salvavidas le ayudará!	¡Un chaleco salvavidas le ayudará!	pidiendo ayuda desde abajo	ayuda con los deberes
3813	Mira a lo largo del sendero.	Mira a lo largo del río.	un sendero pintado de colores	un sendero embarrado en el bosque
3825	La Tierra se ve diminuta desde el espacio.	Marte se ve diminuto desde el espacio.	la Tierra vista desde el espacio	un espacio para aparcar
3827	¡Hay un monstruo justo detrás de él!	¡Hay un dragón justo detrás de él!	un monstruo detrás del chico	un monstruo debajo de la cama
3828	El chimpancé y la cerilla: mala idea.	El chimpancé y el cuchillo: mala idea.	una cerilla encendida en la mano	una vela encendida en la mano	FP pun (match = football match) does not exist in Spanish; used a similar-looking object instead
3832	¡Los fuegos artificiales están estallando!	¡Los globos están estallando!	fuegos artificiales en el cielo nocturno	fuegos artificiales en una tienda
3841	¡La ropa está volando por todas partes!	¡Los zapatos están volando por todas partes!	ropa flotando en el aire	ropa en la lavadora
3842	Está tirando un vaso.	Está tirando una bolsa.	tirar un vaso	tirar una pelota
4001	¡Este caza hace tostadas!	¡Este caza hace café!	un caza tostadora	un caza en un portaaviones	FP pun (boxing fighter) does not work with caza; used a wrong-setting fighter jet
4002	¿El pino sobre la mesa? ¡Qué equilibrio!	¿El pino sobre el sofá? ¡Qué equilibrio!	manteniendo el equilibrio en una mesa	perdiendo el equilibrio en el hielo
4003	Dos pares de pantuflas de monstruo.	Dos pares de botas de monstruo.	un par de pantuflas amarillas	un par de guantes amarillos
4004	El avión está calentando pan. Lo normal.	El avión está calentando sopa. Lo normal.	calentando pan en un avión	calentando sopa en el fuego
4005	¿Pared congelada? Sin problema.	¿Pared de roca? Sin problema.	escalando una pared congelada	un lago congelado para patinar
4006	El agua es transparente.	El agua es verde oscuro.	agua de lago transparente	una bolsa de plástico transparente
4007	Se tiró a la oscuridad, tío.	Se tiró a la piscina, tío.	una voltereta en la oscuridad	miedo a la oscuridad
4008	¡Está sacudiendo el manzano!	¡Está trepando al manzano!	sacudiendo una rama	sacudiendo una alfombra	FP pun (shaking hands) does not use sacudir in Spanish; swapped the object
4009	Los patos van en fila como en una excursión del cole.	Las gallinas van en fila como en una excursión del cole.	patos en una larga fila	patos en un pequeño estanque
4010	¡Escala como una profesional!	¡Nada como una profesional!	escalar un acantilado blanco	subir una escalera de mano
4011	¡Los pandas son su público!	¡Los monos son su público!	un público de pandas	un público de niños
4013	Un iceberg pasa junto a la cubierta. ¡Vibras de Titanic!	Una ballena pasa junto a la cubierta. ¡Vibras de Titanic!	botas en una cubierta de madera	botas en un muelle de madera	FP pun (deck of cards) does not exist with cubierta; used a similar wooden surface
4014	La maleta va rodando.	La bici va rodando.	rodando por un aparcamiento	rodando cuesta abajo
4015	¡Las ovejas saltan a la orilla!	¡Las cabras saltan a la orilla!	ovejas en la orilla del río	ovejas delante de un banco
4016	El gato le dice que no a la bañera.	El perro le dice que no a la bañera.	un gato encima de la bañera	un gato dentro de la bañera
4017	El farol rojo brilla.	El farol azul brilla.	un farol de papel encendido	una farola encendida
4018	¡Dos perros van en un escúter!	¡Dos gatos van en un escúter!	perros en un escúter verde	perros en una bici verde
4019	Este cachorro lleva el aro más top.	Este gatito lleva el aro más top.	un aro rosa para nadar	un anillo de diamantes
4020	El perro está observando una rana.	El perro está observando un pez.	observar la rana	ver la tele
4021	¿Cortamos la tarta? ¡Yo primero!	¿Cortamos el pan? ¡Yo primero!	cortando la tarta en cuadrados	cortando la tarta por la mitad
4022	Solo un paseíto sobre un avión que vuela.	Solo un paseíto sobre un tren en marcha.	volar sobre una ciudad	volar sobre el mar
4023	Diversión a tope en un barco.	Diversión a tope en un autobús.	diversión en el río	diversión en la playa
4024	¡Toda la granja lo está siguiendo!	¡Toda la granja la está siguiendo!	animales siguiendo a un hombre	animales siguiendo a un perro
4025	Tío, el gatito lo está persiguiendo.	Tío, el cachorro lo está persiguiendo.	persiguiendo una pelota verde	persiguiendo un pájaro verde
4026	El agua está lisa como un cristal.	La carretera está lisa como un cristal.	deslizándose sobre agua lisa	un aterrizaje suave
4027	¿Quién se ha comido la tarta? ¿La vaca?	¿Quién se ha comido la tarta? ¿El perro?	una tarta de manzana dorada	un gráfico de tarta en el trabajo
4028	¡El bulldog gira como un pro!	¡El bulldog salta como un pro!	girar en monopatín	girar en patines	FP pun (turn on the TV) does not use girar; swapped the vehicle
4029	¡La botella lo golpeó y lo tiró!	¡La pelota lo golpeó y lo tiró!	tirado de un bloque de un golpe	golpeando una puerta
4030	Se dio un baño en el parque.	Se echó una siesta en el parque.	un estanque en un parque	un parque de skate
4031	¡La pelota cayó justo en la parte superior!	¡La pelota cayó justo encima de él!	la parte superior de la pila	el estante superior
4032	¡Qué desorden más verde!	¡Qué desorden más rojo!	un desorden de slime verde	un dormitorio en desorden
4033	¡Primer intento con un palo de golf!	¡Primer intento con un palo de hockey!	dando un golpe con el palo de golf	un club de golf para socios
4034	Descalzo y un montón de trampas. Genial.	Con botazas y un montón de trampas. Genial.	decenas de trampas para ratones	una trampa para osos
4035	Da un paso sobre el agua.	Da un paso sobre el fuego.	dar un paso sobre bloques flotantes	dar un paso hacia un tren en marcha
4036	¡Una gran sonrisa para la cámara!	¡Una gran sonrisa para el perro!	una sonrisa para la foto	una sonrisa para el dentista
4037	Alguien ha cocinado una tortilla francesa.	Alguien ha cocinado una tortita.	cocinando una tortilla francesa	cocinando pasta
4038	Se aman con locura, fijo.	Se odian con locura, fijo.	amarse el uno al otro	amar los coches rápidos
4039	Se arrastró, pero ganó la banda elástica.	Corrió, pero ganó la banda elástica.	arrastrándose sobre manos y pies	arrastrándose bajo una cama
4040	La comida de ella: ensalada. La de él: una hamburguesa gigante.	La comida de ella: pizza. La de él: una hamburguesa gigante.	una comida en la playa	una comida en la cocina
4041	Ella lo miró. Compraron de todo.	Ella lo miró. No compraron nada.	comprando en un gran centro comercial	comprando comida en un mercado
4042	Están fuera de una tienda.	Están dentro de una tienda.	fuera de una tienda iluminada	una tienda llena de cocos
4043	La sorprendió con peonías.	La sorprendió con un anillo.	sorprendiéndola con flores	una fiesta sorpresa de cumpleaños
4044	Está practicando golf.	Está practicando tenis.	practicar de noche	practicar piano
4045	¡Encontró su móvil!	¡Encontró su cartera!	encontrando un móvil perdido	encontrando un perro perdido
4046	Se niega. Respuesta final.	Acepta. Respuesta final.	negándose con el dedo	negándose a cenar
4047	Unas vacaciones perfectas, pero él sigue con el móvil en la mano.	Unas vacaciones perfectas, pero él sigue con el libro en la mano.	vacaciones en la playa	vacaciones en la nieve
4048	¡Instalaron una ducha en una furgoneta!	¡Instalaron una bañera en una furgoneta!	instalando placas solares	instalando una app nueva
4049	¡Menuda carga lleva a hombros!	¡Menuda carga lleva en la bici!	llevando una carga enorme	llevando una carga de ladrillos
4050	Los amigos tienen un perro.	Los amigos tienen un gato.	amigos junto a una hoguera	amigos en un bar
4051	Un camión lleva una moto.	Un camión lleva una bici.	una moto eléctrica	un casco de moto
4052	Están grabando otra vez. ¿Toma diez?	Están bailando otra vez. ¿Toma diez?	grabando con el móvil	grabando una canción
4053	¡Hasta el maíz es una tarta!	¡Hasta la zanahoria es una tarta!	una tarta con forma de maíz	un campo de maíz al atardecer
4054	El perro trabaja hasta tarde con el teclado. ¿Ascenso a la vista?	El gato trabaja hasta tarde con el teclado. ¿Ascenso a la vista?	patas sobre un teclado	un teclado de piano
4055	¿Dinosaurios? ¡El husky dice que nanai!	¿Dinosaurios? ¡El gato dice que nanai!	un perro y dos dinosaurios	un perro y dos gatos
4056	¡Qué celebración más espumosa!	¡Qué celebración más tranquila!	una celebración con champán	una celebración de cumpleaños
4057	¡Está empapada de cola!	¡Está empapada de agua!	una botella de cola	un vaso de cola
4058	¡Viaje de una noche, diez maletas!	¡Viaje de una noche, dos maletas!	haciendo la maleta para un viaje corto	tropezar con una maleta
4059	Un plátano no puede alimentar a tres babuinos.	Un plátano no puede alimentar a tres cebras.	alimentando a los babuinos	alimentando a los patos
4060	¡Buena corriente, pero eso es una cascada!	¡Buena corriente, pero eso es un puente!	la corriente del río	el flujo del tráfico
4061	¡Mira la mandíbula de ese tiburón!	¡Mira la mandíbula de esa ballena!	una mandíbula llena de dientes	una mandíbula sin dientes
4062	El tío está agarrando la barra de la cometa.	El tío está agarrando la barandilla del barco.	agarrando la barra de una cometa	agarrando un volante
4063	¡Las correas lo soltaron!	¡El avión lo soltó!	soltado entre las nubes	soltando un pájaro
4064	El nido está en lo alto de un palo.	El nido está en lo alto de un árbol.	un nido en un palo	una bandera en un palo
4065	El conductor es un perro. Por favor, abróchense el cinturón.	El conductor es un gato. Por favor, abróchense el cinturón.	un perro de conductor	un perro de pasajero
4066	Un loro recorre la tierra roja. Un crack.	Un loro recorre la arena mojada. Un crack.	una pista de tierra roja	tierra en una camisa blanca
4067	El lago refleja los árboles.	El lago refleja la ciudad.	un lago que refleja los árboles	imitar sus pasos de baile
4068	¡Está acariciando un tiburón!	¡Está acariciando un delfín!	acariciando el lomo de un tiburón	montando en el lomo de un tiburón
4069	El pollito sostiene una vara.	La paloma sostiene una vara.	una fina vara de pescar	la paloma sosteniendo una vara
4070	¡Dos paracaidistas están en el ala!	¡Dos paracaidistas están en la cola!	colgando bajo el ala	sentados en el ala
4071	¡Salta desde un barco hundido!	¡Salta desde un puente!	saltando al mar	saltando a una piscina
4072	Tres mujeres, laguna secreta.	Tres hombres, laguna secreta.	una laguna turquesa	una laguna llena de barcos
4073	Drama: la gallina tiene un palo.	Drama: la gallina tiene una cuchara.	blandiendo un palo de madera	lanzando un palo de madera
4074	El sol está detrás de ella.	La luna está detrás de ella.	el sol sobre una laguna	el sol sobre una ciudad
4075	Tiburones por todas partes: ¿peligro? ¿Qué peligro?	Delfines por todas partes: ¿peligro? ¿Qué peligro?	peligro a su alrededor	peligro en la carretera
4076	¡Están saltando por la puerta!	¡Están saltando por la ventana!	la puerta abierta de un helicóptero	la puerta abierta de un coche
4077	Una paloma sigue dormida.	Las dos palomas siguen dormidas.	dormida en un nido	dormida en un banco
4078	¡Siete almohadas para una sola persona!	¡Siete mantas para una sola persona!	una fila de almohadas blancas	una pila de toallas blancas
4079	El río se precipita a toda pastilla. ¡Brutal!	Los coches se precipitan a toda pastilla. ¡Brutal!	precipitándose río abajo	corriendo al aeropuerto
4080	¡Las gomas estaban en su muñeca!	¡Las gomas estaban en el cajón!	gomas del pelo en la muñeca	un reloj en la muñeca
4081	Piernas fuera de un helicóptero sobre las cimas. Paso.	Piernas fuera de un avión sobre las cimas. Paso.	cimas nevadas desde arriba	una cima con una cruz
4082	Ella está colgada al revés.	Él está colgado al revés.	colgando al revés	poniendo el avión al revés
4083	Un carlino «pequeño» se ha pedido el medio.	Un gato «pequeño» se ha pedido el medio.	el medio de la cama	el medio del sofá
4084	¡Le está creciendo pelo en la cabeza!	¡Le está creciendo pelo en la barbilla!	pelo en una cabeza calva	una cabeza de ajo
4085	Ella lo cambió por completo.	Él la cambió por completo.	cambiarse y ponerse un traje	cambiar la rueda de un coche
4086	El mosquito le va a picar.	La araña le va a picar.	picando a un hombre dormido	picando a un perro dormido	loc morder is wrong for mosquitoes in Spanish (they pican); used picar
4087	Los gatos se toman su trabajo muy en serio.	Los perros se toman su trabajo muy en serio.	gatos trajeados en el trabajo	gatos trajeados en el colegio
4088	Esta cascada es muy ancha. No te acerques más.	Este puente es muy ancho. No te acerques más.	el borde de una cascada ancha	un puente ancho sobre el río
4089	¡Los pulpos están bailando!	¡Los cangrejos están bailando!	pulpos bailando en una discoteca	pulpos escondidos en la arena
4090	¡El cohete sube muy rápido!	¡El avión sube muy rápido!	el cohete subiendo rápido	el sol saliendo al amanecer
4091	¡El hielo se está agrietando bajo ella!	¡El hielo se está agrietando bajo él!	hielo agrietándose bajo sus pies	cascando huevos sobre el hielo
4092	¡Va en bici escaleras abajo!	¡Va en bici escaleras arriba!	abajo por las escaleras del acantilado	abajo por la pista de esquí
4093	Hala, la luna es muy redonda.	Hala, la luna es muy roja.	una luna gris y redonda	un plato gris y redondo	FP pun (round of applause) does not use redondo; used a similar-looking round object
4094	Los sacos de pienso son de colores.	Los sacos de pienso son todos blancos.	sacos de pienso para animales	sacos de patatas
4095	¡Una cámara diminuta grabó esta película!	¡Una cámara enorme grabó esta película!	rodando una película	una sala de cine
4096	La tortuga es libre y ni siquiera da las gracias.	El tiburón es libre y ni siquiera da las gracias.	una tortuga libre por fin	una tortuga gratis
4097	Va superrápido, tío.	Va superlento, tío.	bajar rápido una cuesta	bajar despacio una cuesta	FP pun (to fast = not eat) does not exist in Spanish; used the opposite speed
4098	Dos vacas cortan el camino. Qué maleducadas.	Dos ovejas cortan el camino. Qué maleducadas.	vacas en medio del camino	el camino a la playa
4099	¡El perro está de vuelta en lo alto!	¡El gato está de vuelta en lo alto!	de vuelta en los colchones	de vuelta en el sofá
4100	¡Ese agujero lo hizo el muelle, no yo!	¡Ese agujero lo hizo el gato, no yo!	un agujero en el techo	un agujero en su calcetín
4101	Un artista está mostrando una cola.	Un artista está mostrando una bandera.	mostrando una cola de pavo real gigante	mostrando una bandera blanca
4102	¡La luz del sol lo está llamando!	¡La lluvia lo está llamando!	luz del sol tras la ventana	luz del sol en la oficina
4103	Al cachorro se le acabó la paciencia.	Al gatito se le acabó la paciencia.	la paciencia de un cachorro	paciencia con un gatito
4104	Un beso y se pone como un tomate.	Un beso y se pone como un fantasma.	un beso en la mejilla	un beso en la mano
4105	Su novio le trajo flores.	Su novio le trajo una tarta.	un novio con flores	un novio con un anillo
4106	El perro hambriento lo está robando.	El gato hambriento lo está robando.	un perrito hambriento	un hombre hambriento comiendo solo
4107	¡Cubrieron un elefante y salió un tigre!	¡Cubrieron un elefante y salió un león!	cubrir al elefante	cubrir al tigre
4108	Su coche lo dice: es el marido de ella.	Su coche lo dice: es el hermano de ella.	un marido en un coche	un marido lavando un coche
4109	Dos perros están de chill en el césped.	Dos gatos están de chill en el césped.	perros en un césped verde	cortando el césped
4110	¡El payaso no esperaba un tigre!	¡El payaso no esperaba un león!	la peluca naranja del payaso	la peluca morada del payaso
4111	El carnero es su compañero de trabajo más molesto.	El perro es su compañero de trabajo más molesto.	un carnero molesto	una mosca molesta
4112	Un agujero limpio en el bloque.	Un agujero limpio en la puerta.	taladrando un bloque	un bloque de queso
4113	¡Drama de joyas en la calle!	¡Drama de joyas en la tienda!	joyas rosas en una paloma	joyas rosas en un escaparate
4114	Normas del centro comercial: ella compra, él carga.	Normas del centro comercial: él compra, ella carga.	bolsas del centro comercial	el parking de un centro comercial
4115	Dos turistas se lo están pasando genial. ¡Qué monos!	Dos turistas están comiendo. ¡Qué monos!	turistas de noche	turistas en un autobús
4116	¡Su coche es muy pequeño!	¡Su coche es muy grande!	un pequeño coche burbuja rojo	un pequeño barco rojo
4117	Solo una pequeña búsqueda.	Solo una pequeña siesta.	la búsqueda de un móvil	la búsqueda de un perro
4118	Esta pista ofrece vistas a la montaña.	Esta pista ofrece unas preciosas vistas al mar.	una pista en la montaña	una pista junto al mar
4119	El hombre de piedra se derrumbó. DEP.	El perro de piedra se derrumbó. DEP.	una figura de piedra derrumbándose	un puente de piedra derrumbándose
4120	Una tabla para cascar nueces.	Una tabla para cascar huevos.	una tabla con un agujero	una tabla para cortar pan
4121	¡Qué escena más explosiva!	¡Qué escena más romántica!	una escena de acción explosiva	una escena de peli romántica
4122	Vino a robar al banco equivocado.	Vino a robar a la tienda equivocada.	robar un banco	robar un tren
4123	¿Lágrimas por un sobresaliente? ¿En serio?	¿Lágrimas por un suspenso? ¿En serio?	lágrimas por un sobresaliente	lágrimas de risa
4124	Una furgoneta, un perro y buenos amigos.	Una furgoneta, un gato y buenos amigos.	la vida en una furgoneta camper	de mudanza con una furgoneta
4125	¡Hay un elefante en el escenario!	¡Hay un caballo en el escenario!	un elefante en el escenario	un cantante en el escenario
4126	¡Miles de edificios están iluminados!	¡Miles de edificios están a oscuras!	edificios iluminados junto a un puerto	edificios antiguos junto a un lago
4127	El pelo del lémur es tan suave.	El pelo del lémur es tan negro.	pelo blanco y suave	pan blanco y suave
4128	Al cachorro le encanta este patio.	Al gatito le encanta este patio.	un cachorro en el patio	un cachorro en la calle
4129	El cachorro deja el hogar.	El cachorro vuelve al hogar.	dejando el hogar con sombrero	volviendo al hogar con sombrero
4130	¡El gato le dejó la cabeza plana!	¡El perro le dejó la cabeza plana!	un gorila con la cabeza plana	un gato con la cabeza plana
4131	La tienda usa mucho verde.	La tienda usa mucho rojo.	una pared pintada de verde	un green de golf
4132	¡El gato está cepillando a un león!	¡El perro está cepillando a un león!	cepillando una melena mojada	cepillándose los dientes
4133	El perro es el segurata de la nevera.	El gato es el segurata de la nevera.	tumbado junto a la nevera	abriendo la nevera
4134	El erizo gordo perdió todas sus púas. No está contento.	El conejo gordo perdió todo su pelo. No está contento.	un erizo gordo y redondo	un gato gordo y gris
4135	¡Chutó la pelota y luego saltó fuera del campo!	¡Atrapó la pelota y luego saltó fuera del campo!	chutando la pelota a portería	atrapando la pelota con las manos
4136	Hacer ejercicio con cuatro perros no es fácil.	Hacer ejercicio con cuatro gatos no es fácil.	hacer ejercicio con perros	hacer ejercicio en un parque
4137	¡Cuánto amarillo en una sola habitación!	¡Cuánto verde en una sola habitación!	un vestido amarillo chillón	una habitación pintada de amarillo
4138	Está acariciando al perro viejo.	Está acariciando al gato viejo.	acariciar a un perro viejo	pasear a un perro viejo
4139	Sube por un sendero estrecho.	Sube por una escalera empinada.	un sendero estrecho de tierra	un sendero por el desierto
4140	Salta desde una cornisa. ¿Aventura o mala idea?	Salta desde un barco. ¿Aventura o mala idea?	una aventura con amigos	una película de aventuras
4141	Cinco colegas están tumbados al sol.	Cinco colegas están tumbados en el barro.	tumbado en la hierba	mintiendo a sus amigos
4142	Le está lloviendo encima. ¡Qué guay!	Le está nevando encima. ¡Qué guay!	girando mientras llueve	escondiéndose mientras llueve
4143	Psst, hay un mapache en el cubo de basura.	Psst, hay un gato en el cubo de basura.	un mapache en un cubo	un mapache sobre un cubo
4144	A los hurones les encanta el tubo.	A los gatos les encanta el tubo.	hurones en un tubo	un tubo de pasta de dientes
4145	¡Se lanza a por la pelota!	¡Se lanza a por el frisbi!	lanzándose a por la pelota	lanzándose desde un barco
4146	Demasiado agotado para quitarse los zapatos.	Demasiado agotado para quitarse la camiseta.	agotado en la arena mojada	agotado en un baño caliente
4147	Se está dando prisa. ¿Y esa señal?	Está durmiendo. ¿Y esa señal?	darse prisa para llegar al coche	darse prisa para llegar al bus
4148	Lujo puro: un deportivo rojo.	Lujo puro: una moto roja.	un deportivo de lujo	una habitación de hotel de lujo
4149	¡Aterrizó sobre un gigante dormido!	¡Aterrizó sobre un oso dormido!	aterrizando sobre un gigante	luchando contra un gigante
4150	El coche verde corre a toda pastilla.	El coche rojo corre a toda pastilla.	corriendo por una carretera comarcal	corriendo por una autopista
4151	Este arte sobre ruedas es muy rosa.	Este arte sobre ruedas es muy verde.	arte rosa sobre un coche	arte en un museo
4152	El remolque esconde un vehículo.	El remolque esconde un caballo.	un vehículo dentro de un remolque	un vehículo en un ferri
4153	Un coche azul en la autopista.	Un coche rojo en la autopista.	una autopista hacia las montañas	una autopista hacia el mar
4154	Deporte nocturno en pista de tierra batida.	Deporte nocturno en pista de hierba.	deporte bajo los focos	deporte en la tele
4155	Los platos ya están «limpios».	Las tazas ya están «limpias».	un plato blanco y limpio	una toalla blanca y limpia
4156	¡Un robot se nos está acercando!	¡Un perro se nos está acercando!	acercándose a la cámara	acercándose a la piscina
4157	Todos corren, pero su cartel gana.	Todos corren, pero su perro gana.	corriendo junto a un cartel gracioso	corriendo en un deportivo
4158	Ese pez es gigante. Hala.	Ese pez es diminuto. Hala.	un pez gigante sonriente	una nutria gigante sonriente
4159	¡Qué alto sobre el valle!	¡Qué alto sobre la ciudad!	en lo alto sobre el valle	en lo alto sobre las nubes
4160	¡Puf! El coche rojo desapareció.	¡Puf! La furgoneta roja desapareció.	desaparecer en la arena	desaparecer en la nieve
4161	Las dos partes delanteras casi se tocan.	Las dos partes traseras casi se tocan.	la parte delantera de un coche	la parte delantera de una casa
4162	Un coche. Toda la plaza. Qué guay.	Un bus. Toda la plaza. Qué guay.	una plaza de piedra mojada	una plaza con puestos de mercado
4163	Está hablando de su coche.	Está hablando de su perro.	hablando de un coche	hablando con un coche
4164	El freno es grande y rojo.	El freno es grande y azul.	un freno grande y rojo	un botón grande y rojo
4165	Los árboles se difuminan a esta velocidad.	Las casas se difuminan a esta velocidad.	velocidad en una carretera de montaña	velocidad en un circuito
4166	Entra en ese coche rojo como una estrella.	Entra en ese coche azul como una estrella.	entrando en un deportivo rojo	entrando en una cabina roja
4167	Cueva oscura, salida luminosa.	Cueva oscura, sin salida.	la salida luminosa de una cueva	una señal de salida de autopista
4168	La tortuga lenta nunca se detiene.	La liebre lenta nunca se detiene.	una tortuga lenta	un caracol lento
4169	¡Le está echando una mirada al oso!	¡Le está echando un pez al oso!	una mirada al oso	una mirada al mapa
4170	¡La gallina salvó a su pollito!	¡La gallina salvó a su huevo!	salvar a un pollito	salvar a un gatito	FP pun (save money) uses ahorrar in Spanish; swapped the rescued animal
4171	El lobo se acerca reptando.	El zorro se acerca reptando.	un lobo acercándose reptando	un lobo huyendo
4172	La gallina protagonizó una huida digna de peli de acción.	El pato protagonizó una huida digna de peli de acción.	una huida del fuego	una huida de la cárcel
4173	La persecución terminó en un puente.	La persecución terminó en un granero.	una persecución sobre un puente	una persecución por un bosque
4174	¡La gallina defiende a sus pollitos como una superheroína!	¡La zorra defiende a sus pollitos como una superheroína!	defendiendo a sus pollitos	defendiendo sus huevos
4175	Psst, la gallina se está escabullendo.	Psst, el zorro se está escabullendo.	escabulléndose entre lobos dormidos	colándose en un gallinero
4176	Una luciérnaga brilla en un tarro.	Una vela brilla en un tarro.	una luciérnaga brillando	una lámpara brillando
4177	Los pollitos tienen la boca abierta.	Los pollitos tienen la boca cerrada.	pollitos con la boca abierta	pollitos con las alas abiertas
4178	La gallina es una donante generosa.	La zorra es una donante generosa.	una gallina generosa	un zorro generoso
4179	¡Es su cumpleaños número 100!	¡Es su cumpleaños número 50!	una tarta por el cumpleaños 100	un cumpleaños en la playa
4180	Confundió al caimán con un perro: sin gafas.	Confundió a la serpiente con un perro: sin gafas.	confundiendo a un caimán	confundiendo a un cachorro
4181	Le están ofreciendo una tarta.	Le están ofreciendo una pizza.	ofreciendo una tarta de cumpleaños	ofreciendo una taza de té
4182	¡Pintó todo el césped!	¡Pintó toda la casa!	pintando un cuadro gigante en el césped	pintando la valla de un jardín
4183	¡El regalo tiene un hombre dentro!	¡El regalo tiene un perro dentro!	un hombre dentro de un regalo	un reloj dentro de un regalo
4184	El cachorro trae la pelota de vuelta. ¿Quién necesita humanos?	El cachorro trae el zapato de vuelta. ¿Quién necesita humanos?	traer la pelota de vuelta	traer la pelota a casa
4185	Una taza está presionando el ratón.	Una taza está presionando los gofres.	una taza presionando un ratón	un plato presionando un ratón
4186	El perro vuelve con la pelota.	El perro vuelve con el zapato.	volver a la máquina	volver al coche
4187	¡Los loros se hacen los muertos!	¡Los loros juegan a la pelota!	loros haciéndose los muertos	loros jugando a las cartas
4188	Un esquiador, una ladera «pequeña».	Dos esquiadores, una ladera «pequeña».	una larga ladera nevada	una ladera con telesillas
4189	Cuenco vacío, queda una pastilla.	Cuenco vacío, quedan dos pastillas.	un cuenco de perro vacío	una nevera vacía
4190	El gato se encuentra con un león. Nada del otro mundo.	El perro se encuentra con un león. Nada del otro mundo.	encontrarse con un león	encontrarse con un tigre
4191	El cohete se alza sobre él.	El autobús se alza sobre él.	un cohete alzándose sobre él	una grúa alzándose sobre él
4192	Dato: esta águila está pescando.	Dato: este búho está pescando.	pescando con las patas	pescando con caña
4193	Batman necesita este garaje subterráneo.	Batman necesita esta piscina subterránea.	un garaje subterráneo	un tren subterráneo
4194	¡Menudo paseo en un jeep diminuto!	¡Menudo paseo en un barco diminuto!	un paseo en jeep de juguete	un paseo en barco de juguete
4195	¡El patinete se rompió en pedazos!	¡La bici se rompió en pedazos!	un patinete rompiéndose	romper un récord mundial
4196	Hay una vela en el cubo.	Hay una flor en el cubo.	una vela en un cubo	un cubo de agua
4197	¡Es tarde! ¡Corre!	¡Es temprano! ¡Corre!	despertarse tarde	acostarse tarde
4198	El agujero baja hondo bajo el agua. ¡Nos vemos en el fondo!	La cuerda baja hondo bajo el agua. ¡Nos vemos en el fondo!	cayendo hondo por un pozo	cavando hondo en la arena
4199	Arrastra los pies por el lago.	Arrastra las manos por el lago.	arrastrando los pies por el agua	arrastrando un barco al agua
4200	El mar se vuelve dorado al atardecer.	El mar se vuelve rojo al atardecer.	mar y cielo en dorado	un anillo de oro
4201	¡Fanfarrones! Las bicis se quedan en vertical.	¡Fanfarrones! Los coches se quedan en vertical.	bicis en vertical sobre una rueda	sentado muy recto en una silla
4202	Perros muy ocupados, barriga arriba.	Gatos muy ocupados, barriga arriba.	barriga arriba al sol	una barriga llena de comida
4203	Rescató a un tiburón. Héroe.	Rescató a un delfín. Héroe.	rescatando a un tiburón varado	rescatando a una ballena varada
4205	Lleva una margarita.	Lleva una rosa.	llevar una flor	llevar una semilla
4206	Hámster tiene insignia. Hámster es jefe.	Hámster tiene móvil. Hámster es jefe.	la insignia de un hámster	una insignia de policía
4207	Pizza entregada: ¡amor verdadero!	Tarta entregada: ¡amor verdadero!	entregando una caja de pizza	entregando cartas en bici
4208	Este hámster se comió todos los tentempiés.	Este conejo se comió todos los tentempiés.	tentempié tras tentempié	un tentempié para luego
4209	Un hámster está sumido en un sueño profundo.	Un gato está sumido en un sueño profundo.	un hámster en sueño profundo	una siesta en el suelo frío
4210	¡Tachán! Está sosteniendo un helado.	¡Tachán! Está sosteniendo zanahorias.	sosteniendo dos helados	sosteniendo dos zanahorias
4211	Este hámster cuida sus mejillas más que yo.	Este conejo cuida sus mejillas más que yo.	un hámster tocándose las mejillas	un hámster llenándose las mejillas
4212	Sus looks marrones combinan bien.	Sus looks rojos combinan bien.	conjuntos marrones a juego	un sofá de piel marrón
4213	¡Parecen reinas vestidas de rojo!	¡Parecen reinas vestidas de azul!	vestidas de rojo intenso	vino tinto en una copa
4214	Los dos empiezan de azul claro.	Los dos empiezan de verde oscuro.	una pareja de azul claro	cortinas azul claro
4215	Va de naranja y blanco.	Va de verde y blanco.	naranja con blanco	pelando una naranja
4216	Su vestido blanco es precioso.	Su vestido amarillo es precioso.	un vestido blanco de algodón	un vestido blanco de novia
4217	¡La policía va a por ese corgi!	¡La policía va a por ese gato!	la policía persiguiendo a un perro	la policía persiguiendo a un ladrón
4218	El corgi está forzando el motor a tope.	El gato está forzando el motor a tope.	un motor de tractor echando humo	un motor de coche echando humo
4219	La bestia vuela rápido.	La bestia nada rápido.	montando una bestia voladora	alimentando a una bestia voladora
4220	Está limpiando un coche blanco.	Está limpiando un coche negro.	limpiar la pintura	limpiar la casa
4221	El lagarto está de chill en el sofá.	El lagarto está de chill en la mesa.	cereales en el sofá	cereales en la mesa de la cocina
4222	Tío, el geco está saludando con la mano.	Tío, la rana está saludando con la mano.	saludando con la mano a la cámara	ondeando una bandera
4223	¡Demasiado picante! ¡Echa fuego!	¡Demasiado dulce! ¡Echa fuego!	guindillas rojas picantes	un curri picante con arroz
4224	Un lagarto está usando el baño.	Un lagarto está usando la cocina.	un lagarto en el baño	un lagarto limpiando el váter
4225	¡La comida es una esponja en un plato!	¡La comida es una zanahoria en un plato!	un plato blanco pequeño	un plato de queso
4226	¡El cocodrilo está cazando!	¡El dinosaurio está cazando!	un cocodrilo cazando	un dinosaurio cazando
4227	El control policial más amistoso de la historia.	El control policial más cabreado de la historia.	un policía amistoso	un dependiente amistoso
4228	¡Un helicóptero hasta la orilla, solo por huevos!	¡Un barco hasta la orilla, solo por huevos!	en la orilla cubierta de hierba	en la orilla de arena
4229	Alguien está liberando al mono.	Alguien está liberando al perro.	liberando a un mono congelado	liberando a un pájaro congelado
4230	Hay un perro en el asiento del conductor.	Hay un gato en el asiento del conductor.	el asiento del conductor	el asiento trasero
4231	¿Dos perros tras la ventanilla? Sospechoso.	¿Dos gatos tras la ventanilla? Sospechoso.	una ventanilla de camión empañada	una ventana de baño empañada	vehicle window = ventanilla in Spanish (diminutive of loc ventana)
4232	¡El delfín hizo un chute a lo Ronaldo en el espectáculo!	¡La foca hizo un chute a lo Ronaldo en el espectáculo!	un espectáculo de delfines	un delfín en la tele
4233	Puente de piedra: lo bastante fuerte para trenes.	Puente de madera: lo bastante fuerte para trenes.	un puente ferroviario de piedra	un túnel ferroviario de piedra
4234	Él le destrozó el armario a ella en segundos.	Ella le destrozó el armario a él en segundos.	un armario vestidor	un armario de cocina
4235	Qué bien lanza. Cero peces de momento.	Qué bien lanza. Tres peces de momento.	lanzar el sedal	proyectar una sombra larga
4236	Ella atrajo su atención.	Él atrajo su atención.	atrayendo su atención	atrayendo nuevos clientes
4237	Mira, el chico está en un granero.	Mira, el chico está en una cocina.	un caballo en un granero	un caballo en un prado
4238	¿Sin horno? Asaron costillas sobre una piedra.	¿Sin horno? Asaron pescado sobre una piedra.	costillas de cordero asadas	pollo asado
4239	El mejor taxi del mundo: una gaviota sobre el puerto.	El mejor taxi del mundo: un dragón sobre el puerto.	volando sobre un puerto concurrido	un puerto lleno de yates
4240	Veo dos perros idénticos.	Veo dos gatos idénticos.	dos huskies idénticos	dos gatos idénticos
4241	¡Está pilotando entre las nubes!	¡Está pilotando entre la nieve!	pilotando entre nubes	pilotando un helicóptero
4242	¿Una verja? El gato pasa igualmente.	¿Una verja? El perro pasa igualmente.	pasando por una verja	pasar la pelota
4243	Alguien está pagando con tarjeta.	Alguien está pagando en efectivo.	pagando un perrito caliente	pagando una pizza
4244	¡El toro está embistiendo el coche!	¡El caballo está embistiendo el coche!	un toro embistiendo un coche	cargando la batería de un coche
4245	¡Se deslizan gratis!	¡Esquían gratis!	deslizándose por un canal de agua	deslizándose por una colina nevada
4246	El pavo real es todo azul.	El pavo real es todo verde.	un pavo real en azul	un loro en azul
4247	¡Unos chicos saltan a un pozo!	¡Unos chicos saltan a un lago!	chicos saltando a un pozo	chicos bebiendo de un pozo
4248	La ola de la piscina cubierta ganó esta vez.	La ola del océano ganó esta vez.	una piscina de olas cubierta	una clase de natación cubierta
4249	¡Voy sobre la espalda de un dragón!	¡Voy sobre la espalda de un caballo!	la espalda de un dragón	la espalda de un caballo
4250	El perro destrozó el almacén.	El gato destrozó el almacén.	un perro en un almacén	un almacén lleno de coches
4251	¿Su espacio? Una balda vacía.	¿Su espacio? Una balda llena.	espacio para su ropa	espacio para un coche
4252	Trabajo en equipo: uno bebe a sorbitos, el otro frota el hormigón.	Trabajo en equipo: uno bebe a sorbitos, el otro frota la piscina.	frotando un patio de hormigón	echando hormigón fresco
4253	Están lavando al hombre de barro.	Están lavando al perro de barro.	lavando el barro espeso	lavando los platos
4254	Hay una paloma en el mostrador.	Hay una paloma en el tejado.	una paloma en el mostrador	un mostrador de banco
4256	Al canguro lo están rascando y le encanta.	Al koala lo están rascando y le encanta.	rascando a un canguro	rascando la puerta de un coche
4257	La tortuga está en un abrazo apretado.	El pez está en un abrazo apretado.	un abrazo apretado de panda	un abrazo apretado bajo el agua
4258	Un cervatillo está en un tobogán de acero.	Un cervatillo está en un tobogán de madera.	un largo tobogán de acero	un largo puente de acero
4259	Esta oveja tiene cara de lunes.	Esta vaca tiene cara de lunes.	una cara de oveja enfadada	una cara de oveja feliz
4260	El perro ignora la figura.	El perro le ladra a la figura oscura.	una figura en la puerta	una figura en la ventana
4261	Es un día soleado en la piscina.	Es un día lluvioso en la piscina.	una piscina de jardín soleada	una playa soleada
4262	La playa está llena de fauna.	La playa está llena de gente.	fauna en la orilla	fauna en un zoo
4263	¡Hala! Los pájaros la admiran.	¡Hala! Los pájaros la ignoran.	admirar un pájaro rosa	admirar una tarta rosa
4264	Voleibol callejero, sin red.	Voleibol de playa, sin red.	voleibol en una calle tranquila	voleibol en la playa
4265	Un abrazo está calmando al loro.	Una canción está calmando al loro.	calmar a un loro enfadado	calmar a un bebé que llora
4266	¡Qué perro tan enérgico!	¡Qué gato tan enérgico!	un perro enérgico corriendo	un perro enérgico nadando
4267	Nuevo look: el perro está de lo más pulcro.	Nuevo look: el gato está de lo más pulcro.	un pelaje redondo y pulcro	una fila pulcra de perros
4268	El perro es más aficionado que tú, en serio.	El gato es más aficionado que tú, en serio.	un perro aficionado al fútbol	un ventilador para días de calor
4269	¡La tierra seca está bebiendo rápido!	¡La arena seca está bebiendo rápido!	regando tierra seca	barriendo hojas secas
4270	Desacelera por un pato.	Desacelera por un perro.	desacelerar por un pato	desacelerar en un semáforo
4271	¡El atleta es rapidísimo!	¡El atleta es lentísimo!	un atleta a toda velocidad	un atleta en la meta
4272	¡Se está poniendo más joyas de oro!	¡Se está poniendo más joyas de plata!	aros de oro	una medalla de oro
4273	Aquí hubo una colisión.	Aquí hubo un concierto.	una colisión en un cruce	una colisión en una autopista
