tts/236/a71_caption1_ava_b862c91c.m4a	-19.2
tts/236/a71_caption3_ava_36c5834d.m4a	-18.7
tts/236/a71_phrase1_ava_31c44e3f.m4a	-19.3
tts/236/a71_story1_ava_0af8144d.m4a	-19.0
tts/236/a71_story2_ava_2ee719f2.m4a	-19.0
tts/236/a71_story3_ava_808ef228.m4a	-19.0
tts/62/a71_caption1_evan_67410704.m4a	-19.4
tts/62/a71_caption3_evan_13a86069.m4a	-19.0
tts/62/a71_phrase3_evan_fbdb3fe2.m4a	-19.0
tts/62/a71_story1_evan_0c69d2de.m4a	-19.0
tts/62/a71_story2_evan_01315453.m4a	-19.5
tts/62/a71_story3_evan_4b1bae9a.m4a	-19.0
tts/7071/a71_caption2_nathan_de716a8e.m4a	-18.7
tts/7071/a71_caption3_nathan_7e155648.m4a	-18.6
tts/7071/a71_story1_nathan_d4329316.m4a	-19.1
tts/7071/a71_story2_nathan_47cc60c2.m4a	-19.0
tts/7071/a71_story3_nathan_60fb439f.m4a	-19.0
tts/8039/a71_caption1_ava_909ceb06.m4a	-19.0
tts/8039/a71_caption2_ava_5350a698.m4a	-19.0
tts/8039/a71_noun2_ava_c2befb87.m4a	-19.1
tts/8039/a71_noun3_ava_fe7d483e.m4a	-19.0
tts/8039/a71_phrase1_ava_20c7b750.m4a	-19.0
tts/8039/a71_phrase2_ava_608ff980.m4a	-19.0
tts/8039/a71_phrase3_ava_8eed21a6.m4a	-19.0
tts/8039/a71_story1_ava_49439511.m4a	-19.0
tts/8039/a71_story2_ava_1f0d601e.m4a	-19.1
tts/8039/a71_story3_ava_212ba37b.m4a	-19.0
tts/8055/a71_caption2_evan_deb61b07.m4a	-18.8
tts/8055/a71_phrase1_evan_142a5b04.m4a	-19.0
tts/8055/a71_story1_evan_d2cc1ba2.m4a	-19.0
tts/8055/a71_story2_evan_7ad6b255.m4a	-19.0
tts/8055/a71_story3_evan_26226d91.m4a	-19.5
tts/8056/a71_caption3_nathan_1f38d8b1.m4a	-18.9
tts/8056/a71_noun3_nathan_f2d96a2f.m4a	-19.1
tts/8056/a71_phrase3_nathan_a60ca7d9.m4a	-19.5
tts/8056/a71_story1_nathan_00861c64.m4a	-18.9
tts/8056/a71_story1_nathan_59501692.m4a	-19.1
tts/8056/a71_story2_nathan_1493222e.m4a	-19.3
tts/8056/a71_story3_nathan_d646602d.m4a	-19.1
tts/900001/a71_caption2_zoe_b33b1d59.m4a	-19.0
tts/900001/a71_caption3_zoe_4cad997f.m4a	-19.0
tts/900001/a71_noun3_zoe_b068f5b7.m4a	-19.4
tts/900001/a71_phrase1_zoe_06f2b35c.m4a	-19.0
tts/900001/a71_phrase2_zoe_d567fa78.m4a	-19.0
tts/900001/a71_phrase3_zoe_f7ac4d29.m4a	-19.0
tts/900001/a71_story1_zoe_e493eae2.m4a	-19.1
tts/900001/a71_story2_zoe_86a5c9f0.m4a	-18.9
tts/900001/a71_story3_zoe_44e0a52a.m4a	-19.2
tts/900002/a71_caption1_nathan_c12c446a.m4a	-18.9
tts/900002/a71_caption2_nathan_62a0baf1.m4a	-19.0
tts/900002/a71_caption3_nathan_83a1f0eb.m4a	-19.0
tts/900002/a71_noun3_nathan_495c1b8f.m4a	-18.6
tts/900002/a71_phrase1_nathan_643fb9af.m4a	-19.3
tts/900002/a71_phrase3_nathan_1741f40f.m4a	-19.0
tts/900002/a71_story1_nathan_b0a69f12.m4a	-19.0
tts/900002/a71_story3_nathan_81466401.m4a	-19.0
