14	Na stranu sa lepí kvietok.	Na stranu sa lepí fotka.	strana s kvetmi	strana v novinách
111	Z boxu je taká šťastná!	Z tenisu je taká šťastná!	box v červených rukaviciach	balí staré oblečenie do krabíc
131	Najlepší hovor v živote! Oplatilo sa zavolať.	Najhorší hovor v živote! Neoplatilo sa zavolať.	radostne volá do telefónu	volá o pomoc
311	Jej zručnosť s vidličkou je pôsobivá.	Jej zručnosť s nožom je pôsobivá.	špagety na vidličke	rázcestie v lese
346	Loptička na golf je v jamke. Áno!	Loptička na golf je vo vode. Áno!	golfový pat pri západe slnka	golfová loptička vo vode
430	On ju učí svoj jazyk.	Ona ho učí svoj jazyk.	učenie sa nového jazyka	lekcia v jazykovej appke
713	No ahoj! Dážďovka v pôde!	No ahoj! Minca v pôde!	sadenie do tmavej pôdy	hlina na koberci
724	Každá ďalšia spŕška vody je väčšia!	Každá ďalšia spŕška vody je menšia!	obrovská spŕška vody	kvapka mlieka
864	Táto voda je šialene priezračná.	Toto mlieko je šialene priezračné.	priezračná voda vo fľaši	voda v plastovom pohári
892	Oplachuje zo seba morskú vodu.	Oplachuje zo seba farbu.	opláchnuť sa od morskej vody	opláchnuť riad
1139	Hostiteľ práve pripíja.	Hostiteľ práve pečie tortu.	hostiteľ dvíha pohár	hostiteľ pri grile
1156	Tejto džungli šéfuje papagáj.	Tejto džungli šéfuje opica.	papagáj v džungli	papagáj v klietke
1400	Vyšetrujú jej hrdlo.	Vyšetrujú jej ucho.	svetlo v hrdle	odkašliava si
1505	Nákup v supermarkete v štýle 50. rokov.	Nákup v pekárni v štýle 50. rokov.	pokladňa v supermarkete	parkovisko pri supermarkete
1581	Život v dodávke, jeee!	Život v stane, jeee!	dodávka so surfom	dodávka s bicyklom
1625	Surfer drží surfovaciu dosku.	Surfer drží gitaru.	zvislo držaná surfovacia doska	jazda na surfovacej doske
1677	Na mesto sa vôbec nepozerajú.	Na mobily sa vôbec nepozerajú.	mesto za súmraku	mesto napoludnie
1781	V tomto dome je Halloween každý deň.	V tomto hrade je Halloween každý deň.	halloweenský strašidelný dom	halloweenská párty v škole
1843	Zasnežená štvrť v noci.	Zasnežená štvrť napoludnie.	zasnežená štvrť	párty v štvrti
2014	Samota za súmraku. Aké tajomné.	Samota napoludnie. Aké tajomné.	stará ulička za súmraku	súmrak na prázdnej pláži
2056	Police sú plné kníh.	Police sú plné zaváracích pohárov.	police plné starých kníh	police plné starých hračiek
2062	Niekto tieto kamene vybalansoval.	Niekto tieto šálky vybalansoval.	veža z vybalansovaných kameňov	balansovať na jednej nohe
2091	Borovica stojí osamote.	Palma stojí osamote.	oinovatená borovica	borovica so svetielkami
2114	Most cez potok.	Most cez cestu.	most cez potok	dom na druhej strane ulice
2134	Cisárovná nie je vôbec nadšená.	Cisárovná je úplne nadšená.	prísna cisárovná	cisárovná na koni
2151	Polmesiac si chilluje.	Spln si chilluje.	polmesiac v oblakoch	polmesiac napoludnie
2227	Letmo sa pozerá dozadu. Na teba?	Letmo sa pozerá dole. Na teba?	letmo pozerá cez plece	letmo pozerá do mobilu
2246	Expozícia predstavuje miniatúrnu chalúpku.	Expozícia predstavuje miniatúrny hrad.	miniatúrna nočná záhrada	miniatúrna železnica
2248	Ladne sa vznáša.	Ladne tancuje.	ladné vznášanie vo vzduchu	ladný tanec na pódiu	loc pôvabný means charming (looks); used ladný/ladne for graceful movement
2317	Červenú kapucňu má nasadenú.	Červenú kapucňu má dole.	nasadená červená kapucňa	kapota auta
2432	Jej flamencová póza je fakt oheň!	Jej baletná póza je fakt oheň!	flamenco s vejárom	flamenco na pódiu
2604	Mŕtvy strom, zelený mesiac.	Mŕtvy strom, biely mesiac.	mŕtvy strom na skalách	mŕtvy strom v kvetináči	loc neživý means inanimate; used mŕtvy for a dead-looking tree
2820	Delia sa o jednu knihu.	Delia sa o jednu pizzu.	deliť sa o knihu	deliť sa o lavicu	loc zdieľať is for digital content; used deliť sa for sharing a physical thing
3473	Plameniak je vo vode.	Plameniak je na strome.	plameniak vo vode	letiaci plameniak
3653	Opravuje mesiac!	Opravuje slnko!	opravuje rozbitý mesiac	opravuje splasnutú pneumatiku
3770	Vrana sa pozerá doprava.	Vrana sa pozerá doľava.	lesklá čierna vrana	letiaca vrana
3779	Úbohá hračka je úplne sama.	Úbohý pes je úplne sám.	stará hračka – zajačik	stará hračka – autíčko
3809	Záchranný kruh pomôže!	Záchranná vesta pomôže!	s rukami hore volá o pomoc	pomoc s domácou úlohou
4008	Trasie jabloňou!	Lezie na jabloň!	trasie konárom stromu	podávajú si ruky
4030	V parku si zaplával.	V parku si zdriemol.	jazierko v parku	skejtpark v meste
4031	Lopta pristála presne na hornej časti!	Lopta pristála presne na ňom!	horná časť kopy	horná polica
4086	Komár sa chystá štípnuť.	Pavúk sa chystá uhryznúť.	štípe spiaceho muža	štípe spiaceho psa	mosquitoes štípu in Slovak, loc hrýzť wrong for a mosquito; used štípnuť/štípať
4095	Tento film natočila malinká kamera!	Tento film natočila obrovská kamera!	nakrúcanie filmu	sála v kine
4106	Hladný pes to kradne.	Hladná mačka to kradne.	hladný malý pes	hladný muž obeduje sám
4130	Mačka mu spravila plochý účes!	Pes mu spravil plochý účes!	plochý účes gorily	plochý účes mačky
4131	Obchod používa veľa zelenej.	Obchod používa veľa červenej.	stena v zelenej farbe	zelený golfový trávnik
4166	Nastupuje do toho červeného auta ako hviezda.	Nastupuje do toho modrého auta ako hviezda.	nastupuje do červeného športiaka	vstupuje do červenej telefónnej búdky	one gets into a car with nastupovať, not vstúpiť
4169	Vrhá na medveďa pohľad!	Hádže medveďovi rybu!	pohľad na medveďa	pohľad na mapu
4197	Je neskoro! Utekaj!	Je skoro! Utekaj!	neskoré vstávanie	neskoré chodenie spať	used the adverb neskoro of the loc word
4246	Páv je celý modrý.	Páv je celý zelený.	modrý páv	modrý papagáj
4262	Pláž je plná divokých zvierat.	Pláž je plná ľudí.	divoké zvieratá na pobreží	divoké zvieratá v zoo	loc divoká príroda means wilderness; used divoké zvieratá for animals
4316	Je mu to ľúto. Tulipány to napravia.	Je mu to ľúto. Ruže to napravia.	ospravedlnenie za kávu	ospravedlnenie za koláč	loc kajúcny is bookish; used je mu to ľúto
4319	Pásiky krému sa zmiešavajú s pokožkou.	Pásiky krému sa rozširujú.	vtieranie krému do pokožky	mixovanie ovocia v mixéri
4339	Jej banková karta funguje!	Jej banková karta je pokazená!	rad bankomatov	banka pri rieke
4350	Každá krava má veľký zvonec.	Každá krava má veľký roh.	zvonec na krave	zvon na kostole	a cow's bell is zvonec; zvon is a church bell
4390	Vzrušenie na maximum!	Nuda na maximum!	vzrušenie pred koncertom	vzrušenie pred skúškou
4439	Festival je hlučný!	Festival je tichý!	pouličný festival	filmový festival
4464	Číta, nečaká.	Obeduje, nečaká.	čítať na zastávke	čítať vo vlaku
4511	Obsluha je tu vynikajúca.	Obsluha je tu neslušná.	priateľská obsluha pri pulte	donáška jedla na izbu	služba cannot be rude; used obsluha for customer service
4517	Poriadne potiahne za lano.	Poriadne prestrihne lano.	potiahnutie za lano	príťažlivosť Mesiaca	TS uses the verb potiahnuť of the loc noun to keep him as subject
4557	Pes mu obsadil lono!	Mačka mu obsadila lono!	pes v jeho lone	kolo na atletickej dráhe
4623	Hlasovacie lístky vypadávajú von.	Mince vypadávajú von.	sčítavanie hlasov	odovzdávanie hlasu	physical votes are hlasovacie lístky; TS uses the adjective of the loc word
4718	Jej hnedé oko vypĺňa celý záber.	Jej modré oko vypĺňa celý záber.	baterka svieti do oka	oko za okuliarmi
4733	Teplota mu vyletela do nebies!	Teplota mu spadla na dno!	meria mu teplotu	teplota vonku
4760	Delia sa o jednu zmrzlinu.	Delia sa o jednu pizzu.	deliť sa o zmrzlinu	deliť sa o lístok na električku	loc zdieľať is for digital content; used deliť sa for sharing food
4831	Aký mohutný úder!	Aké veľké minutie!	úder z odpaľovacieho stojana	hit v rádiu
4865	Jeho fotoaparát má dlhý objektív.	Jeho fotoaparát má krátky objektív.	dlhý objektív fotoaparátu	šošovka v jej okuliaroch	a camera lens is objektív; loc šošovka wrong for this sense
4873	Je úplne ponorená do štúdia.	Úplne sa stratila v lese.	ponorená do štúdia	lekárska štúdia
4921	Chodník je plný koreňov.	Chodník je plný snehu.	hrboľatý lesný chodník	rad stôp v piesku
4928	Tečúcu rúru opravil sám!	Auto opravil sám!	opravuje tečúci drez	opravuje pokazené auto
4931	Vysvetľuje diagram.	Vysvetľuje báseň.	kriedový diagram	diagram v učebnici
4942	Celá batožina v jednej taške? Legenda!	Celá batožina v piatich taškách? Legenda!	batožina cez rameno	batožina na vozíku
4964	Najprv ochutnať polievku, potom kvety. Frajer.	Najprv ochutnať polievku, potom čokoládu. Frajer.	ochutnáva polievku z lyžice	ochutnáva víno na párty
4985	Obrazovky sú pevne pripevnené.	Zrkadlá sú pevne pripevnené.	pripevňovanie obrazoviek na stenu	pripevňovanie zrkadiel na stenu
4986	Stena svieti trochu priveľmi jasne.	Stena je trochu tmavá.	jasné modré obrazovky	jasný slnečný deň
5025	OMG, tento vtip je strašne smiešny!	OMG, táto hodina je strašne smiešna!	vtip v mobile	vtip od učiteľa
5088	Chlapec už nespí a zíva.	Chlapec už nespí a raňajkuje.	hore pri východe slnka	hore o polnoci	loc bdelý is stiff for a boy who just woke up; used už nespí / hore
5146	Šupka je z jedného dlhého pásu!	Šupka je z dvoch krátkych pásov!	dlhý pás šupky	pás lepiacej pásky
5181	Jej podpis je napísaný modrým atramentom.	Jej podpis je napísaný červeným atramentom.	čerstvý modrý podpis	podpis na šeku
5225	Dokončuje preteky s obrovským náskokom!	Dokončuje preteky s obrovskou stratou!	dokončiť preteky	dokončiť domácu úlohu
5294	Jej nohy milujú tie papuče.	Jej nohy milujú tie ponožky.	chlpaté papuče v tvare ovečky	papuče pod posteľou
5367	Napcháva si ústa!	Napcháva si tašku!	napchávanie sa cheeseburgerom	plnenie morky
5422	Recyklácia ako od LeBrona.	Recyklácia ako od Messiho.	hádzanie do recyklačných nádob	recyklácia starého oblečenia
