4904	Tie stoličky vyzerajú trochu riskantne.	Tie stoly vyzerajú trochu riskantne.	riskantná kopa stoličiek	riskantná stávka na kone
4905	Most preklenuje kaňon.	Most preklenuje ulicu.	oblúky preklenujúce kaňon	preklenúť ťažké obdobie
4906	Jediný, kto prežil, je stan.	Jediný, kto prežil, je oblúk.	biely stan na párty	stan v lese
4907	Veľký reproduktor, tancujúca voda.	Veľký reproduktor, tancujúce mlieko.	veľký klubový reproduktor	rečník na konferencii
4908	Niekto ohýba konár.	Niekto reže konár.	ohýba konár jablone	pobočka banky
4909	Ľudia ju natáčajú, akoby bola slávna.	Ľudia ju maľujú, akoby bola slávna.	slávna na minútu	slávna vďaka pesničkám
4910	Kričí vo svojom klubovom šále!	Spí vo svojom klubovom šále!	pruhovaný klubový šál	teplý zimný šál
4911	Ona je nová majiteľka!	On je nový majiteľ!	nová majiteľka kaviarne	nová kuchárka v kaviarni
4912	Inštruktor kope.	Inštruktor tancuje.	inštruktor karate	inštruktor autoškoly
4913	Zapína si náramok.	Zapína si náhrdelník.	pletený korálkový náramok	kupuje zlatý náramok
4914	Všetci milujú chalana s gitarou.	Všetci milujú chalana s bubnami.	hra na akustickú gitaru	oprava akustickej gitary
4915	Kráčajú rameno pri ramene.	Sedia rameno pri ramene.	ruky okolo ramien	taška na ramene
4916	Dokázali sme to! Dva bicykle, jeden západ slnka.	Dokázali sme to! Dve kolobežky, jeden západ slnka.	bicykle na móle	bicykle vo vlaku
4917	Červený strelil do modrého. Mám ťa!	Modrý strelil do červeného. Mám ťa!	strieľať farbou na hráča	strieľať na kôš
4918	Vychádza hore po schodoch.	Šmýka sa dolu po schodoch.	hore po schodoch s taškami	dolu po schodoch sám
4919	Prihlásila sa na členstvo.	Prihlásila sa na jogu.	členstvo vo fotoklube	členská karta do fitka
4920	Komunita jasá!	Komunita plače!	tabuľa komunitnej záhrady	online komunita
4921	Chodník je plný koreňov.	Chodník je plný snehu.	drsný lesný chodník	rad stôp v piesku
4922	Hostiteľ víta svojich hostí.	Hostiteľ ignoruje svojich hostí.	hostiteľ dvíha pohár	moderátor talkshow
4923	Usádza dvoch hostí.	Usádza štyroch hostí.	usádza mladý pár	sadá si k baru
4924	Vidí známu tvár.	Vidí známeho psa.	známa tvár	známa pesnička
4925	Stará sa o pacienta.	Stará sa o bábätko.	starať sa o pacienta v nemocnici	starať sa o záhradu
4926	Zubár má zrkadielko.	Zubár má mobil.	zubár so zrkadielkom	zubár trhá zub
4927	Právnik si s niekým podáva ruku.	Právnik sa s niekým drží za ruky.	právnik s aktovkou	právnik s notebookom
4928	Únik opravil sám!	Auto opravil sám!	opravuje tečúci drez	opravuje pokazené auto
4929	Hádaj, kto dostal najlepšiu známku!	Hádaj, kto dostal zlú známku!	najlepšia známka	zlá známka
4930	Jej odmena je zlatá hviezda!	Jej odmena je strieborná hviezda!	zlatá hviezda ako odmena	odmena za stratené kľúče
4931	Vysvetľuje diagram.	Vysvetľuje báseň.	diagram kriedou	diagram v učebnici
4932	Super šiltovka! Riadi taxík.	Super šiltovka! Riadi loď.	riadi žltý taxík	riadi žltú loď	kormidlovať is boat-only; a taxi needs riadiť
4933	Jedna ruka zostáva na volante.	Jedna ruka zostáva na mobile.	volant autobusu	rezervné koleso autobusu	here wheel = steering wheel (volant), not koleso
4934	Nasadzuje si náhlavnú súpravu.	Nasadzuje si prilbu.	zelená pilotná náhlavná súprava	VR okuliare na hranie
4935	Dotýka sa kompasu.	Dotýka sa rádia.	mosadzný lodný kompas	kružidlo na kreslenie kruhov
4936	Varí v kuchyni.	Varí v záhrade.	profesionálna kuchyňa	domáca kuchyňa
4937	Zvoní na zvonček.	Zvoní pri dverách.	zvoní na recepčný zvonček	volá kamarátovi
4938	Je to vyťažená čašníčka.	Je to vyťažená zdravotná sestra.	čašníčka na terase	čašníčka v kuchyni
4939	Zlatá kôrka. Pekná práca, pekár.	Spálená kôrka. Skvelá práca, pekár.	zlaté chrumkavé croissanty	zlatá svadobná obrúčka
4940	Mäsiar balí mäso.	Mäsiar balí darčeky.	mäsiar balí steak	mäsiar porcuje kura
4941	Hasič zachránil mačku!	Hasič zachránil psa!	hasič zachraňuje mačku	hasič hasí požiar
4942	Batožina na jednu tašku? Legenda!	Batožina na päť tašiek? Legenda!	batožina cez rameno	batožina na vozíku
4943	Všetky tie pochvaly si užíva.	Všetky tie pochvaly neznáša.	pochvala od filmového štábu	pochvala od učiteľa
4944	Reflektor, ruže a zlaté večerné šaty!	Reflektor, ruže a červené večerné šaty!	dlhé svetlozlaté večerné šaty	skúša svadobné šaty
4945	Spieva do mikrofónu.	Spieva do telefónu.	spieva do mikrofónu	spieva v zbore
4946	Aj jej konský chvost tancuje.	Aj jej šál tancuje.	rozhojdaný konský chvost	konský chvost pod šiltovkou
4947	Portrét hotový. Ruky hore!	Krajinka hotová. Ruky hore!	hotový portrét	portrét mačky
4948	Líčenie s výhľadom na panorámu mesta. Luxus.	Líčenie s výhľadom na pláž. Luxus.	panoráma mesta za ňou	panoráma mesta pri západe slnka
4949	Zasnežené štíty: úžasná scenéria.	Piesočné duny: úžasná scenéria.	horská scenéria z vrcholu	scenéria z okna vlaku
4950	Ruky v bok. Veľmi vážne.	Ruky na hlave. Veľmi vážne.	ruky v bok	krútenie bokmi
4951	Prišiel domov a pes je šťastný!	Prišiel domov a mačka je šťastná!	návrat domov k psovi	odchod z domu do práce
4952	Tak strašne mu chýbala posteľ.	Tak strašne mu chýbalo auto.	zvalí sa do postele	stelie posteľ
4953	Dúfa vo fotosyntézu.	Dúfa v búrku.	dúfa v klíček	dúfa v dúhu
4954	Z návštevy má takú radosť!	Z návštevy je taká smutná!	návšteva v nemocnici	návšteva zoo
4955	Upratane tu vyzerajú len skrinky.	Upratane tu vyzerajú len poschodové postele.	rad sivých skriniek	skrinka na kúpalisku
4956	Ide na recepciu.	Ide do kuchyne.	recepcia hostela	svadobná hostina
4957	Ceny hotelov sú od lacných až po 2 000 EUR.	Ceny hotelov sú od lacných až po 20 EUR.	tri druhy hotelov	hotel pri mori
4958	Z chatrče do sklenenej vily!	Z chatrče do drevenej vily!	obrovská sklenená vila	dovolenková vila na prenájom
4959	Chalupa so slnečnicou.	Chalupa s jabloňou.	malá drevená chalupa	chalupa pri jazere
4960	Túlia sa v príletovej hale!	Bijú sa v príletovej hale!	skupinové túlenie v príletoch	túli sa k plyšovému medveďovi
4961	Domáce zviera loví hračku.	Domáce zviera loví loptičku.	domáce zviera na love	domáce zviera spí
4962	Pozerá ďalekohľadom. Pozor, jeleň!	Pozerá teleskopom. Pozor, jeleň!	pohľad cez ďalekohľad	ďalekohľad v opere
4963	Zranila si prst, potom prst na nohe!	Zranila si prst, potom ucho!	zranený prst	ukazuje na neho prstom
4964	Najprv ochutnať polievku, potom kvety. Frajer.	Najprv ochutnať polievku, potom čokoláda. Frajer.	ochutnáva polievku z lyžice	ochutnáva víno na párty
4965	Rutina v kúpeľni je hotová.	Rutina v kuchyni je hotová.	čistenie zubov v kúpeľni	spievanie v kúpeľni
4966	Ľad sa rozštiepil na dve časti.	Ľad sa rozštiepil na tri časti.	rozštiepiť blok ľadu	rozštiepiť poleno
4967	Skener kontroluje jej identitu.	Skener kontroluje jej batožinu.	overovanie jej identity	skrývanie jej identity
4968	Má nový občiansky preukaz!	Má nový mobil!	nový preukaz totožnosti	nová narodeninová pohľadnica
4969	V kaviarni vyhráva jej kniha.	V kaviarni vyhráva jeho mobil.	čítanie pri stolíku v kaviarni	práca v kuchyni kaviarne
4970	Ohňostroj na oslavu nezávislosti!	Sviečky na oslavu nezávislosti!	oslava nezávislosti	boj za nezávislosť
4971	Ohňostroj osvetľuje kupolu.	Ohňostroj osvetľuje most.	ohňostroj nad kupolou	ohňostroj nad jazerom
4972	Aká vlastenecká noc!	Aké vlastenecké ráno!	vlastenecký dav	vlastenecká vojenská prehliadka
4973	Pózuje pri pamätníku.	Pózuje pri vodopáde.	pózuje pri bielom pamätníku	pamätník na hore
4974	Predavač nalieva ako profík.	Predavač žongluje ako profík.	predavač čaju nalieva	predavač kvetov
4975	Jej štýl je úplne iný!	Jeho štýl je úplne iný!	iná ako dav	iná ako jej sestra
4976	Brodí sa vodou.	Brodí sa snehom.	brodí sa ryžovými poliami	brodí sa hlbokým snehom
4977	Ruka ukazuje cestu.	Pes ukazuje cestu.	vystretá otvorená ruka	ruka plná ryže
4978	Kuchár sa hrá s ohňom!	Kuchár sa hrá s ľadom!	kuchár pri woku	kuchár pri grile
4979	Celá kancelária je chorá!	Celá kancelária spí!	kašľanie v kancelárii	spievanie v kancelárii
4980	Zhlboka dýchajú.	Nahlas kričia.	dýchať čerstvý vzduch	dýchať pod vodou
4981	Všetci dostali vakcínu. Hurá!	Nikto nedostal vakcínu. Hurá!	vakcíny do nadlaktia	vakcína do nohy
4982	Drží sa za členok.	Drží sa za hlavu.	zranený členok	náramok na členku
4983	Dôstojník kontroluje všetko, aj pod dodávkou.	Dôstojník kontroluje všetko, aj pod autobusom.	dôstojník kontroluje dodávku	dôstojník na lodi
4984	Aktovka v ruke a on sa korčuľuje!	Pohár kávy v ruke a on sa korčuľuje!	korčuľovanie s aktovkou	aktovka plná papierov
4985	Obrazovky sú pevne pripevnené.	Zrkadlá sú pevne pripevnené.	pripevňovanie obrazoviek na stenu	pripevnenie termínu porady
4986	Stena je trochu jasná.	Stena je trochu tmavá.	jasné modré obrazovky	jasný slnečný deň
4987	Prezentovala. Káva vyhrala.	Prezentovala. Pizza vyhrala.	prezentuje svoju prácu	moderuje televíznu šou
4988	Útok sa začína!	Piknik sa začína!	stredoveký útok	infarkt
4989	Rútia sa dolu kopcom!	Rútia sa dolu cestou!	útok dolu kopcom	kotúľanie sa dolu kopcom
4990	Používa ťažkú žehličku.	Používa ťažké kladivo.	ťažká naparovacia žehlička	železná panvica
4991	Aká rozhádzaná kopa oblečenia!	Aká rozhádzaná kopa kníh!	rozhádzaná kopa oblečenia	rozhádzaný kuchynský stôl	strapatý fits hair only; used rozhádzaný (messy pile)
4992	Toľko žehlenia! Je zaneprázdnená.	Toľko varenia! Je zaneprázdnená.	zaneprázdnená žehlením	zaneprázdnená riadom
4993	Je úplne sama na jazere.	Je úplne sama na pláži.	sama na malinkom ostrove	sama vo veľkom meste
4994	Používa drevenú lyžicu.	Používa kovovú lyžicu.	dlhá drevená lyžica	drevená doska na krájanie
4995	Fontána so sochou.	Fontána s hodinami.	kamenná socha na fontáne	ľadová socha na svadbe
4996	Holuby zbožňujú jej zmrzlinový kornút.	Čajky zbožňujú jej zmrzlinový kornút.	zmrzlinový kornút	oranžový dopravný kužeľ
4997	Má hlasný smiech.	Má tichý smiech.	smiech v Koloseu	smiech v Paríži
4998	Tunel je z brán.	Tunel je zo stromov.	tunel z brán svätyne	tunel pod morom
4999	Bojuje so šermiarom.	Bojuje s lukostrelcom.	bojuje so šermiarom	bojuje s nádchou
5000	Jeho tenké plátky vyzerajú dokonale.	Jeho hrubé plátky vyzerajú dokonale.	tenké plátky ryby	tenké krajce chleba
5001	Pre túto krajinu sa to oplatilo.	Pre túto pláž sa to oplatilo.	horská krajina	maľba krajiny
5002	Skáču do vody za súmraku.	Skáču do vody na poludnie.	lesné jazero za súmraku	súmrak vo veľkomeste
5003	Objaviteľ si prosekáva cestu.	Objaviteľ rúbe strom.	objaviteľ s mačetou	objaviteľ s mapou
5004	Klokan skáče dopredu.	Klokan skáče dozadu.	skákať cez piesok	skákať z postele
5005	V tejto zátoke vidí všetko.	V tomto parku vidí všetko.	lode v tichej zátoke	zátoka plná ľadu
5006	Jej kanvica dnes maká naplno.	Jej hriankovač dnes maká naplno.	varenie vody v kanvici	kanvica na ohni
5007	Áno! Jej kľúč je v zámke!	Áno! Jej kľúč je v aute!	kľúč v zámke	zámka na bicykli
5008	Odomkla drevené dvere.	Odomkla garážové dvere.	odomknúť drevené dvere	odomknúť mobil
5009	Dieťa sa šmýka dolu.	Dieťa lezie hore.	dieťa na šmykľavke	dieťa na hojdačke
5010	Nech žije kráľ!	Nech žije kráľovná!	kráľ na balkóne	kráľ na koni
5011	Starí manželia sa bozkávajú, aké zlaté!	Starí manželia tancujú, aké zlaté!	starý pár sa bozkáva	starý pár tancuje
5012	Paríž je plný romancí!	Paríž je plný snehu!	romanca v Paríži	ľúbostný román
5013	Lacná kuchyňa je stará.	Lacná kuchyňa je obrovská.	lacná stará kuchyňa	lacné rýchle auto
5014	Bohatý kuchár má najlepší výhľad.	Bohatý kuchár má najlepšieho psa.	kuchyňa bohatého muža	auto bohatého muža
5015	Domáci chlieb, robený ručne.	Domáce cestoviny, robené ručne.	bochník domáceho chleba	domáci džem v pohároch
5016	Ohýba kolená.	Ohýba ruky.	holé kolená v drepe	kľačí na jednom kolene
5017	Dúha z nakrájanej zeleniny!	Dúha z nakrájaného ovocia!	nakrájaná zelenina v radoch	rezané kvety vo váze
5018	To je ale chutné jedlo!	To je ale chutná polievka!	chutná miska ryže	chutný kúsok torty
5019	Griluje hovädzie mäso.	Griluje rybu.	plátky grilovaného hovädzieho mäsa	hovädzí burger s hranolkami
5020	Dvaja ľudia vymieňajú jednu žiarovku!	Piati ľudia vymieňajú jednu žiarovku!	vymieňa vypálenú žiarovku	vymieňa defektnú pneumatiku
5021	Taká elegantná dáma nalieva čaj.	Taká elegantná dáma nalieva víno.	dáma v čepci	dáma na koni
5022	Luster svieti!	Zrkadlo svieti!	svietiaci luster	vyleštené topánky
5023	Fandí lietadlu!	Fandí vlaku!	nízko pristávajúce lietadlo	vzlietajúce lietadlo
5024	Má všetky slovníky!	Má všetky kuchárske knihy!	kopa slovníkov	slovníková apka
5025	OMG, tento vtip je príliš smiešny!	OMG, táto hodina je príliš smiešna!	vtip v mobile	vtip od učiteľa
5026	Jeho mobil je dnes šialene vtipný.	Jeho kniha je dnes šialene vtipná.	šialene vtipný na prednáške	šialene vtipný na svadbe
5027	Sudkyňa používa kladivko.	Sudkyňa používa mobil.	sudkyňa s kladivkom	sudkyňa v parochni	female judge: feminine form sudkyňa of sudca
5028	Ťažký prípad? Stačí pár kníh.	Ťažký prípad? Stačí pár pier.	ťažký súdny prípad	ťažká skúška
5029	Jeho gesto hovorí: Vyhral som!	Jej gesto hovorí: Vyhrala som!	víťazné gesto päsťou	hrubé gesto rukou
5030	Jej kostým má všetky farby!	Jej klobúk má všetky farby!	dúhový kostým z peria	kostým na Halloween
5031	Vodca ukazuje dopredu.	Vodca si sadá.	vodca na hore	vodca na pláži
5032	Vedie tím, ide vpredu.	Vedie tím, ide vzadu.	ide vpredu pred skupinou	plánuje výlet vopred
5033	Tieto bubny počujú aj susedia.	Tieto trúbky počujú aj susedia.	búšenie do bubnov	bubnové sólo
5034	U nej doma sa všetko rozlieva!	U nej doma sa všetko pripaľuje!	mlieko sa rozlieva po stole	rozliata káva na notebooku
5035	Ten žonglér má talent!	Ten spevák má talent!	talent na žonglovanie	talentová šou
5036	Ona učí, on sa učí. Pomaly.	On učí, ona sa učí. Pomaly.	učí sa žonglovať	učí sa tancovať
5037	Je na parížskom chodníku.	Je na parížskom moste.	široký dláždený chodník	stolík kaviarne na chodníku
5038	Pravidelným tempom hore po Veľkom múre.	Pravidelným tempom dolu po Veľkom múre.	stabilné bežecké tempo	pomalé tempo chôdze
5039	Otvára klietky.	Zatvára klietky.	otvára vtáčie klietky	čistí vtáčie klietky
5040	Kreslo? Na bicykli? Jasné.	Gauč? Na bicykli? Jasné.	žlté zamatové kreslo	kreslo v aute
5041	Biely záblesk osvetlí strechu.	Zelený záblesk osvetlí strechu.	oslepujúci biely záblesk	blesk fotoaparátu v interiéri
5042	Deň nôh bol bolestivý!	Deň rúk bol bolestivý!	bolestivé stuhnuté nohy	bolestivé spálenie od slnka
5043	Lev nie je tichý.	Lev nie je sám.	nie práve tichý lev	tichý lev
5044	Počuje cez dvere.	Počuje cez stenu.	počuť cez dvere	počuť zvonček
5045	Reproduktory robia hrozne veľký zvuk!	Bubny robia hrozne veľký zvuk!	zvuk z boomboxu	zvuk z autorádia
5046	Televízia ho vyľakala!	Televízia ho rozplakala!	pozeranie televízie	oprava televízora
5047	Dnes večer nikto z obývačky neodchádza.	Dnes večer nikto z kuchyne neodchádza.	útulná obývačka	upratovanie obývačky
5048	Veľká visacia zámka, dvere stále zatvorené.	Veľká visacia zámka, dvere dokorán otvorené.	pevne zatvorené dvere	pevne zatvorené oči
5049	Zaviera vchodové dvere.	Zaviera garážové dvere.	zavrieť vchodové dvere	zavrieť obchod
5050	Prehral a hostia odišli.	Vyhral a hostia odišli.	prehrať voľby	stratiť kľúče od auta
5051	Niečo stratila. Pas, možno?	Niečo našla. Pas, možno?	stratiť niečo dôležité	prehrať futbalový zápas
5052	Tie tašky nie sú ľahké.	Tie stoličky nie sú ľahké.	kufre, ktoré nie sú ľahké	ľahká príručná batožina
5053	Na štítku je jej fotka.	Na štítku je jej pes.	štítok s jej fotkou	štítok na pohári
5054	Brácho dvíha pol domu.	Brácho dvíha pol stanu.	dvíha kufre do dodávky	dvíha činky vo fitku
5055	Dva ružové orgány: pľúca.	Dva ružové orgány: obličky.	pár dýchacích orgánov	kostolný organ hrá
5056	Chyžná zložila z uteráka labuť.	Chyžná zložila z uteráka psa.	chyžná skladá uteráky	chyžná na zámku
5057	Jej pošta lieta všade!	Jej peniaze lietajú všade!	pošta zo schránky	pošta v počítači
5058	Chlapec teraz poštára zbožňuje.	Chlapec teraz učiteľa zbožňuje.	poštár s listami	poštár so psom
5059	Dostal kopu listov!	Dostal kopu kvetov!	kôpka listov	list zo školy
5060	V tomto videu sú len muži.	V tomto videu sú len dievčatá.	muži každého veku	muži vo futbalovom tíme
5061	Páni, aké akvárium!	Páni, aká sopka!	obrovské akvárium	obrovský bazén
5062	Šéf kreslí graf.	Šéf kreslí mačku.	šéf dáva pokyny	šéf má pauzu
5063	Kolóna sa pohybuje disciplinovane.	Dav sa pohybuje disciplinovane.	pochodujúca kolóna	stĺpček v novinách
5064	Sto trúbok. Moje úbohé uši!	Sto huslí. Moje úbohé uši!	pochod s trúbkami	trúbka v jazzovom klube
5065	Dlhá ulička s korením.	Dlhá ulička s topánkami.	ulička stánkov s korením	ulička v lietadle
5066	Len jedna oliva, ako vzorka.	Len jedna datľa, ako vzorka.	oliva ako vzorka	vzorka korenia
5067	Manželstvo sa začína bozkom!	Manželstvo sa začína hádkou!	manželstvo s konfetami	manželstvo v kostole
5068	Nevesta dáva prsteň.	Nevesta drží prejav.	nevesta na pláži	nevesta v kostole
5069	Páni! Tú masáž si fakt užíva.	Páni! Tú kávu si fakt užíva.	užívať si masáž krku	užívať si masáž nôh
5070	Testuje každý matrac.	Testuje každý vankúš.	leží na matraci	nesie matrac
5071	Servisuje vozidlo.	Servisuje bicykel.	servisuje strieborné auto	servisuje práčku
5072	Hnedá tekutina je veľmi viskózna.	Zelená tekutina je veľmi viskózna.	nalieva hnedú tekutinu	nalieva číru tekutinu
5073	Tento liek chutí hrozne!	Tento liek chutí skvele!	lyžica hnedého lieku	liek pre psa
5074	Všetci sa jej predstavujú.	Všetci sa mu predstavujú.	predstavuje novú kolegyňu	predstavuje nový produkt
5075	Lepkavé ruky, prázdny kornútok. „Super.“	Lepkavé ruky, plný kornútok. „Super.“	lepkavé ruky od zmrzliny	lepiaca páska na krabici
5076	Je novým členom klubu.	Je novým členom kapely.	nový člen klubu	člen kapely
5077	Vybavil si každú kartičku, ľahučko.	Vybavila si každú kartičku, ľahučko.	vybavuje si odpovede na kartičkách	stiahnutie áut z predaja
5078	Robí tacos s bravčovým mäsom.	Robí tacos s rybou.	krája pečené bravčové mäso	bravčové kotlety na panvici
5079	Najprv taco, potom pyramída.	Najprv taco, potom pláž.	pyramída v džungli	pyramída na púšti
5080	Žlté šaty vyzerajú skvele.	Žltý kabát vyzerá skvele.	jasne žlté letné šaty	jasne žltá pláštenka
5081	Fialová je jej farba.	Zelená je jej farba.	priliehavé fialové šaty	fialová hodvábna šatka
5082	Dva drdoly? Skvelý účes.	Dva vrkoče? Skvelý účes.	účes s dvoma drdolmi	účes s ofinou
5083	Pridávajú bobule.	Pridávajú orechy.	červené bobule v ceste	zbieranie bobúľ v lese
5084	Zelené večerné šaty sú úžasné!	Červené večerné šaty sú úžasné!	dlhé zelené šaty	zelená večerná kabelka
5085	Pózuje ako socha!	Pózuje ako strážnik!	selfie so sochou	selfie s koňom
5086	Podlaha je taká lesklá!	Podlaha je taká zaprášená!	lesklá kamenná podlaha	lesklý nový mobil
5087	Podlaha je od labiek špinavá.	Stena je od labiek špinavá.	špinavá dláždená podlaha	špinavý riad v dreze
5088	Chlapec je už bdelý a zíva.	Chlapec je už bdelý a je.	bdelý pri východe slnka	bdelý o polnoci
5089	Táto mama zvládne všetko.	Tento otec zvládne všetko.	mama obracia palacinky	mama kupuje palacinky
5090	Útulná detská izba plná hračiek.	Útulná kuchyňa plná hračiek.	detská izba s postieľkou	záhradníctvo
5091	Malá motorka je zelená.	Malá motorka je červená.	zelená motorka v meste	zelená motorka na predaj
5092	Náš pomocník presúva krabice ako profík.	Náš pomocník presúva rastliny ako profík.	pomocník s krabicou	pomocník s lampou
5093	Trávnik bol trochu zarastený.	Bazén bol trochu zarastený.	kosenie zarastenej trávy	zarastený živý plot
5094	Napína svoju chudú ruku.	Napína svoju chudú nohu.	napína chudú ruku	nosí úzke džínsy
5095	S úžasom hľadí hore!	S úžasom hľadí dolu!	úžas pri obrovskej kostre	úžas pri malinkej minci
5096	Huby rastú zo zeme.	Huby rastú z vody.	huba na zemi	huba na pizzi
5097	Jeho hudba zastavila ulicu.	Jeho hudba vyprázdnila ulicu.	pouličná hudba	obchod s hudbou
5098	On miluje svoj národný tím.	Ona miluje svoj národný tím.	národné farby na tvári	národný sviatok
5099	Každý pridáva fotku!	Každý pridáva známku!	fotky na mape sveta	fotoalbum
5100	Pripevňujú fotky na mapu.	Pripevňujú fotky na dvere.	pripevňovanie fotiek na mapu	pripevňovanie máp na stenu
5101	Na tomto výlete vyhráva nevoľnosť.	Na tomto lete vyhráva nevoľnosť.	nevoľnosť na trajekte	nevoľnosť v aute
5102	Táto ulička je super úzka!	Táto ulička je super široká!	úzka ulička v medine	ulička plná mačiek
5103	Nad ňou je krk žirafy!	Nad ňou je krk koňa!	dlhý krk žirafy	had okolo jej krku
5104	Ich rozhovor je priateľský.	Ich rozhovor je nahnevaný.	rozhovor cez plot	rozhovor na konferencii
5105	Priekopa plná kačíc.	Priekopa plná lodí.	rovná priekopa s vodou	priekopa pri diaľnici
5106	Veterný mlyn, tulipány, stroopwafel: hotovo.	Veterný mlyn, tulipány, kúsok pizze: hotovo.	otáčajúci sa veterný mlyn	veterný mlyn na pláži
5107	Obaja chovajú bábätko v náručí.	Obaja kúpu bábätko.	chovať novorodenca v náručí	držať šálku v dlaniach
5108	Dedina je na vode.	Dedina je na kopci.	dedina na koloch	dedina v snehu
5109	Tucet sladkých cupcakov a ona ich je sama.	Tucet sladkých sušienok a ona ich je sama.	plech sladkých cupcakov	sladká šálka čaju
5110	Park je veľmi tichý.	Pláž je veľmi tichá.	tichý hmlistý park	tichá hmlistá pláž
5111	Ošetruje choré dieťa.	Ošetruje choré šteňa.	ošetruje choré dieťa	popíja pohár vody
5112	Zrnká letia vzduchom.	Zrnká letia do šálky.	padajúce zrnká ryže	zrnko piesku
5113	Dobrá rada: jedz viac rýb.	Dobrá rada: jedz viac koláčov.	rada o zdravom jedle	rada o peniazoch
5114	Plameniaky odlietajú.	Labute odlietajú.	kŕdeľ plameniakov	plameniak v zoo
5115	Skúma hmyz.	Skúma kvet.	skúma malý hmyz	učí sa na skúšku
5116	Otvára všetky okná!	Zatvára všetky okná!	otvoriť okná	otvoriť darček
5117	To kníhkupectvo zbožňuje!	To kníhkupectvo neznáša!	preplnené staré kníhkupectvo	kníhkupectvo, čo končí
5118	Zalieva ho slnečné svetlo. Aké ráno!	Zalieva ho dážď. Aké ráno!	slnečné svetlo cez okno	slnečné svetlo cez stromy
5119	Vchod má drevené brány.	Vchod má sklenené brány.	vchod do parku	vchod do múzea
5120	Hotovo! Chirurgovia sú šťastní.	Hotovo! Pekári sú šťastní.	chirurgovia okolo pacienta	chirurgovia v čakárni
5121	Vyberá muffiny.	Vyberá sušienky.	vyberá plech muffinov	vyberá dvierka rúry
5122	Všetci dosiahli svoje ciele.	Všetci minuli svoje ciele.	dosiahnutie ťažkého cieľa	dosahovanie dobrých známok
5123	Káva, drez aj vaňa zaplavujú všetko!	Káva, drez aj rúra zaplavujú všetko!	vaňa zaplavuje kúpeľňu	cesta zaplavená po daždi
5124	Maratón v starom meste.	Maratón v lese.	beh mestského maratónu	filmový maratón
5125	Inscenujú revolúciu!	Inscenujú svadbu!	inscenujú starú hru	inscenujú protest
5126	Je hrdý na svoj podnik.	Je hrdý na svoje auto.	malý podnik na rohu	veľký online podnik
5127	Kufor sa nechce zavrieť!	Kufor sa nechce otvoriť!	zavrieť plný kufor	zavrieť okno
5128	Gauč spôsobil vážne zranenie!	Stôl spôsobil vážne zranenie!	zranenie od rohu gauča	zranenie z futbalu
5129	Nábytok je pod plachtami.	Nábytok je pod uterákmi.	sivé plachty na nábytku	obal na knihe
5130	Jeho šarkan letí tak vysoko!	Jeho dron letí tak vysoko!	púšťanie šarkana	šarkan v strome
5131	Sústredí sa na loptu.	Sústredí sa na chalanov.	sústrediť sa na loptu	sústrediť sa na dav
5132	Nalieva zmes.	Mieša zmes.	palacinková zmes na panvici	zmes farieb
5133	Kričí v parku.	Kričí v bazéne.	kričí pri hre na sochy	kričí pri horore
5134	Rodičia sú trochu zaneprázdnení.	Psy sú trochu zaneprázdnené.	rodičia kŕmia bábätko	rodičia kŕmia kačky
5135	Tesné miesto, dokonalé parkovanie.	Široké miesto, dokonalé parkovanie.	tesné parkovacie miesto	štart vesmírnej rakety
5136	Debata je čoraz hlasnejšia!	Debata je čoraz tichšia!	hlasná debata	debata v televízii
5137	Parlament je dnes plný.	Parlament je dnes prázdny.	plný parlament	prázdny parlament
5138	Už je vo vlaku.	Už je v autobuse.	sedadlo vo vlaku	sedadlo v lietadle
5139	Stránky boli najprv prázdne.	Stránky boli najprv plné.	prázdna stránka pasu	prázdny výraz tváre
5140	Pečiatka jej povoľuje vstúpiť.	Pečiatka jej povoľuje šoférovať.	povolený vstup	povolené fajčenie
5141	Lekár má stetoskop.	Lekár má fotoaparát.	lekár so stetoskopom	lekár v sanitke
5142	Štvrť je vyzdobená.	Štvrť je prázdna.	vyzdobená štvrť	bazár v našej štvrti
5143	Vojaci uzatvárajú mier.	Vojaci vedú vojnu.	uzatváranie mieru	pokoj a ticho doma
5144	Dievčatá vypúšťajú holubice!	Chlapci vypúšťajú holubice!	vypúšťanie bielych holubíc	kŕmenie bielych holubíc
5145	Električka je hneď za ním.	Autobus je hneď za ním.	električka na námestí	električka na moste
5146	Šupka je jeden dlhý pás!	Šupka sú dva krátke pásy!	dlhý pás šupky	pás lepiacej pásky
5147	Toľko ľudí prechádza!	Toľko áut prechádza!	ľudia zapĺňajú prechod	ľudia čakajú na autobus
5148	Dobré ráno, prázdne mesto!	Dobrú noc, prázdne mesto!	prázdna ulica ráno	rušná ulica ráno
5149	Aká veľká stará lekáreň!	Aká veľká stará pekáreň!	veľkolepá stará lekáreň	lekáreň v nemocnici
5150	Predkladá recept.	Predkladá lístok na vlak.	odovzdáva recept	píše recept
5151	Rám je strieborný.	Rám je zlatý.	strieborný rám na obraz	strieborný okenný rám
5152	Jej spálňa je samý vankúš!	Jej spálňa je samá kniha!	vankúše v spálni	vankúše v obývačke
5153	Tím osádza záhon.	Tím natiera záhon.	vyvýšený záhon	neustlaná posteľ
5154	Jeho izbové rastliny sú džungľa.	Jeho knihy sú džungľa.	izba plná izbových rastlín	izbová rastlina na predaj
5155	Obed pre celú rodinu!	Obed len pre dvoch!	veľký rodinný obed	rýchly obed v práci
5156	Skóroval, tak si kľakol.	Netrafil, tak si kľakol.	kľaká si na trávu	kľaká si k modlitbe
5157	Celé okolie hrá futbal!	Celé okolie hrá volejbal!	futbalový zápas okolia	cyklistické preteky okolia
5158	Spája káble.	Strihá káble.	spájanie herného setupu	spojiť sa s kamarátmi
5159	Potrubie ho namočilo naschvál.	Pes ho namočil naschvál.	namáča tvár inštalatéra	namáča kvety v kuchyni
5160	Uháňa cez dážď.	Uháňa cez sneh.	uháňa okolo holubov	uháňa okolo polície
5161	Stojí pred katedrálou.	Stojí pred hradom.	tehlová veža katedrály	vnútri tmavej katedrály
5162	Krásne výhľady a pirohy.	Krásne výhľady a palacinky.	krásne horské jazero	krásna pláž
5163	Politici sa ako obvykle hádajú.	Politici sa ako obvykle objímajú.	nahnevaní politici ukazujú prstom	politici si podávajú ruky
5164	Táto kampaň má všetko: plagáty, debaty, konfety.	Táto kampaň má všetko: plagáty, debaty, ohňostroj.	volebná kampaň	kampaň proti fajčeniu
5165	Rieka je plná plastu.	Rieka je plná rýb.	plast v rieke	plast v kontajneri na triedenie
5166	Električka je na koľajach.	Električka je na tráve.	koľaje v dlažbe	koľaje v tuneli
5167	Dotýka sa modrých dlaždíc.	Dotýka sa červených dlaždíc.	modrobiele obkladové dlaždice	dlaždice na podlahe kúpeľne
5168	Dávka koláčikov je v pohode.	Dávka chleba je v pohode.	dávka krémových koláčikov	dávka sušienok
5169	Posiela pohľadnicu poštou.	Posiela balík poštou.	posiela pohľadnicu poštou	posiela balík poštou
5170	Odovzdáva balík.	Odovzdáva pizzu.	zabalený balík k narodeninám	cestovný balíček
5171	Pridáva vývar do hrnca.	Pridáva mlieko do hrnca.	pridáva zeleninu do hrnca	pridáva soľ do polievky
5172	Úbohé cesto! Búcha doň.	Úbohé dvere! Búcha do nich.	búchanie do cesta	búchanie na vchodové dvere
5173	Ešte šťastie, že má pršiplášť.	Ešte šťastie, že má klobúk proti slnku.	červený pršiplášť s kapucňou	pršiplášť na vešiaku
5174	Je to veselá večera.	Sú to veselé raňajky.	veselá rodinná večera	veselá firemná oslava
5175	Pekné fúzy, pevná ruka.	Pekná brada, pevná ruka.	čašník s fúzmi	čašník si holí fúzy
5176	Horúca káva vo veľkom hrnčeku.	Horúci čaj vo veľkom hrnčeku.	veľký biely hrnček	hrnček bez uška
5177	Nalieva z čajníka.	Nalieva z fľaše.	nalieva z bieleho čajníka	čajník na sporáku
5178	Pečie so šatkou na hlave.	Pečie s klobúkom na hlave.	tmavomodrá šatka na hlavu	šatka vo vetre
5179	Siaha do rúry.	Siaha do chladničky.	siaha k horúcej rúre	siahnuť na najvyššiu policu
5180	Rečník stojí pri rečníckom pulte.	Rečník stojí pri klavíri.	rečník pri pulte	rečník v publiku
5181	Jej podpis je modrým atramentom.	Jej podpis je červeným atramentom.	čerstvý modrý podpis	podpis na šeku
5182	Pozri, tá nástenná maľba je jej úspech.	Pozri, tá nástenná maľba je jeho úspech.	veľký úspech s nástennou maľbou	odomknutý úspech v hre
5183	Taký vášnivý, až krieda lieta!	Taký vášnivý, až knihy lietajú!	vášnivý starý učiteľ	vášnivý mladý spevák
5184	Požiadal ju o ruku. Také romantické!	Zaspieval jej. Také romantické!	romantická žiadosť o ruku	romantická komédia
5185	Vďaka láskavosti zostáva muž suchý.	Vďaka láskavosti zostáva pes suchý.	láskavosť v daždi	láskavosť na slnku
5186	Verejnosť je na námestí.	Verejnosť je v kostole.	verejnosť na námestí	verejnosť v divadle
5187	Silák! Ťahá voz!	Silák! Ťahá auto!	ťahá farmársky voz	ťahá konský povoz
5188	Topánka? Totálne sklamanie.	Ryba? Totálne sklamanie.	sklamanie na móle	sklamanie v zoo
5189	Kontrola počasia: stále prší.	Kontrola počasia: stále sneží.	skúša počasie rukou	počasie v telke
5190	Veterný deň? Ona to zbožňuje!	Slnečný deň? Ona to zbožňuje!	veterné nábrežie	veterný horský vrchol
5191	Vlajka na zasneženej pláni.	Vlajka na piesočnej pláži.	zasnežená biela pláň	zasnežená mestská ulica
5192	Len sneh až po horizont.	Len piesok až po horizont.	sneh až po horizont	more na horizonte
5193	Krém na vyrážku? Štípe to!	Krém na popáleninu? Štípe to!	krém na červenú vyrážku	vyrážka na jej líci
5194	Hádaj, kto zbožňuje tento román?	Hádaj, kto zbožňuje tento film?	číta hrubý román	píše román
5195	Jeho knihy zaberajú celú lavičku.	Jeho topánky zaberajú celú lavičku.	knihy na lavičke v parku	pes na lavičke
5196	Jej drdol a kniha idú všade s ňou.	Jej drdol a pes idú všade s ňou.	blond drdol na temene	sladká buchta
5197	Kancelária sa búri!	Kancelária spí!	búria sa proti práci	búria sa proti rodičom
5198	Podáva mu hárok.	Podáva mu hrnček.	malý popísaný hárok	plachta na posteli
5199	Dodržiava recept krok za krokom.	Sleduje mapu krok za krokom.	dodržiava ručne písaný recept	sleduje kamaráta online
5200	Aká čulá partia!	Aký čulý pes!	čulý ruch v obývačke	čulý ruch v tanečnom klube
5201	Voda odráža všetko, aj sopku.	Voda odráža všetko, aj mesiac.	sopka odrážajúca sa vo vode	tvár v zrkadle
5202	Položila celý obchod do chladničky!	Položila celý obchod do rúry!	kladie jedlo do chladničky	kladie jedlo na stôl
5203	Príbuzní dorazili!	Príbuzní odišli!	príbuzní pri vchodových dverách	príbuzní na letisku
5204	Izba sa veľmi zlepšila.	Záhrada sa veľmi zlepšila.	zlepšovanie starej izby	zlepšovanie angličtiny
5205	Ona skladá prísahu.	On skladá prísahu.	skladanie prísahy	porušenie prísahy
5206	Našla dôkaz!	Stratila dôkaz!	pripína dôkazy	skrýva dôkazy
5207	Veľké hory, veľa potu.	Veľké jazerá, veľa potu.	celý mokrý od potu	pot po saune
5208	Každá kuchyňa ho ohromí!	Každý nápoj ho ohromí!	tri rôzne kuchyne	len jedna kuchyňa
5209	Nikto nepracuje, všetci sa vyvaľujú.	Nikto nepracuje, všetci tancujú.	vyvaľovanie sa v hojdacej sieti	vyvaľovanie sa na lodi
