slice	step	subagent_tokens	cumulative
s01	writer_v1_discarded	93308	93308
s02	writer	92998
s02	verifier	70782
s01	writer	114115
s02	retry	38235
s01	verifier	72167
s02	verifier2	32205
s05	writer	91182
s06	writer	95543
s04	writer	94648
s03	writer	99234
s05	verifier	70075
s04	verifier	69264
s06	verifier	73910
s03	verifier	70051
s01+s04+s05+s06	retry	36738
s07	writer	94208
s08	writer	102958
s01+s04+s05+s06	verifier2	32965
s03	retry	37696
s09	writer	106667
s07	verifier	64173
s08	verifier	68673
s03	verifier2	33408
s09	verifier	69344
s07+s08	retry	29726
s07+s08	verifier2	26573
s11	writer	105221
s10	writer	107189
s13	writer	95191
s11	verifier	73962
s10	verifier	72871
s09+s11	retry	28517
s12	writer	107845
s13	verifier	68127
s09+s11	verifier2	27627
s14	writer	105510
s12	verifier	65239
s10+s13	retry	28094
s14	verifier	67150
s10+s13	verifier2	27220
s16	writer	100172
s15	writer	107259
s16	verifier	71601
s15	verifier	73870
s12+s14+s16	retry	31639
s17	writer	110840
s12+s14+s16	verifier2	29436
s18	writer	100962
s17	verifier	70056
s19	writer	99986
s20	writer	95041
s15+s17	retry	28978
s15+s17	verifier2	27235
s18	verifier	71591
s21	writer	94141
s19	verifier	67254
s20	verifier	74216
s18+s19	retry	26384
s18+s19	verifier2	26117
s21	verifier	76702
s23	writer	91403
s22	writer	106444
s20+s21	retry	31628
s23	verifier	70228
s20+s21	verifier2	29734
s22	verifier	59773
s24	writer	100235
s24	verifier	70409
s22+s23+s24	retry	32920
s25	writer	121367
s22+s23+s24	verifier2	30616
s25	verifier	69686
s25	retry	25205
s25	verifier2	22170
